{
	"credit": "Made with Blockbench",
	"texture_size": [256, 256],
	"textures": {
		"1": "block/gray_concrete",
		"2": "block/custom/wintertraum_balls",
		"particle": "block/custom/wintertraum_balls"
	},
	"elements": [
		{
			"from": [-2.5, 2.5625, -3.07873],
			"to": [18.5, 13.0625, 17.92127],
			"rotation": {"angle": 22.5, "axis": "x", "origin": [8, 12.125, 7.42127]},
			"faces": {
				"north": {"uv": [3.9375, 7.25, 4.8125, 7.6875], "texture": "#2"},
				"east": {"uv": [7.25, 6, 8.125, 6.4375], "texture": "#2"},
				"south": {"uv": [4.8125, 7.3125, 5.6875, 7.75], "texture": "#2"},
				"west": {"uv": [5.6875, 7.4375, 6.5625, 7.875], "texture": "#2"},
				"up": {"uv": [7.9375, 7.4375, 7.0625, 6.5625], "texture": "#2"},
				"down": {"uv": [1.75, 7.125, 0.875, 8], "texture": "#2"}
			}
		},
		{
			"from": [-0.25, 13.0625, -0.82873],
			"to": [16.25, 16.8125, 15.67127],
			"rotation": {"angle": 22.5, "axis": "x", "origin": [8, 12.125, 7.42127]},
			"faces": {
				"north": {"uv": [7.125, 1.9375, 7.8125, 2.125], "texture": "#2"},
				"east": {"uv": [7.1875, 3.9375, 7.875, 4.125], "texture": "#2"},
				"south": {"uv": [7.1875, 4.125, 7.875, 4.3125], "texture": "#2"},
				"west": {"uv": [7.3125, 4.5, 8, 4.6875], "texture": "#2"},
				"up": {"uv": [7.8125, 1.9375, 7.125, 1.25], "texture": "#2"},
				"down": {"uv": [0.6875, 7.1875, 0, 7.875], "texture": "#2"}
			}
		},
		{
			"from": [-0.25, -1.1875, -0.82873],
			"to": [16.25, 2.5625, 15.67127],
			"rotation": {"angle": 22.5, "axis": "x", "origin": [8, 12.125, 7.42127]},
			"faces": {
				"north": {"uv": [2.25, 7.5, 2.9375, 7.6875], "texture": "#2"},
				"east": {"uv": [7.5, 4.6875, 8.1875, 4.875], "texture": "#2"},
				"south": {"uv": [7.5, 4.875, 8.1875, 5.0625], "texture": "#2"},
				"west": {"uv": [7.5625, 0.6875, 8.25, 0.875], "texture": "#2"},
				"up": {"uv": [7.875, 5.875, 7.1875, 5.1875], "texture": "#2"},
				"down": {"uv": [7.9375, 0, 7.25, 0.6875], "texture": "#2"}
			}
		},
		{
			"from": [2, 16.8125, 1.42127],
			"to": [14, 19.8125, 13.42127],
			"rotation": {"angle": 22.5, "axis": "x", "origin": [8, 12.125, 7.42127]},
			"faces": {
				"north": {"uv": [7.25, 6.4375, 7.75, 6.5625], "texture": "#2"},
				"east": {"uv": [5.6875, 7.3125, 6.1875, 7.4375], "texture": "#2"},
				"south": {"uv": [7.375, 2.5, 7.875, 2.625], "texture": "#2"},
				"west": {"uv": [7.5, 5.0625, 8, 5.1875], "texture": "#2"},
				"up": {"uv": [2.25, 7.6875, 1.75, 7.1875], "texture": "#2"},
				"down": {"uv": [3.75, 7.3125, 3.25, 7.8125], "texture": "#2"}
			}
		},
		{
			"from": [2, -4.1875, 1.42127],
			"to": [14, -1.1875, 13.42127],
			"rotation": {"angle": 22.5, "axis": "x", "origin": [8, 12.125, 7.42127]},
			"faces": {
				"north": {"uv": [7.5, 5.875, 8, 6], "texture": "#2"},
				"east": {"uv": [7.5625, 0.875, 8.0625, 1], "texture": "#2"},
				"south": {"uv": [7.5625, 1, 8.0625, 1.125], "texture": "#2"},
				"west": {"uv": [7.5625, 1.125, 8.0625, 1.25], "texture": "#2"},
				"up": {"uv": [7.0625, 7.9375, 6.5625, 7.4375], "texture": "#2"},
				"down": {"uv": [7.5625, 7.4375, 7.0625, 7.9375], "texture": "#2"}
			}
		},
		{
			"from": [5.75, 19.8125, 5.17127],
			"to": [10.25, 23.5625, 9.67127],
			"rotation": {"angle": 22.5, "axis": "x", "origin": [8, 12.125, 7.42127]},
			"faces": {
				"north": {"uv": [0.6875, 7.1875, 0.875, 7.375], "texture": "#2"},
				"east": {"uv": [3.75, 7.3125, 3.9375, 7.5], "texture": "#2"},
				"south": {"uv": [0.6875, 7.375, 0.875, 7.5625], "texture": "#2"},
				"west": {"uv": [2.9375, 7.5, 3.125, 7.6875], "texture": "#2"},
				"up": {"uv": [3.9375, 7.6875, 3.75, 7.5], "texture": "#2"},
				"down": {"uv": [0.875, 7.5625, 0.6875, 7.75], "texture": "#2"}
			}
		},
		{
			"name": "hexadecagon",
			"from": [7.625, 20.82564, 14.31946],
			"to": [8.375, 21.72075, 15.06946],
			"rotation": {"angle": -22.5, "axis": "x", "origin": [8, 12.125, 7.42127]},
			"faces": {
				"north": {"uv": [9.125, 2.625, 9.25, 2.75], "texture": "#1", "cullface": "up"},
				"east": {"uv": [9.125, 2.625, 9.25, 2.75], "texture": "#1", "cullface": "up"},
				"south": {"uv": [9.125, 2.625, 9.25, 2.75], "texture": "#1", "cullface": "up"},
				"west": {"uv": [9.125, 2.625, 9.25, 2.75], "texture": "#1", "cullface": "up"},
				"up": {"uv": [9.125, 2.625, 9.25, 2.75], "texture": "#1", "cullface": "up"},
				"down": {"uv": [9.125, 2.625, 9.25, 2.75], "texture": "#1", "cullface": "up"}
			}
		},
		{
			"name": "hexadecagon",
			"from": [7.625, 23.63014, 10.12223],
			"to": [8.375, 24.52525, 10.87223],
			"rotation": {"angle": 0, "axis": "x", "origin": [8, 12.125, 7.42127]},
			"faces": {
				"north": {"uv": [9.5, 2.625, 9.625, 2.75], "texture": "#1", "cullface": "up"},
				"east": {"uv": [9.5, 2.625, 9.625, 2.75], "texture": "#1", "cullface": "up"},
				"south": {"uv": [9.5, 2.625, 9.625, 2.75], "texture": "#1", "cullface": "up"},
				"west": {"uv": [9.5, 2.625, 9.625, 2.75], "texture": "#1", "cullface": "up"},
				"up": {"uv": [9.5, 2.625, 9.625, 2.75], "texture": "#1", "cullface": "up"},
				"down": {"uv": [9.5, 2.625, 9.625, 2.75], "texture": "#1", "cullface": "up"}
			}
		},
		{
			"name": "hexadecagon",
			"from": [7.625, 24.61495, 5.17127],
			"to": [8.375, 25.51006, 5.92127],
			"rotation": {"angle": 22.5, "axis": "x", "origin": [8, 12.125, 7.42127]},
			"faces": {
				"north": {"uv": [3.125, 10, 3.25, 10.125], "texture": "#1", "cullface": "up"},
				"east": {"uv": [3.125, 10, 3.25, 10.125], "texture": "#1", "cullface": "up"},
				"south": {"uv": [3.125, 10, 3.25, 10.125], "texture": "#1", "cullface": "up"},
				"west": {"uv": [3.125, 10, 3.25, 10.125], "texture": "#1", "cullface": "up"},
				"up": {"uv": [3.125, 10, 3.25, 10.125], "texture": "#1", "cullface": "up"},
				"down": {"uv": [3.125, 10, 3.25, 10.125], "texture": "#1", "cullface": "up"}
			}
		},
		{
			"name": "hexadecagon",
			"from": [7.625, 23.63014, 0.2203],
			"to": [8.375, 24.52525, 0.9703],
			"rotation": {"angle": 45, "axis": "x", "origin": [8, 12.125, 7.42127]},
			"faces": {
				"north": {"uv": [2.375, 10.125, 2.5, 10.25], "texture": "#1", "cullface": "up"},
				"east": {"uv": [2.375, 10.125, 2.5, 10.25], "texture": "#1", "cullface": "up"},
				"south": {"uv": [2.375, 10.125, 2.5, 10.25], "texture": "#1", "cullface": "up"},
				"west": {"uv": [2.375, 10.125, 2.5, 10.25], "texture": "#1", "cullface": "up"},
				"up": {"uv": [2.375, 10.125, 2.5, 10.25], "texture": "#1", "cullface": "up"},
				"down": {"uv": [2.375, 10.125, 2.5, 10.25], "texture": "#1", "cullface": "up"}
			}
		},
		{
			"name": "hexadecagon",
			"from": [7.625, 22.77319, 16.1219],
			"to": [8.375, 23.52319, 17.01701],
			"rotation": {"angle": -22.5, "axis": "x", "origin": [8, 12.125, 7.42127]},
			"faces": {
				"north": {"uv": [3.125, 10.125, 3.25, 10.25], "rotation": 180, "texture": "#1", "cullface": "up"},
				"east": {"uv": [3.125, 10.125, 3.25, 10.25], "rotation": 270, "texture": "#1", "cullface": "up"},
				"south": {"uv": [3.125, 10.125, 3.25, 10.25], "texture": "#1", "cullface": "up"},
				"west": {"uv": [3.125, 10.125, 3.25, 10.25], "rotation": 90, "texture": "#1", "cullface": "up"},
				"up": {"uv": [3.125, 10.125, 3.25, 10.25], "rotation": 180, "texture": "#1", "cullface": "up"},
				"down": {"uv": [3.125, 10.125, 3.25, 10.25], "texture": "#1", "cullface": "up"}
			}
		},
		{
			"name": "hexadecagon",
			"from": [7.625, 20.82564, 18.06946],
			"to": [8.375, 21.72075, 18.81946],
			"rotation": {"angle": -22.5, "axis": "x", "origin": [8, 12.125, 7.42127]},
			"faces": {
				"north": {"uv": [10.25, 9.875, 10.375, 10], "texture": "#1", "cullface": "up"},
				"east": {"uv": [10.25, 9.875, 10.375, 10], "texture": "#1", "cullface": "up"},
				"south": {"uv": [10.25, 9.875, 10.375, 10], "texture": "#1", "cullface": "up"},
				"west": {"uv": [10.25, 9.875, 10.375, 10], "texture": "#1", "cullface": "up"},
				"up": {"uv": [10.25, 9.875, 10.375, 10], "texture": "#1", "cullface": "up"},
				"down": {"uv": [10.25, 9.875, 10.375, 10], "texture": "#1", "cullface": "up"}
			}
		},
		{
			"name": "hexadecagon",
			"from": [7.625, 23.63014, 13.87223],
			"to": [8.375, 24.52525, 14.62223],
			"rotation": {"angle": 0, "axis": "x", "origin": [8, 12.125, 7.42127]},
			"faces": {
				"north": {"uv": [9.375, 10.5, 9.5, 10.625], "texture": "#1", "cullface": "up"},
				"east": {"uv": [9.375, 10.5, 9.5, 10.625], "texture": "#1", "cullface": "up"},
				"south": {"uv": [9.375, 10.5, 9.5, 10.625], "texture": "#1", "cullface": "up"},
				"west": {"uv": [9.375, 10.5, 9.5, 10.625], "texture": "#1", "cullface": "up"},
				"up": {"uv": [9.375, 10.5, 9.5, 10.625], "texture": "#1", "cullface": "up"},
				"down": {"uv": [9.375, 10.5, 9.5, 10.625], "texture": "#1", "cullface": "up"}
			}
		},
		{
			"name": "hexadecagon",
			"from": [7.625, 24.61495, 8.92127],
			"to": [8.375, 25.51006, 9.67127],
			"rotation": {"angle": 22.5, "axis": "x", "origin": [8, 12.125, 7.42127]},
			"faces": {
				"north": {"uv": [1.875, 10.75, 2, 10.875], "texture": "#1", "cullface": "up"},
				"east": {"uv": [1.875, 10.75, 2, 10.875], "texture": "#1", "cullface": "up"},
				"south": {"uv": [1.875, 10.75, 2, 10.875], "texture": "#1", "cullface": "up"},
				"west": {"uv": [1.875, 10.75, 2, 10.875], "texture": "#1", "cullface": "up"},
				"up": {"uv": [1.875, 10.75, 2, 10.875], "texture": "#1", "cullface": "up"},
				"down": {"uv": [1.875, 10.75, 2, 10.875], "texture": "#1", "cullface": "up"}
			}
		},
		{
			"name": "hexadecagon",
			"from": [7.625, 23.63014, 3.9703],
			"to": [8.375, 24.52525, 4.7203],
			"rotation": {"angle": 45, "axis": "x", "origin": [8, 12.125, 7.42127]},
			"faces": {
				"north": {"uv": [9.25, 10.875, 9.375, 11], "texture": "#1", "cullface": "up"},
				"east": {"uv": [9.25, 10.875, 9.375, 11], "texture": "#1", "cullface": "up"},
				"south": {"uv": [9.25, 10.875, 9.375, 11], "texture": "#1", "cullface": "up"},
				"west": {"uv": [9.25, 10.875, 9.375, 11], "texture": "#1", "cullface": "up"},
				"up": {"uv": [9.25, 10.875, 9.375, 11], "texture": "#1", "cullface": "up"},
				"down": {"uv": [9.25, 10.875, 9.375, 11], "texture": "#1", "cullface": "up"}
			}
		},
		{
			"name": "hexadecagon",
			"from": [7.625, 19.02319, 16.1219],
			"to": [8.375, 19.77319, 17.01701],
			"rotation": {"angle": -22.5, "axis": "x", "origin": [8, 12.125, 7.42127]},
			"faces": {
				"north": {"uv": [9.375, 11, 9.5, 11.125], "rotation": 180, "texture": "#1", "cullface": "up"},
				"east": {"uv": [9.375, 11, 9.5, 11.125], "rotation": 270, "texture": "#1", "cullface": "up"},
				"south": {"uv": [9.375, 11, 9.5, 11.125], "texture": "#1", "cullface": "up"},
				"west": {"uv": [9.375, 11, 9.5, 11.125], "rotation": 90, "texture": "#1", "cullface": "up"},
				"up": {"uv": [9.375, 11, 9.5, 11.125], "rotation": 180, "texture": "#1", "cullface": "up"},
				"down": {"uv": [9.375, 11, 9.5, 11.125], "texture": "#1", "cullface": "up"}
			}
		},
		{
			"name": "hexadecagon",
			"from": [7.625, 21.82769, 11.92468],
			"to": [8.375, 22.57769, 12.81979],
			"rotation": {"angle": 0, "axis": "x", "origin": [8, 12.125, 7.42127]},
			"faces": {
				"north": {"uv": [11.125, 9.875, 11.25, 10], "texture": "#1", "cullface": "up"},
				"east": {"uv": [11.125, 9.875, 11.25, 10], "texture": "#1", "cullface": "up"},
				"south": {"uv": [11.125, 9.875, 11.25, 10], "texture": "#1", "cullface": "up"},
				"west": {"uv": [11.125, 9.875, 11.25, 10], "texture": "#1", "cullface": "up"},
				"up": {"uv": [11.125, 9.875, 11.25, 10], "texture": "#1", "cullface": "up"},
				"down": {"uv": [11.125, 9.875, 11.25, 10], "texture": "#1", "cullface": "up"}
			}
		},
		{
			"name": "hexadecagon",
			"from": [7.625, 21.82769, 2.02274],
			"to": [8.375, 22.57769, 2.91785],
			"rotation": {"angle": 45, "axis": "x", "origin": [8, 12.125, 7.42127]},
			"faces": {
				"north": {"uv": [1.875, 11.375, 2, 11.5], "texture": "#1", "cullface": "up"},
				"east": {"uv": [1.875, 11.375, 2, 11.5], "texture": "#1", "cullface": "up"},
				"south": {"uv": [1.875, 11.375, 2, 11.5], "texture": "#1", "cullface": "up"},
				"west": {"uv": [1.875, 11.375, 2, 11.5], "texture": "#1", "cullface": "up"},
				"up": {"uv": [1.875, 11.375, 2, 11.5], "texture": "#1", "cullface": "up"},
				"down": {"uv": [1.875, 11.375, 2, 11.5], "texture": "#1", "cullface": "up"}
			}
		},
		{
			"name": "hexadecagon",
			"from": [7.625, 25.57769, 11.92468],
			"to": [8.375, 26.32769, 12.81979],
			"rotation": {"angle": 0, "axis": "x", "origin": [8, 12.125, 7.42127]},
			"faces": {
				"north": {"uv": [9.375, 11.5, 9.5, 11.625], "texture": "#1", "cullface": "up"},
				"east": {"uv": [9.375, 11.5, 9.5, 11.625], "texture": "#1", "cullface": "up"},
				"south": {"uv": [9.375, 11.5, 9.5, 11.625], "texture": "#1", "cullface": "up"},
				"west": {"uv": [9.375, 11.5, 9.5, 11.625], "texture": "#1", "cullface": "up"},
				"up": {"uv": [9.375, 11.5, 9.5, 11.625], "texture": "#1", "cullface": "up"},
				"down": {"uv": [9.375, 11.5, 9.5, 11.625], "texture": "#1", "cullface": "up"}
			}
		},
		{
			"name": "hexadecagon",
			"from": [7.625, 26.5625, 6.97371],
			"to": [8.375, 27.3125, 7.86882],
			"rotation": {"angle": 22.5, "axis": "x", "origin": [8, 12.125, 7.42127]},
			"faces": {
				"north": {"uv": [11.875, 7.875, 12, 8], "texture": "#1", "cullface": "up"},
				"east": {"uv": [11.875, 7.875, 12, 8], "texture": "#1", "cullface": "up"},
				"south": {"uv": [11.875, 7.875, 12, 8], "texture": "#1", "cullface": "up"},
				"west": {"uv": [11.875, 7.875, 12, 8], "texture": "#1", "cullface": "up"},
				"up": {"uv": [11.875, 7.875, 12, 8], "texture": "#1", "cullface": "up"},
				"down": {"uv": [11.875, 7.875, 12, 8], "texture": "#1", "cullface": "up"}
			}
		},
		{
			"name": "hexadecagon",
			"from": [7.625, 25.57769, 2.02274],
			"to": [8.375, 26.32769, 2.91785],
			"rotation": {"angle": 45, "axis": "x", "origin": [8, 12.125, 7.42127]},
			"faces": {
				"north": {"uv": [12.375, 7.875, 12.5, 8], "texture": "#1", "cullface": "up"},
				"east": {"uv": [12.375, 7.875, 12.5, 8], "texture": "#1", "cullface": "up"},
				"south": {"uv": [12.375, 7.875, 12.5, 8], "texture": "#1", "cullface": "up"},
				"west": {"uv": [12.375, 7.875, 12.5, 8], "texture": "#1", "cullface": "up"},
				"up": {"uv": [12.375, 7.875, 12.5, 8], "texture": "#1", "cullface": "up"},
				"down": {"uv": [12.375, 7.875, 12.5, 8], "texture": "#1", "cullface": "up"}
			}
		}
	],
	"display": {
		"thirdperson_righthand": {
			"rotation": [46, 0, 0],
			"scale": [0.2, 0.2, 0.2]
		},
		"firstperson_righthand": {
			"translation": [0, 0, 1.25],
			"scale": [0.2, 0.2, 0.2]
		},
		"gui": {
			"rotation": [25, 41, 0],
			"translation": [0, -1, 0],
			"scale": [0.35, 0.35, 0.35]
		},
		"head": {
			"rotation": [16, 46, -33],
			"translation": [0, 21.25, 0],
			"scale": [1.75, 1.75, 1.75]
		}
	},
	"groups": [
		{
			"name": "purple",
			"origin": [3.5, 7.375, 10.61418],
			"color": 0,
			"nbt": "{}",
			"children": [0, 1, 2, 3, 4, 5, 6, 7, 8, 9, 10, 11, 12, 13, 14, 15, 16, 17, 18, 19, 20]
		}
	]
}