{
	"credit": "Made with Blockbench",
	"texture_size": [256, 256],
	"textures": {
		"1": "block/gray_concrete",
		"2": "block/custom/wintertraum_balls",
		"particle": "block/custom/wintertraum_balls"
	},
	"elements": [
		{
			"from": [-2.5, 2.5625, -3.07873],
			"to": [18.5, 13.0625, 17.92127],
			"rotation": {"angle": 22.5, "axis": "x", "origin": [8, 12.125, 7.42127]},
			"faces": {
				"north": {"uv": [8.25, 0.6875, 9.125, 1.125], "texture": "#2"},
				"east": {"uv": [7.375, 8.3125, 8.25, 8.75], "texture": "#2"},
				"south": {"uv": [8.25, 8.3125, 9.125, 8.75], "texture": "#2"},
				"west": {"uv": [1.75, 8.375, 2.625, 8.8125], "texture": "#2"},
				"up": {"uv": [6.5, 9, 5.625, 8.125], "texture": "#2"},
				"down": {"uv": [7.375, 8.125, 6.5, 9], "texture": "#2"}
			}
		},
		{
			"from": [-0.25, 13.0625, -0.82873],
			"to": [16.25, 16.8125, 15.67127],
			"rotation": {"angle": 22.5, "axis": "x", "origin": [8, 12.125, 7.42127]},
			"faces": {
				"north": {"uv": [8.125, 7.0625, 8.8125, 7.25], "texture": "#2"},
				"east": {"uv": [8.125, 7.25, 8.8125, 7.4375], "texture": "#2"},
				"south": {"uv": [3.625, 8.375, 4.3125, 8.5625], "texture": "#2"},
				"west": {"uv": [8.375, 3.9375, 9.0625, 4.125], "texture": "#2"},
				"up": {"uv": [1.75, 8.6875, 1.0625, 8], "texture": "#2"},
				"down": {"uv": [8.875, 4.4375, 8.1875, 5.125], "texture": "#2"}
			}
		},
		{
			"from": [-0.25, -1.1875, -0.82873],
			"to": [16.25, 2.5625, 15.67127],
			"rotation": {"angle": 22.5, "axis": "x", "origin": [8, 12.125, 7.42127]},
			"faces": {
				"north": {"uv": [8.375, 4.125, 9.0625, 4.3125], "texture": "#2"},
				"east": {"uv": [4.3125, 8.4375, 5, 8.625], "texture": "#2"},
				"south": {"uv": [8.4375, 6.5625, 9.125, 6.75], "texture": "#2"},
				"west": {"uv": [8.4375, 6.75, 9.125, 6.9375], "texture": "#2"},
				"up": {"uv": [8.9375, 6.5625, 8.25, 5.875], "texture": "#2"},
				"down": {"uv": [0.6875, 8.3125, 0, 9], "texture": "#2"}
			}
		},
		{
			"from": [2, 16.8125, 1.42127],
			"to": [14, 19.8125, 13.42127],
			"rotation": {"angle": 22.5, "axis": "x", "origin": [8, 12.125, 7.42127]},
			"faces": {
				"north": {"uv": [8.0625, 1.125, 8.5625, 1.25], "texture": "#2"},
				"east": {"uv": [8.375, 4.3125, 8.875, 4.4375], "texture": "#2"},
				"south": {"uv": [8.375, 5.75, 8.875, 5.875], "texture": "#2"},
				"west": {"uv": [8.4375, 0.5625, 8.9375, 0.6875], "texture": "#2"},
				"up": {"uv": [5.625, 8.75, 5.125, 8.25], "texture": "#2"},
				"down": {"uv": [3.625, 8.3125, 3.125, 8.8125], "texture": "#2"}
			}
		},
		{
			"from": [2, -4.1875, 1.42127],
			"to": [14, -1.1875, 13.42127],
			"rotation": {"angle": 22.5, "axis": "x", "origin": [8, 12.125, 7.42127]},
			"faces": {
				"north": {"uv": [8.4375, 6.9375, 8.9375, 7.0625], "texture": "#2"},
				"east": {"uv": [8.4375, 7.4375, 8.9375, 7.5625], "texture": "#2"},
				"south": {"uv": [8.4375, 7.5625, 8.9375, 7.6875], "texture": "#2"},
				"west": {"uv": [8.4375, 7.6875, 8.9375, 7.8125], "texture": "#2"},
				"up": {"uv": [8.875, 2.625, 8.375, 2.125], "texture": "#2"},
				"down": {"uv": [3.125, 8.375, 2.625, 8.875], "texture": "#2"}
			}
		},
		{
			"from": [5.75, 19.8125, 5.17127],
			"to": [10.25, 23.5625, 9.67127],
			"rotation": {"angle": 22.5, "axis": "x", "origin": [8, 12.125, 7.42127]},
			"faces": {
				"north": {"uv": [8, 4.4375, 8.1875, 4.625], "texture": "#2"},
				"east": {"uv": [8.0625, 0.875, 8.25, 1.0625], "texture": "#2"},
				"south": {"uv": [7.375, 8.0625, 7.5625, 8.25], "texture": "#2"},
				"west": {"uv": [0.875, 8.1875, 1.0625, 8.375], "texture": "#2"},
				"up": {"uv": [0.875, 8.5, 0.6875, 8.3125], "texture": "#2"},
				"down": {"uv": [1.0625, 8.375, 0.875, 8.5625], "texture": "#2"}
			}
		},
		{
			"name": "hexadecagon",
			"from": [7.625, 20.82564, 14.31946],
			"to": [8.375, 21.72075, 15.06946],
			"rotation": {"angle": -22.5, "axis": "x", "origin": [8, 12.125, 7.42127]},
			"faces": {
				"north": {"uv": [4.6875, 1.3125, 4.625, 1.25], "texture": "#1", "cullface": "up"},
				"east": {"uv": [4.6875, 1.3125, 4.625, 1.25], "texture": "#1", "cullface": "up"},
				"south": {"uv": [4.6875, 1.3125, 4.625, 1.25], "texture": "#1", "cullface": "up"},
				"west": {"uv": [4.6875, 1.3125, 4.625, 1.25], "texture": "#1", "cullface": "up"},
				"up": {"uv": [4.6875, 1.3125, 4.625, 1.25], "texture": "#1", "cullface": "up"},
				"down": {"uv": [4.6875, 1.3125, 4.625, 1.25], "texture": "#1", "cullface": "up"}
			}
		},
		{
			"name": "hexadecagon",
			"from": [7.625, 23.63014, 10.12223],
			"to": [8.375, 24.52525, 10.87223],
			"rotation": {"angle": 0, "axis": "x", "origin": [8, 12.125, 7.42127]},
			"faces": {
				"north": {"uv": [4.875, 1.3125, 4.8125, 1.25], "texture": "#1", "cullface": "up"},
				"east": {"uv": [4.875, 1.3125, 4.8125, 1.25], "texture": "#1", "cullface": "up"},
				"south": {"uv": [4.875, 1.3125, 4.8125, 1.25], "texture": "#1", "cullface": "up"},
				"west": {"uv": [4.875, 1.3125, 4.8125, 1.25], "texture": "#1", "cullface": "up"},
				"up": {"uv": [4.875, 1.3125, 4.8125, 1.25], "texture": "#1", "cullface": "up"},
				"down": {"uv": [4.875, 1.3125, 4.8125, 1.25], "texture": "#1", "cullface": "up"}
			}
		},
		{
			"name": "hexadecagon",
			"from": [7.625, 24.61495, 5.17127],
			"to": [8.375, 25.51006, 5.92127],
			"rotation": {"angle": 22.5, "axis": "x", "origin": [8, 12.125, 7.42127]},
			"faces": {
				"north": {"uv": [1.6875, 5.0625, 1.625, 5], "texture": "#1", "cullface": "up"},
				"east": {"uv": [1.6875, 5.0625, 1.625, 5], "texture": "#1", "cullface": "up"},
				"south": {"uv": [1.6875, 5.0625, 1.625, 5], "texture": "#1", "cullface": "up"},
				"west": {"uv": [1.6875, 5.0625, 1.625, 5], "texture": "#1", "cullface": "up"},
				"up": {"uv": [1.6875, 5.0625, 1.625, 5], "texture": "#1", "cullface": "up"},
				"down": {"uv": [1.6875, 5.0625, 1.625, 5], "texture": "#1", "cullface": "up"}
			}
		},
		{
			"name": "hexadecagon",
			"from": [7.625, 23.63014, 0.2203],
			"to": [8.375, 24.52525, 0.9703],
			"rotation": {"angle": 45, "axis": "x", "origin": [8, 12.125, 7.42127]},
			"faces": {
				"north": {"uv": [1.3125, 5.125, 1.25, 5.0625], "texture": "#1", "cullface": "up"},
				"east": {"uv": [1.3125, 5.125, 1.25, 5.0625], "texture": "#1", "cullface": "up"},
				"south": {"uv": [1.3125, 5.125, 1.25, 5.0625], "texture": "#1", "cullface": "up"},
				"west": {"uv": [1.3125, 5.125, 1.25, 5.0625], "texture": "#1", "cullface": "up"},
				"up": {"uv": [1.3125, 5.125, 1.25, 5.0625], "texture": "#1", "cullface": "up"},
				"down": {"uv": [1.3125, 5.125, 1.25, 5.0625], "texture": "#1", "cullface": "up"}
			}
		},
		{
			"name": "hexadecagon",
			"from": [7.625, 22.77319, 16.1219],
			"to": [8.375, 23.52319, 17.01701],
			"rotation": {"angle": -22.5, "axis": "x", "origin": [8, 12.125, 7.42127]},
			"faces": {
				"north": {"uv": [1.6875, 5.125, 1.625, 5.0625], "rotation": 180, "texture": "#1", "cullface": "up"},
				"east": {"uv": [1.6875, 5.125, 1.625, 5.0625], "rotation": 270, "texture": "#1", "cullface": "up"},
				"south": {"uv": [1.6875, 5.125, 1.625, 5.0625], "texture": "#1", "cullface": "up"},
				"west": {"uv": [1.6875, 5.125, 1.625, 5.0625], "rotation": 90, "texture": "#1", "cullface": "up"},
				"up": {"uv": [1.6875, 5.125, 1.625, 5.0625], "rotation": 180, "texture": "#1", "cullface": "up"},
				"down": {"uv": [1.6875, 5.125, 1.625, 5.0625], "texture": "#1", "cullface": "up"}
			}
		},
		{
			"name": "hexadecagon",
			"from": [7.625, 20.82564, 18.06946],
			"to": [8.375, 21.72075, 18.81946],
			"rotation": {"angle": -22.5, "axis": "x", "origin": [8, 12.125, 7.42127]},
			"faces": {
				"north": {"uv": [2.625, 5.25, 2.5625, 5.1875], "texture": "#1", "cullface": "up"},
				"east": {"uv": [2.625, 5.25, 2.5625, 5.1875], "texture": "#1", "cullface": "up"},
				"south": {"uv": [2.625, 5.25, 2.5625, 5.1875], "texture": "#1", "cullface": "up"},
				"west": {"uv": [2.625, 5.25, 2.5625, 5.1875], "texture": "#1", "cullface": "up"},
				"up": {"uv": [2.625, 5.25, 2.5625, 5.1875], "texture": "#1", "cullface": "up"},
				"down": {"uv": [2.625, 5.25, 2.5625, 5.1875], "texture": "#1", "cullface": "up"}
			}
		},
		{
			"name": "hexadecagon",
			"from": [7.625, 23.63014, 13.87223],
			"to": [8.375, 24.52525, 14.62223],
			"rotation": {"angle": 0, "axis": "x", "origin": [8, 12.125, 7.42127]},
			"faces": {
				"north": {"uv": [5.3125, 5, 5.25, 4.9375], "texture": "#1", "cullface": "up"},
				"east": {"uv": [5.3125, 5, 5.25, 4.9375], "texture": "#1", "cullface": "up"},
				"south": {"uv": [5.3125, 5, 5.25, 4.9375], "texture": "#1", "cullface": "up"},
				"west": {"uv": [5.3125, 5, 5.25, 4.9375], "texture": "#1", "cullface": "up"},
				"up": {"uv": [5.3125, 5, 5.25, 4.9375], "texture": "#1", "cullface": "up"},
				"down": {"uv": [5.3125, 5, 5.25, 4.9375], "texture": "#1", "cullface": "up"}
			}
		},
		{
			"name": "hexadecagon",
			"from": [7.625, 24.61495, 8.92127],
			"to": [8.375, 25.51006, 9.67127],
			"rotation": {"angle": 22.5, "axis": "x", "origin": [8, 12.125, 7.42127]},
			"faces": {
				"north": {"uv": [4.6875, 5.4375, 4.625, 5.375], "texture": "#1", "cullface": "up"},
				"east": {"uv": [4.6875, 5.4375, 4.625, 5.375], "texture": "#1", "cullface": "up"},
				"south": {"uv": [4.6875, 5.4375, 4.625, 5.375], "texture": "#1", "cullface": "up"},
				"west": {"uv": [4.6875, 5.4375, 4.625, 5.375], "texture": "#1", "cullface": "up"},
				"up": {"uv": [4.6875, 5.4375, 4.625, 5.375], "texture": "#1", "cullface": "up"},
				"down": {"uv": [4.6875, 5.4375, 4.625, 5.375], "texture": "#1", "cullface": "up"}
			}
		},
		{
			"name": "hexadecagon",
			"from": [7.625, 23.63014, 3.9703],
			"to": [8.375, 24.52525, 4.7203],
			"rotation": {"angle": 45, "axis": "x", "origin": [8, 12.125, 7.42127]},
			"faces": {
				"north": {"uv": [4.75, 5.5, 4.6875, 5.4375], "texture": "#1", "cullface": "up"},
				"east": {"uv": [4.75, 5.5, 4.6875, 5.4375], "texture": "#1", "cullface": "up"},
				"south": {"uv": [4.75, 5.5, 4.6875, 5.4375], "texture": "#1", "cullface": "up"},
				"west": {"uv": [4.75, 5.5, 4.6875, 5.4375], "texture": "#1", "cullface": "up"},
				"up": {"uv": [4.75, 5.5, 4.6875, 5.4375], "texture": "#1", "cullface": "up"},
				"down": {"uv": [4.75, 5.5, 4.6875, 5.4375], "texture": "#1", "cullface": "up"}
			}
		},
		{
			"name": "hexadecagon",
			"from": [7.625, 19.02319, 16.1219],
			"to": [8.375, 19.77319, 17.01701],
			"rotation": {"angle": -22.5, "axis": "x", "origin": [8, 12.125, 7.42127]},
			"faces": {
				"north": {"uv": [5.5625, 5, 5.5, 4.9375], "rotation": 180, "texture": "#1", "cullface": "up"},
				"east": {"uv": [5.5625, 5, 5.5, 4.9375], "rotation": 270, "texture": "#1", "cullface": "up"},
				"south": {"uv": [5.5625, 5, 5.5, 4.9375], "texture": "#1", "cullface": "up"},
				"west": {"uv": [5.5625, 5, 5.5, 4.9375], "rotation": 90, "texture": "#1", "cullface": "up"},
				"up": {"uv": [5.5625, 5, 5.5, 4.9375], "rotation": 180, "texture": "#1", "cullface": "up"},
				"down": {"uv": [5.5625, 5, 5.5, 4.9375], "texture": "#1", "cullface": "up"}
			}
		},
		{
			"name": "hexadecagon",
			"from": [7.625, 21.82769, 11.92468],
			"to": [8.375, 22.57769, 12.81979],
			"rotation": {"angle": 0, "axis": "x", "origin": [8, 12.125, 7.42127]},
			"faces": {
				"north": {"uv": [0.9375, 5.6875, 0.875, 5.625], "texture": "#1", "cullface": "up"},
				"east": {"uv": [0.9375, 5.6875, 0.875, 5.625], "texture": "#1", "cullface": "up"},
				"south": {"uv": [0.9375, 5.6875, 0.875, 5.625], "texture": "#1", "cullface": "up"},
				"west": {"uv": [0.9375, 5.6875, 0.875, 5.625], "texture": "#1", "cullface": "up"},
				"up": {"uv": [0.9375, 5.6875, 0.875, 5.625], "texture": "#1", "cullface": "up"},
				"down": {"uv": [0.9375, 5.6875, 0.875, 5.625], "texture": "#1", "cullface": "up"}
			}
		},
		{
			"name": "hexadecagon",
			"from": [7.625, 21.82769, 2.02274],
			"to": [8.375, 22.57769, 2.91785],
			"rotation": {"angle": 45, "axis": "x", "origin": [8, 12.125, 7.42127]},
			"faces": {
				"north": {"uv": [4.6875, 5.75, 4.625, 5.6875], "texture": "#1", "cullface": "up"},
				"east": {"uv": [4.6875, 5.75, 4.625, 5.6875], "texture": "#1", "cullface": "up"},
				"south": {"uv": [4.6875, 5.75, 4.625, 5.6875], "texture": "#1", "cullface": "up"},
				"west": {"uv": [4.6875, 5.75, 4.625, 5.6875], "texture": "#1", "cullface": "up"},
				"up": {"uv": [4.6875, 5.75, 4.625, 5.6875], "texture": "#1", "cullface": "up"},
				"down": {"uv": [4.6875, 5.75, 4.625, 5.6875], "texture": "#1", "cullface": "up"}
			}
		},
		{
			"name": "hexadecagon",
			"from": [7.625, 25.57769, 11.92468],
			"to": [8.375, 26.32769, 12.81979],
			"rotation": {"angle": 0, "axis": "x", "origin": [8, 12.125, 7.42127]},
			"faces": {
				"north": {"uv": [4.6875, 5.875, 4.625, 5.8125], "texture": "#1", "cullface": "up"},
				"east": {"uv": [4.6875, 5.875, 4.625, 5.8125], "texture": "#1", "cullface": "up"},
				"south": {"uv": [4.6875, 5.875, 4.625, 5.8125], "texture": "#1", "cullface": "up"},
				"west": {"uv": [4.6875, 5.875, 4.625, 5.8125], "texture": "#1", "cullface": "up"},
				"up": {"uv": [4.6875, 5.875, 4.625, 5.8125], "texture": "#1", "cullface": "up"},
				"down": {"uv": [4.6875, 5.875, 4.625, 5.8125], "texture": "#1", "cullface": "up"}
			}
		},
		{
			"name": "hexadecagon",
			"from": [7.625, 26.5625, 6.97371],
			"to": [8.375, 27.3125, 7.86882],
			"rotation": {"angle": 22.5, "axis": "x", "origin": [8, 12.125, 7.42127]},
			"faces": {
				"north": {"uv": [5.5625, 6, 5.5, 5.9375], "texture": "#1", "cullface": "up"},
				"east": {"uv": [5.5625, 6, 5.5, 5.9375], "texture": "#1", "cullface": "up"},
				"south": {"uv": [5.5625, 6, 5.5, 5.9375], "texture": "#1", "cullface": "up"},
				"west": {"uv": [5.5625, 6, 5.5, 5.9375], "texture": "#1", "cullface": "up"},
				"up": {"uv": [5.5625, 6, 5.5, 5.9375], "texture": "#1", "cullface": "up"},
				"down": {"uv": [5.5625, 6, 5.5, 5.9375], "texture": "#1", "cullface": "up"}
			}
		},
		{
			"name": "hexadecagon",
			"from": [7.625, 25.57769, 2.02274],
			"to": [8.375, 26.32769, 2.91785],
			"rotation": {"angle": 45, "axis": "x", "origin": [8, 12.125, 7.42127]},
			"faces": {
				"north": {"uv": [6.3125, 4, 6.25, 3.9375], "texture": "#1", "cullface": "up"},
				"east": {"uv": [6.3125, 4, 6.25, 3.9375], "texture": "#1", "cullface": "up"},
				"south": {"uv": [6.3125, 4, 6.25, 3.9375], "texture": "#1", "cullface": "up"},
				"west": {"uv": [6.3125, 4, 6.25, 3.9375], "texture": "#1", "cullface": "up"},
				"up": {"uv": [6.3125, 4, 6.25, 3.9375], "texture": "#1", "cullface": "up"},
				"down": {"uv": [6.3125, 4, 6.25, 3.9375], "texture": "#1", "cullface": "up"}
			}
		}
	],
	"display": {
		"thirdperson_righthand": {
			"rotation": [46, 0, 0],
			"scale": [0.2, 0.2, 0.2]
		},
		"firstperson_righthand": {
			"translation": [0, 0, 1.25],
			"scale": [0.2, 0.2, 0.2]
		},
		"gui": {
			"rotation": [25, 41, 0],
			"translation": [0, -1, 0],
			"scale": [0.35, 0.35, 0.35]
		},
		"head": {
			"rotation": [16, 46, -33],
			"translation": [0, 21.25, 0],
			"scale": [1.75, 1.75, 1.75]
		}
	},
	"groups": [
		{
			"name": "yellow",
			"origin": [11.75, 7.375, 19.42127],
			"color": 0,
			"nbt": "{}",
			"children": [0, 1, 2, 3, 4, 5, 6, 7, 8, 9, 10, 11, 12, 13, 14, 15, 16, 17, 18, 19, 20]
		}
	]
}