{
	"credit": "Made with Blockbench",
	"texture_size": [256, 256],
	"textures": {
		"1": "block/gray_concrete",
		"2": "block/custom/wintertraum_balls",
		"particle": "block/custom/wintertraum_balls"
	},
	"elements": [
		{
			"name": "hexadecagon",
			"from": [7.625, 20.82564, 14.31946],
			"to": [8.375, 21.72075, 15.06946],
			"rotation": {"angle": -22.5, "axis": "x", "origin": [8, 12.125, 7.42127]},
			"faces": {
				"north": {"uv": [0, 0, 1, 1], "texture": "#1", "cullface": "up"},
				"east": {"uv": [0, 0, 1, 1], "texture": "#1", "cullface": "up"},
				"south": {"uv": [0, 0, 1, 1], "texture": "#1", "cullface": "up"},
				"west": {"uv": [0, 0, 1, 1], "texture": "#1", "cullface": "up"},
				"up": {"uv": [0, 0, 1, 1], "texture": "#1", "cullface": "up"},
				"down": {"uv": [0, 0, 1, 1], "texture": "#1", "cullface": "up"}
			}
		},
		{
			"name": "hexadecagon",
			"from": [7.625, 23.63014, 10.12223],
			"to": [8.375, 24.52525, 10.87223],
			"rotation": {"angle": 0, "axis": "x", "origin": [8, 12.125, 7.42127]},
			"faces": {
				"north": {"uv": [0, 0, 1, 1], "texture": "#1", "cullface": "up"},
				"east": {"uv": [0, 0, 1, 1], "texture": "#1", "cullface": "up"},
				"south": {"uv": [0, 0, 1, 1], "texture": "#1", "cullface": "up"},
				"west": {"uv": [0, 0, 1, 1], "texture": "#1", "cullface": "up"},
				"up": {"uv": [0, 0, 1, 1], "texture": "#1", "cullface": "up"},
				"down": {"uv": [0, 0, 1, 1], "texture": "#1", "cullface": "up"}
			}
		},
		{
			"name": "hexadecagon",
			"from": [7.625, 24.61495, 5.17127],
			"to": [8.375, 25.51006, 5.92127],
			"rotation": {"angle": 22.5, "axis": "x", "origin": [8, 12.125, 7.42127]},
			"faces": {
				"north": {"uv": [0, 0, 1, 1], "texture": "#1", "cullface": "up"},
				"east": {"uv": [0, 0, 1, 1], "texture": "#1", "cullface": "up"},
				"south": {"uv": [0, 0, 1, 1], "texture": "#1", "cullface": "up"},
				"west": {"uv": [0, 0, 1, 1], "texture": "#1", "cullface": "up"},
				"up": {"uv": [0, 0, 1, 1], "texture": "#1", "cullface": "up"},
				"down": {"uv": [0, 0, 1, 1], "texture": "#1", "cullface": "up"}
			}
		},
		{
			"name": "hexadecagon",
			"from": [7.625, 23.63014, 0.2203],
			"to": [8.375, 24.52525, 0.9703],
			"rotation": {"angle": 45, "axis": "x", "origin": [8, 12.125, 7.42127]},
			"faces": {
				"north": {"uv": [0, 0, 1, 1], "texture": "#1", "cullface": "up"},
				"east": {"uv": [0, 0, 1, 1], "texture": "#1", "cullface": "up"},
				"south": {"uv": [0, 0, 1, 1], "texture": "#1", "cullface": "up"},
				"west": {"uv": [0, 0, 1, 1], "texture": "#1", "cullface": "up"},
				"up": {"uv": [0, 0, 1, 1], "texture": "#1", "cullface": "up"},
				"down": {"uv": [0, 0, 1, 1], "texture": "#1", "cullface": "up"}
			}
		},
		{
			"name": "hexadecagon",
			"from": [7.625, 22.77319, 16.1219],
			"to": [8.375, 23.52319, 17.01701],
			"rotation": {"angle": -22.5, "axis": "x", "origin": [8, 12.125, 7.42127]},
			"faces": {
				"north": {"uv": [0, 0, 1, 1], "rotation": 180, "texture": "#1", "cullface": "up"},
				"east": {"uv": [0, 0, 1, 1], "rotation": 270, "texture": "#1", "cullface": "up"},
				"south": {"uv": [0, 0, 1, 1], "texture": "#1", "cullface": "up"},
				"west": {"uv": [0, 0, 1, 1], "rotation": 90, "texture": "#1", "cullface": "up"},
				"up": {"uv": [0, 0, 1, 1], "rotation": 180, "texture": "#1", "cullface": "up"},
				"down": {"uv": [0, 0, 1, 1], "texture": "#1", "cullface": "up"}
			}
		},
		{
			"name": "hexadecagon",
			"from": [7.625, 20.82564, 18.06946],
			"to": [8.375, 21.72075, 18.81946],
			"rotation": {"angle": -22.5, "axis": "x", "origin": [8, 12.125, 7.42127]},
			"faces": {
				"north": {"uv": [0, 0, 1, 1], "texture": "#1", "cullface": "up"},
				"east": {"uv": [0, 0, 1, 1], "texture": "#1", "cullface": "up"},
				"south": {"uv": [0, 0, 1, 1], "texture": "#1", "cullface": "up"},
				"west": {"uv": [0, 0, 1, 1], "texture": "#1", "cullface": "up"},
				"up": {"uv": [0, 0, 1, 1], "texture": "#1", "cullface": "up"},
				"down": {"uv": [0, 0, 1, 1], "texture": "#1", "cullface": "up"}
			}
		},
		{
			"name": "hexadecagon",
			"from": [7.625, 23.63014, 13.87223],
			"to": [8.375, 24.52525, 14.62223],
			"rotation": {"angle": 0, "axis": "x", "origin": [8, 12.125, 7.42127]},
			"faces": {
				"north": {"uv": [0, 0, 1, 1], "texture": "#1", "cullface": "up"},
				"east": {"uv": [0, 0, 1, 1], "texture": "#1", "cullface": "up"},
				"south": {"uv": [0, 0, 1, 1], "texture": "#1", "cullface": "up"},
				"west": {"uv": [0, 0, 1, 1], "texture": "#1", "cullface": "up"},
				"up": {"uv": [0, 0, 1, 1], "texture": "#1", "cullface": "up"},
				"down": {"uv": [0, 0, 1, 1], "texture": "#1", "cullface": "up"}
			}
		},
		{
			"name": "hexadecagon",
			"from": [7.625, 24.61495, 8.92127],
			"to": [8.375, 25.51006, 9.67127],
			"rotation": {"angle": 22.5, "axis": "x", "origin": [8, 12.125, 7.42127]},
			"faces": {
				"north": {"uv": [0, 0, 1, 1], "texture": "#1", "cullface": "up"},
				"east": {"uv": [0, 0, 1, 1], "texture": "#1", "cullface": "up"},
				"south": {"uv": [0, 0, 1, 1], "texture": "#1", "cullface": "up"},
				"west": {"uv": [0, 0, 1, 1], "texture": "#1", "cullface": "up"},
				"up": {"uv": [0, 0, 1, 1], "texture": "#1", "cullface": "up"},
				"down": {"uv": [0, 0, 1, 1], "texture": "#1", "cullface": "up"}
			}
		},
		{
			"name": "hexadecagon",
			"from": [7.625, 23.63014, 3.9703],
			"to": [8.375, 24.52525, 4.7203],
			"rotation": {"angle": 45, "axis": "x", "origin": [8, 12.125, 7.42127]},
			"faces": {
				"north": {"uv": [0, 0, 1, 1], "texture": "#1", "cullface": "up"},
				"east": {"uv": [0, 0, 1, 1], "texture": "#1", "cullface": "up"},
				"south": {"uv": [0, 0, 1, 1], "texture": "#1", "cullface": "up"},
				"west": {"uv": [0, 0, 1, 1], "texture": "#1", "cullface": "up"},
				"up": {"uv": [0, 0, 1, 1], "texture": "#1", "cullface": "up"},
				"down": {"uv": [0, 0, 1, 1], "texture": "#1", "cullface": "up"}
			}
		},
		{
			"name": "hexadecagon",
			"from": [7.625, 19.02319, 16.1219],
			"to": [8.375, 19.77319, 17.01701],
			"rotation": {"angle": -22.5, "axis": "x", "origin": [8, 12.125, 7.42127]},
			"faces": {
				"north": {"uv": [0, 0, 1, 1], "rotation": 180, "texture": "#1", "cullface": "up"},
				"east": {"uv": [0, 0, 1, 1], "rotation": 270, "texture": "#1", "cullface": "up"},
				"south": {"uv": [0, 0, 1, 1], "texture": "#1", "cullface": "up"},
				"west": {"uv": [0, 0, 1, 1], "rotation": 90, "texture": "#1", "cullface": "up"},
				"up": {"uv": [0, 0, 1, 1], "rotation": 180, "texture": "#1", "cullface": "up"},
				"down": {"uv": [0, 0, 1, 1], "texture": "#1", "cullface": "up"}
			}
		},
		{
			"name": "hexadecagon",
			"from": [7.625, 21.82769, 11.92468],
			"to": [8.375, 22.57769, 12.81979],
			"rotation": {"angle": 0, "axis": "x", "origin": [8, 12.125, 7.42127]},
			"faces": {
				"north": {"uv": [0, 0, 1, 1], "texture": "#1", "cullface": "up"},
				"east": {"uv": [0, 0, 1, 1], "texture": "#1", "cullface": "up"},
				"south": {"uv": [0, 0, 1, 1], "texture": "#1", "cullface": "up"},
				"west": {"uv": [0, 0, 1, 1], "texture": "#1", "cullface": "up"},
				"up": {"uv": [0, 0, 1, 1], "texture": "#1", "cullface": "up"},
				"down": {"uv": [0, 0, 1, 1], "texture": "#1", "cullface": "up"}
			}
		},
		{
			"name": "hexadecagon",
			"from": [7.625, 21.82769, 2.02274],
			"to": [8.375, 22.57769, 2.91785],
			"rotation": {"angle": 45, "axis": "x", "origin": [8, 12.125, 7.42127]},
			"faces": {
				"north": {"uv": [0, 0, 1, 1], "texture": "#1", "cullface": "up"},
				"east": {"uv": [0, 0, 1, 1], "texture": "#1", "cullface": "up"},
				"south": {"uv": [0, 0, 1, 1], "texture": "#1", "cullface": "up"},
				"west": {"uv": [0, 0, 1, 1], "texture": "#1", "cullface": "up"},
				"up": {"uv": [0, 0, 1, 1], "texture": "#1", "cullface": "up"},
				"down": {"uv": [0, 0, 1, 1], "texture": "#1", "cullface": "up"}
			}
		},
		{
			"name": "hexadecagon",
			"from": [7.625, 25.57769, 11.92468],
			"to": [8.375, 26.32769, 12.81979],
			"rotation": {"angle": 0, "axis": "x", "origin": [8, 12.125, 7.42127]},
			"faces": {
				"north": {"uv": [0, 0, 1, 1], "texture": "#1", "cullface": "up"},
				"east": {"uv": [0, 0, 1, 1], "texture": "#1", "cullface": "up"},
				"south": {"uv": [0, 0, 1, 1], "texture": "#1", "cullface": "up"},
				"west": {"uv": [0, 0, 1, 1], "texture": "#1", "cullface": "up"},
				"up": {"uv": [0, 0, 1, 1], "texture": "#1", "cullface": "up"},
				"down": {"uv": [0, 0, 1, 1], "texture": "#1", "cullface": "up"}
			}
		},
		{
			"name": "hexadecagon",
			"from": [7.625, 26.5625, 6.97371],
			"to": [8.375, 27.3125, 7.86882],
			"rotation": {"angle": 22.5, "axis": "x", "origin": [8, 12.125, 7.42127]},
			"faces": {
				"north": {"uv": [0, 0, 1, 1], "texture": "#1", "cullface": "up"},
				"east": {"uv": [0, 0, 1, 1], "texture": "#1", "cullface": "up"},
				"south": {"uv": [0, 0, 1, 1], "texture": "#1", "cullface": "up"},
				"west": {"uv": [0, 0, 1, 1], "texture": "#1", "cullface": "up"},
				"up": {"uv": [0, 0, 1, 1], "texture": "#1", "cullface": "up"},
				"down": {"uv": [0, 0, 1, 1], "texture": "#1", "cullface": "up"}
			}
		},
		{
			"name": "hexadecagon",
			"from": [7.625, 25.57769, 2.02274],
			"to": [8.375, 26.32769, 2.91785],
			"rotation": {"angle": 45, "axis": "x", "origin": [8, 12.125, 7.42127]},
			"faces": {
				"north": {"uv": [0, 0, 1, 1], "texture": "#1", "cullface": "up"},
				"east": {"uv": [0, 0, 1, 1], "texture": "#1", "cullface": "up"},
				"south": {"uv": [0, 0, 1, 1], "texture": "#1", "cullface": "up"},
				"west": {"uv": [0, 0, 1, 1], "texture": "#1", "cullface": "up"},
				"up": {"uv": [0, 0, 1, 1], "texture": "#1", "cullface": "up"},
				"down": {"uv": [0, 0, 1, 1], "texture": "#1", "cullface": "up"}
			}
		},
		{
			"from": [-2.5, 2.5625, -3.07873],
			"to": [18.5, 13.0625, 17.92127],
			"rotation": {"angle": 22.5, "axis": "x", "origin": [8, 12.125, 7.42127]},
			"faces": {
				"north": {"uv": [3.125, 1.375, 4.875, 2.25], "texture": "#2"},
				"east": {"uv": [3.125, 2.25, 4.875, 3.125], "texture": "#2"},
				"south": {"uv": [3.125, 3.125, 4.875, 4], "texture": "#2"},
				"west": {"uv": [0, 3.5, 1.75, 4.375], "texture": "#2"},
				"up": {"uv": [1.75, 1.75, 0, 0], "texture": "#2"},
				"down": {"uv": [1.75, 1.75, 0, 3.5], "texture": "#2"}
			}
		},
		{
			"from": [-0.25, 13.0625, -0.82873],
			"to": [16.25, 16.8125, 15.67127],
			"rotation": {"angle": 22.5, "axis": "x", "origin": [8, 12.125, 7.42127]},
			"faces": {
				"north": {"uv": [4.875, 1.25, 6.25, 1.5625], "texture": "#2"},
				"east": {"uv": [4.875, 1.5625, 6.25, 1.875], "texture": "#2"},
				"south": {"uv": [4.875, 1.875, 6.25, 2.1875], "texture": "#2"},
				"west": {"uv": [4.875, 2.1875, 6.25, 2.5], "texture": "#2"},
				"up": {"uv": [3.125, 4.125, 1.75, 2.75], "texture": "#2"},
				"down": {"uv": [4.5, 0, 3.125, 1.375], "texture": "#2"}
			}
		},
		{
			"from": [2, 16.8125, 1.42127],
			"to": [14, 19.8125, 13.42127],
			"rotation": {"angle": 22.5, "axis": "x", "origin": [8, 12.125, 7.42127]},
			"faces": {
				"north": {"uv": [4.875, 2.5, 5.875, 2.75], "texture": "#2"},
				"east": {"uv": [4.875, 2.75, 5.875, 3], "texture": "#2"},
				"south": {"uv": [4.875, 3, 5.875, 3.25], "texture": "#2"},
				"west": {"uv": [4.875, 3.25, 5.875, 3.5], "texture": "#2"},
				"up": {"uv": [4.125, 5, 3.125, 4], "texture": "#2"},
				"down": {"uv": [2.75, 4.125, 1.75, 5.125], "texture": "#2"}
			}
		},
		{
			"from": [5.75, 19.8125, 5.17127],
			"to": [10.25, 23.5625, 9.67127],
			"rotation": {"angle": 22.5, "axis": "x", "origin": [8, 12.125, 7.42127]},
			"faces": {
				"north": {"uv": [1.375, 4.375, 1.75, 4.6875], "texture": "#2"},
				"east": {"uv": [2.75, 4.5, 3.125, 4.8125], "texture": "#2"},
				"south": {"uv": [1.375, 4.6875, 1.75, 5], "texture": "#2"},
				"west": {"uv": [1, 4.75, 1.375, 5.0625], "texture": "#2"},
				"up": {"uv": [3.125, 4.5, 2.75, 4.125], "texture": "#2"},
				"down": {"uv": [1.375, 4.375, 1, 4.75], "texture": "#2"}
			}
		},
		{
			"from": [2, -4.1875, 1.42127],
			"to": [14, -1.1875, 13.42127],
			"rotation": {"angle": 22.5, "axis": "x", "origin": [8, 12.125, 7.42127]},
			"faces": {
				"north": {"uv": [4.875, 3.5, 5.875, 3.75], "texture": "#2"},
				"east": {"uv": [4.875, 3.75, 5.875, 4], "texture": "#2"},
				"south": {"uv": [2.75, 5, 3.75, 5.25], "texture": "#2"},
				"west": {"uv": [3.75, 5, 4.75, 5.25], "texture": "#2"},
				"up": {"uv": [5.125, 5, 4.125, 4], "texture": "#2"},
				"down": {"uv": [1, 4.375, 0, 5.375], "texture": "#2"}
			}
		},
		{
			"from": [-0.25, -1.1875, -0.82873],
			"to": [16.25, 2.5625, 15.67127],
			"rotation": {"angle": 22.5, "axis": "x", "origin": [8, 12.125, 7.42127]},
			"faces": {
				"north": {"uv": [4.5, 0, 5.875, 0.3125], "texture": "#2"},
				"east": {"uv": [4.5, 0.3125, 5.875, 0.625], "texture": "#2"},
				"south": {"uv": [4.5, 0.625, 5.875, 0.9375], "texture": "#2"},
				"west": {"uv": [4.5, 0.9375, 5.875, 1.25], "texture": "#2"},
				"up": {"uv": [3.125, 1.375, 1.75, 0], "texture": "#2"},
				"down": {"uv": [3.125, 1.375, 1.75, 2.75], "texture": "#2"}
			}
		}
	],
	"display": {
		"thirdperson_righthand": {
			"rotation": [46, 0, 0],
			"scale": [0.2, 0.2, 0.2]
		},
		"firstperson_righthand": {
			"translation": [0, 0, 1.25],
			"scale": [0.2, 0.2, 0.2]
		},
		"gui": {
			"rotation": [25, 41, 0],
			"translation": [0, -1, 0],
			"scale": [0.35, 0.35, 0.35]
		},
		"head": {
			"rotation": [16, 46, -33],
			"translation": [0, 21.25, 0],
			"scale": [1.75, 1.75, 1.75]
		}
	},
	"groups": [
		{
			"name": "black",
			"origin": [-7.5, 8, 21.61418],
			"color": 0,
			"nbt": "{}",
			"children": [
				{
					"name": "Total",
					"origin": [-7.5, 8, 21.61418],
					"color": 0,
					"nbt": "{}",
					"children": [
						{
							"name": "hexadecagon",
							"origin": [-7.5, 8, 21.61418],
							"color": 0,
							"nbt": "{}",
							"children": [0, 1, 2, 3, 4, 5, 6, 7, 8, 9, 10, 11, 12, 13, 14]
						}
					]
				},
				15,
				16,
				17,
				18,
				19,
				20
			]
		}
	]
}