{
	"credit": "Made with Blockbench",
	"texture_size": [256, 256],
	"textures": {
		"1": "block/gray_concrete",
		"2": "block/custom/wintertraum_balls",
		"particle": "block/custom/wintertraum_balls"
	},
	"elements": [
		{
			"from": [-2.5, 2.5625, -1.92127],
			"to": [18.5, 13.0625, 19.07873],
			"rotation": {"angle": -22.5, "axis": "x", "origin": [8, 12.125, 8.57873]},
			"faces": {
				"north": {"uv": [1, 6.6875, 1.875, 7.125], "texture": "#2"},
				"east": {"uv": [6.75, 2.625, 7.625, 3.0625], "texture": "#2"},
				"south": {"uv": [6.75, 3.0625, 7.625, 3.5], "texture": "#2"},
				"west": {"uv": [6.75, 3.5, 7.625, 3.9375], "texture": "#2"},
				"up": {"uv": [7.0625, 7.4375, 6.1875, 6.5625], "texture": "#2"},
				"down": {"uv": [3.25, 6.625, 2.375, 7.5], "texture": "#2"}
			}
		},
		{
			"from": [-0.25, 13.0625, 0.32873],
			"to": [16.25, 16.8125, 16.82873],
			"rotation": {"angle": -22.5, "axis": "x", "origin": [8, 12.125, 8.57873]},
			"faces": {
				"north": {"uv": [0, 6.8125, 0.6875, 7], "texture": "#2"},
				"east": {"uv": [6.875, 0.6875, 7.5625, 0.875], "texture": "#2"},
				"south": {"uv": [6.875, 0.875, 7.5625, 1.0625], "texture": "#2"},
				"west": {"uv": [6.875, 1.0625, 7.5625, 1.25], "texture": "#2"},
				"up": {"uv": [7.1875, 5.875, 6.5, 5.1875], "texture": "#2"},
				"down": {"uv": [7.25, 0, 6.5625, 0.6875], "texture": "#2"}
			}
		},
		{
			"from": [-0.25, -1.1875, 0.32873],
			"to": [16.25, 2.5625, 16.82873],
			"rotation": {"angle": -22.5, "axis": "x", "origin": [8, 12.125, 8.57873]},
			"faces": {
				"north": {"uv": [6.9375, 2.125, 7.625, 2.3125], "texture": "#2"},
				"east": {"uv": [6.9375, 2.3125, 7.625, 2.5], "texture": "#2"},
				"south": {"uv": [0, 7, 0.6875, 7.1875], "texture": "#2"},
				"west": {"uv": [7, 4.3125, 7.6875, 4.5], "texture": "#2"},
				"up": {"uv": [3.9375, 7.3125, 3.25, 6.625], "texture": "#2"},
				"down": {"uv": [6.1875, 6.625, 5.5, 7.3125], "texture": "#2"}
			}
		},
		{
			"from": [2, 16.8125, 2.57873],
			"to": [14, 19.8125, 14.57873],
			"rotation": {"angle": -22.5, "axis": "x", "origin": [8, 12.125, 8.57873]},
			"faces": {
				"north": {"uv": [6.5, 5.875, 7, 6], "texture": "#2"},
				"east": {"uv": [6.8125, 4.5625, 7.3125, 4.6875], "texture": "#2"},
				"south": {"uv": [6.875, 2.5, 7.375, 2.625], "texture": "#2"},
				"west": {"uv": [7, 4.6875, 7.5, 4.8125], "texture": "#2"},
				"up": {"uv": [2.375, 7.1875, 1.875, 6.6875], "texture": "#2"},
				"down": {"uv": [4.4375, 6.75, 3.9375, 7.25], "texture": "#2"}
			}
		},
		{
			"from": [2, -4.1875, 2.57873],
			"to": [14, -1.1875, 14.57873],
			"rotation": {"angle": -22.5, "axis": "x", "origin": [8, 12.125, 8.57873]},
			"faces": {
				"north": {"uv": [7, 4.8125, 7.5, 4.9375], "texture": "#2"},
				"east": {"uv": [7, 4.9375, 7.5, 5.0625], "texture": "#2"},
				"south": {"uv": [7, 5.0625, 7.5, 5.1875], "texture": "#2"},
				"west": {"uv": [7, 5.875, 7.5, 6], "texture": "#2"},
				"up": {"uv": [4.9375, 7.25, 4.4375, 6.75], "texture": "#2"},
				"down": {"uv": [5.4375, 6.75, 4.9375, 7.25], "texture": "#2"}
			}
		},
		{
			"from": [5.75, 19.8125, 6.32873],
			"to": [10.25, 23.5625, 10.82873],
			"rotation": {"angle": -22.5, "axis": "x", "origin": [8, 12.125, 8.57873]},
			"faces": {
				"north": {"uv": [4.4375, 6.5625, 4.625, 6.75], "texture": "#2"},
				"east": {"uv": [0.6875, 6.8125, 0.875, 7], "texture": "#2"},
				"south": {"uv": [0.6875, 7, 0.875, 7.1875], "texture": "#2"},
				"west": {"uv": [7.0625, 6, 7.25, 6.1875], "texture": "#2"},
				"up": {"uv": [7.25, 6.375, 7.0625, 6.1875], "texture": "#2"},
				"down": {"uv": [7.25, 6.375, 7.0625, 6.5625], "texture": "#2"}
			}
		},
		{
			"name": "hexadecagon",
			"from": [7.625, 19.02319, -1.01701],
			"to": [8.375, 19.77319, -0.1219],
			"rotation": {"angle": 22.5, "axis": "x", "origin": [8, 12.125, 8.57873]},
			"faces": {
				"north": {"uv": [9.125, 2.625, 9.25, 2.75], "rotation": 180, "texture": "#1", "cullface": "up"},
				"east": {"uv": [9.125, 2.625, 9.25, 2.75], "rotation": 90, "texture": "#1", "cullface": "up"},
				"south": {"uv": [9.125, 2.625, 9.25, 2.75], "texture": "#1", "cullface": "up"},
				"west": {"uv": [9.125, 2.625, 9.25, 2.75], "rotation": 270, "texture": "#1", "cullface": "up"},
				"up": {"uv": [9.125, 2.625, 9.25, 2.75], "texture": "#1", "cullface": "up"},
				"down": {"uv": [9.125, 2.625, 9.25, 2.75], "rotation": 180, "texture": "#1", "cullface": "up"}
			}
		},
		{
			"name": "hexadecagon",
			"from": [7.625, 23.63014, 11.2797],
			"to": [8.375, 24.52525, 12.0297],
			"rotation": {"angle": -45, "axis": "x", "origin": [8, 12.125, 8.57873]},
			"faces": {
				"north": {"uv": [9.5, 2.625, 9.625, 2.75], "texture": "#1", "cullface": "up"},
				"east": {"uv": [9.5, 2.625, 9.625, 2.75], "texture": "#1", "cullface": "up"},
				"south": {"uv": [9.5, 2.625, 9.625, 2.75], "texture": "#1", "cullface": "up"},
				"west": {"uv": [9.5, 2.625, 9.625, 2.75], "texture": "#1", "cullface": "up"},
				"up": {"uv": [9.5, 2.625, 9.625, 2.75], "texture": "#1", "cullface": "up"},
				"down": {"uv": [9.5, 2.625, 9.625, 2.75], "texture": "#1", "cullface": "up"}
			}
		},
		{
			"name": "hexadecagon",
			"from": [7.625, 24.61495, 6.32873],
			"to": [8.375, 25.51006, 7.07873],
			"rotation": {"angle": -22.5, "axis": "x", "origin": [8, 12.125, 8.57873]},
			"faces": {
				"north": {"uv": [3.125, 10, 3.25, 10.125], "texture": "#1", "cullface": "up"},
				"east": {"uv": [3.125, 10, 3.25, 10.125], "texture": "#1", "cullface": "up"},
				"south": {"uv": [3.125, 10, 3.25, 10.125], "texture": "#1", "cullface": "up"},
				"west": {"uv": [3.125, 10, 3.25, 10.125], "texture": "#1", "cullface": "up"},
				"up": {"uv": [3.125, 10, 3.25, 10.125], "texture": "#1", "cullface": "up"},
				"down": {"uv": [3.125, 10, 3.25, 10.125], "texture": "#1", "cullface": "up"}
			}
		},
		{
			"name": "hexadecagon",
			"from": [7.625, 23.63014, 1.37777],
			"to": [8.375, 24.52525, 2.12777],
			"rotation": {"angle": 0, "axis": "x", "origin": [8, 12.125, 8.57873]},
			"faces": {
				"north": {"uv": [2.375, 10.125, 2.5, 10.25], "texture": "#1", "cullface": "up"},
				"east": {"uv": [2.375, 10.125, 2.5, 10.25], "texture": "#1", "cullface": "up"},
				"south": {"uv": [2.375, 10.125, 2.5, 10.25], "texture": "#1", "cullface": "up"},
				"west": {"uv": [2.375, 10.125, 2.5, 10.25], "texture": "#1", "cullface": "up"},
				"up": {"uv": [2.375, 10.125, 2.5, 10.25], "texture": "#1", "cullface": "up"},
				"down": {"uv": [2.375, 10.125, 2.5, 10.25], "texture": "#1", "cullface": "up"}
			}
		},
		{
			"name": "hexadecagon",
			"from": [7.625, 20.82564, -2.81946],
			"to": [8.375, 21.72075, -2.06946],
			"rotation": {"angle": 22.5, "axis": "x", "origin": [8, 12.125, 8.57873]},
			"faces": {
				"north": {"uv": [3.125, 10.125, 3.25, 10.25], "texture": "#1", "cullface": "up"},
				"east": {"uv": [3.125, 10.125, 3.25, 10.25], "texture": "#1", "cullface": "up"},
				"south": {"uv": [3.125, 10.125, 3.25, 10.25], "texture": "#1", "cullface": "up"},
				"west": {"uv": [3.125, 10.125, 3.25, 10.25], "texture": "#1", "cullface": "up"},
				"up": {"uv": [3.125, 10.125, 3.25, 10.25], "texture": "#1", "cullface": "up"},
				"down": {"uv": [3.125, 10.125, 3.25, 10.25], "texture": "#1", "cullface": "up"}
			}
		},
		{
			"name": "hexadecagon",
			"from": [7.625, 22.77319, -1.01701],
			"to": [8.375, 23.52319, -0.1219],
			"rotation": {"angle": 22.5, "axis": "x", "origin": [8, 12.125, 8.57873]},
			"faces": {
				"north": {"uv": [10.25, 9.875, 10.375, 10], "rotation": 180, "texture": "#1", "cullface": "up"},
				"east": {"uv": [10.25, 9.875, 10.375, 10], "rotation": 90, "texture": "#1", "cullface": "up"},
				"south": {"uv": [10.25, 9.875, 10.375, 10], "texture": "#1", "cullface": "up"},
				"west": {"uv": [10.25, 9.875, 10.375, 10], "rotation": 270, "texture": "#1", "cullface": "up"},
				"up": {"uv": [10.25, 9.875, 10.375, 10], "texture": "#1", "cullface": "up"},
				"down": {"uv": [10.25, 9.875, 10.375, 10], "rotation": 180, "texture": "#1", "cullface": "up"}
			}
		},
		{
			"name": "hexadecagon",
			"from": [7.625, 23.63014, 15.0297],
			"to": [8.375, 24.52525, 15.7797],
			"rotation": {"angle": -45, "axis": "x", "origin": [8, 12.125, 8.57873]},
			"faces": {
				"north": {"uv": [9.375, 10.5, 9.5, 10.625], "texture": "#1", "cullface": "up"},
				"east": {"uv": [9.375, 10.5, 9.5, 10.625], "texture": "#1", "cullface": "up"},
				"south": {"uv": [9.375, 10.5, 9.5, 10.625], "texture": "#1", "cullface": "up"},
				"west": {"uv": [9.375, 10.5, 9.5, 10.625], "texture": "#1", "cullface": "up"},
				"up": {"uv": [9.375, 10.5, 9.5, 10.625], "texture": "#1", "cullface": "up"},
				"down": {"uv": [9.375, 10.5, 9.5, 10.625], "texture": "#1", "cullface": "up"}
			}
		},
		{
			"name": "hexadecagon",
			"from": [7.625, 24.61495, 10.07873],
			"to": [8.375, 25.51006, 10.82873],
			"rotation": {"angle": -22.5, "axis": "x", "origin": [8, 12.125, 8.57873]},
			"faces": {
				"north": {"uv": [1.875, 10.75, 2, 10.875], "texture": "#1", "cullface": "up"},
				"east": {"uv": [1.875, 10.75, 2, 10.875], "texture": "#1", "cullface": "up"},
				"south": {"uv": [1.875, 10.75, 2, 10.875], "texture": "#1", "cullface": "up"},
				"west": {"uv": [1.875, 10.75, 2, 10.875], "texture": "#1", "cullface": "up"},
				"up": {"uv": [1.875, 10.75, 2, 10.875], "texture": "#1", "cullface": "up"},
				"down": {"uv": [1.875, 10.75, 2, 10.875], "texture": "#1", "cullface": "up"}
			}
		},
		{
			"name": "hexadecagon",
			"from": [7.625, 23.63014, 5.12777],
			"to": [8.375, 24.52525, 5.87777],
			"rotation": {"angle": 0, "axis": "x", "origin": [8, 12.125, 8.57873]},
			"faces": {
				"north": {"uv": [9.25, 10.875, 9.375, 11], "texture": "#1", "cullface": "up"},
				"east": {"uv": [9.25, 10.875, 9.375, 11], "texture": "#1", "cullface": "up"},
				"south": {"uv": [9.25, 10.875, 9.375, 11], "texture": "#1", "cullface": "up"},
				"west": {"uv": [9.25, 10.875, 9.375, 11], "texture": "#1", "cullface": "up"},
				"up": {"uv": [9.25, 10.875, 9.375, 11], "texture": "#1", "cullface": "up"},
				"down": {"uv": [9.25, 10.875, 9.375, 11], "texture": "#1", "cullface": "up"}
			}
		},
		{
			"name": "hexadecagon",
			"from": [7.625, 20.82564, 0.93054],
			"to": [8.375, 21.72075, 1.68054],
			"rotation": {"angle": 22.5, "axis": "x", "origin": [8, 12.125, 8.57873]},
			"faces": {
				"north": {"uv": [9.375, 11, 9.5, 11.125], "texture": "#1", "cullface": "up"},
				"east": {"uv": [9.375, 11, 9.5, 11.125], "texture": "#1", "cullface": "up"},
				"south": {"uv": [9.375, 11, 9.5, 11.125], "texture": "#1", "cullface": "up"},
				"west": {"uv": [9.375, 11, 9.5, 11.125], "texture": "#1", "cullface": "up"},
				"up": {"uv": [9.375, 11, 9.5, 11.125], "texture": "#1", "cullface": "up"},
				"down": {"uv": [9.375, 11, 9.5, 11.125], "texture": "#1", "cullface": "up"}
			}
		},
		{
			"name": "hexadecagon",
			"from": [7.625, 21.82769, 13.08215],
			"to": [8.375, 22.57769, 13.97726],
			"rotation": {"angle": -45, "axis": "x", "origin": [8, 12.125, 8.57873]},
			"faces": {
				"north": {"uv": [11.125, 9.875, 11.25, 10], "texture": "#1", "cullface": "up"},
				"east": {"uv": [11.125, 9.875, 11.25, 10], "texture": "#1", "cullface": "up"},
				"south": {"uv": [11.125, 9.875, 11.25, 10], "texture": "#1", "cullface": "up"},
				"west": {"uv": [11.125, 9.875, 11.25, 10], "texture": "#1", "cullface": "up"},
				"up": {"uv": [11.125, 9.875, 11.25, 10], "texture": "#1", "cullface": "up"},
				"down": {"uv": [11.125, 9.875, 11.25, 10], "texture": "#1", "cullface": "up"}
			}
		},
		{
			"name": "hexadecagon",
			"from": [7.625, 21.82769, 3.18021],
			"to": [8.375, 22.57769, 4.07532],
			"rotation": {"angle": 0, "axis": "x", "origin": [8, 12.125, 8.57873]},
			"faces": {
				"north": {"uv": [1.875, 11.375, 2, 11.5], "texture": "#1", "cullface": "up"},
				"east": {"uv": [1.875, 11.375, 2, 11.5], "texture": "#1", "cullface": "up"},
				"south": {"uv": [1.875, 11.375, 2, 11.5], "texture": "#1", "cullface": "up"},
				"west": {"uv": [1.875, 11.375, 2, 11.5], "texture": "#1", "cullface": "up"},
				"up": {"uv": [1.875, 11.375, 2, 11.5], "texture": "#1", "cullface": "up"},
				"down": {"uv": [1.875, 11.375, 2, 11.5], "texture": "#1", "cullface": "up"}
			}
		},
		{
			"name": "hexadecagon",
			"from": [7.625, 25.57769, 13.08215],
			"to": [8.375, 26.32769, 13.97726],
			"rotation": {"angle": -45, "axis": "x", "origin": [8, 12.125, 8.57873]},
			"faces": {
				"north": {"uv": [9.375, 11.5, 9.5, 11.625], "texture": "#1", "cullface": "up"},
				"east": {"uv": [9.375, 11.5, 9.5, 11.625], "texture": "#1", "cullface": "up"},
				"south": {"uv": [9.375, 11.5, 9.5, 11.625], "texture": "#1", "cullface": "up"},
				"west": {"uv": [9.375, 11.5, 9.5, 11.625], "texture": "#1", "cullface": "up"},
				"up": {"uv": [9.375, 11.5, 9.5, 11.625], "texture": "#1", "cullface": "up"},
				"down": {"uv": [9.375, 11.5, 9.5, 11.625], "texture": "#1", "cullface": "up"}
			}
		},
		{
			"name": "hexadecagon",
			"from": [7.625, 26.5625, 8.13118],
			"to": [8.375, 27.3125, 9.02629],
			"rotation": {"angle": -22.5, "axis": "x", "origin": [8, 12.125, 8.57873]},
			"faces": {
				"north": {"uv": [11.875, 7.875, 12, 8], "texture": "#1", "cullface": "up"},
				"east": {"uv": [11.875, 7.875, 12, 8], "texture": "#1", "cullface": "up"},
				"south": {"uv": [11.875, 7.875, 12, 8], "texture": "#1", "cullface": "up"},
				"west": {"uv": [11.875, 7.875, 12, 8], "texture": "#1", "cullface": "up"},
				"up": {"uv": [11.875, 7.875, 12, 8], "texture": "#1", "cullface": "up"},
				"down": {"uv": [11.875, 7.875, 12, 8], "texture": "#1", "cullface": "up"}
			}
		},
		{
			"name": "hexadecagon",
			"from": [7.625, 25.57769, 3.18021],
			"to": [8.375, 26.32769, 4.07532],
			"rotation": {"angle": 0, "axis": "x", "origin": [8, 12.125, 8.57873]},
			"faces": {
				"north": {"uv": [12.375, 7.875, 12.5, 8], "texture": "#1", "cullface": "up"},
				"east": {"uv": [12.375, 7.875, 12.5, 8], "texture": "#1", "cullface": "up"},
				"south": {"uv": [12.375, 7.875, 12.5, 8], "texture": "#1", "cullface": "up"},
				"west": {"uv": [12.375, 7.875, 12.5, 8], "texture": "#1", "cullface": "up"},
				"up": {"uv": [12.375, 7.875, 12.5, 8], "texture": "#1", "cullface": "up"},
				"down": {"uv": [12.375, 7.875, 12.5, 8], "texture": "#1", "cullface": "up"}
			}
		}
	],
	"display": {
		"thirdperson_righthand": {
			"rotation": [46, 0, 0],
			"scale": [0.2, 0.2, 0.2]
		},
		"firstperson_righthand": {
			"translation": [0, 0, 1.25],
			"scale": [0.2, 0.2, 0.2]
		},
		"gui": {
			"rotation": [25, 41, 0],
			"translation": [0, -1, 0],
			"scale": [0.35, 0.35, 0.35]
		},
		"head": {
			"rotation": [16, 46, -33],
			"translation": [0, 21.25, 0],
			"scale": [1.75, 1.75, 1.75]
		}
	},
	"groups": [
		{
			"name": "orange",
			"origin": [3.5, 7.375, -3.61418],
			"color": 0,
			"nbt": "{}",
			"children": [0, 1, 2, 3, 4, 5, 6, 7, 8, 9, 10, 11, 12, 13, 14, 15, 16, 17, 18, 19, 20]
		}
	]
}