{
	"credit": "Made with Blockbench",
	"texture_size": [64, 64],
	"textures": {
		"0": "block/custom/curtain",
		"particle": "block/custom/curtain"
	},
	"elements": [
		{
			"from": [21.95, 18.75, 6.75],
			"to": [22.05, 21.25, 9.25],
			"rotation": {"angle": -45, "axis": "x", "origin": [8, 20, 8]},
			"faces": {
				"north": {"uv": [7.5, 7.5, 7.625, 8.375], "texture": "#0"},
				"east": {"uv": [7.5, 2.5, 8.375, 3.375], "texture": "#0"},
				"south": {"uv": [7.75, 7.5, 7.875, 8.375], "texture": "#0"},
				"west": {"uv": [7.5, 3.5, 8.375, 4.375], "texture": "#0"},
				"up": {"uv": [8.125, 7.375, 8, 6.5], "texture": "#0"},
				"down": {"uv": [8.125, 7.5, 8, 8.375], "texture": "#0"}
			}
		},
		{
			"from": [-5.8, 19, 7],
			"to": [21.95, 21, 9],
			"rotation": {"angle": -45, "axis": "x", "origin": [8, 20, 8]},
			"faces": {
				"north": {"uv": [7, 0, 14, 0.5], "texture": "#0"},
				"east": {"uv": [7.5, 6.5, 8, 7], "texture": "#0"},
				"south": {"uv": [7, 0.5, 14, 1], "texture": "#0"},
				"west": {"uv": [7.5, 7, 8, 7.5], "texture": "#0"},
				"up": {"uv": [14, 1.5, 7, 1], "texture": "#0"},
				"down": {"uv": [14, 1.5, 7, 2], "texture": "#0"}
			}
		},
		{
			"from": [-6.05, 18.75, 6.75],
			"to": [-5.95, 21.25, 9.25],
			"rotation": {"angle": -45, "axis": "x", "origin": [8, 20, 8]},
			"faces": {
				"north": {"uv": [8.25, 6.5, 8.375, 7.375], "texture": "#0"},
				"east": {"uv": [7.5, 4.5, 8.375, 5.375], "texture": "#0"},
				"south": {"uv": [8.25, 7.5, 8.375, 8.375], "texture": "#0"},
				"west": {"uv": [7.5, 5.5, 8.375, 6.375], "texture": "#0"},
				"up": {"uv": [8.625, 3.375, 8.5, 2.5], "texture": "#0"},
				"down": {"uv": [8.625, 3.5, 8.5, 4.375], "texture": "#0"}
			}
		},
		{
			"from": [-5.95, -6, 7.5],
			"to": [21.9, 19.25, 8.5],
			"rotation": {"angle": 0, "axis": "y", "origin": [7, 0, 7]},
			"faces": {
				"north": {"uv": [0, 0, 7, 6.25], "texture": "#0"},
				"east": {"uv": [7, 2.5, 7.25, 8.75], "texture": "#0"},
				"south": {"uv": [0, 6.25, 7, 12.5], "texture": "#0"},
				"west": {"uv": [7.25, 2.5, 7.5, 8.75], "texture": "#0"},
				"up": {"uv": [14, 2.25, 7, 2], "texture": "#0"},
				"down": {"uv": [14, 2.25, 7, 2.5], "texture": "#0"}
			}
		}
	],
	"display": {
		"gui": {
			"rotation": [30, -30, 0],
			"scale": [0.27148, 0.5, 0.5]
		},
		"head": {
			"translation": [0, 18.25, 11.5],
			"scale": [1.18359, 2.5, 2.5]
		}
	},
	"groups": [
		{
			"name": "group",
			"origin": [7, 0, 7],
			"color": 0,
			"nbt": "{}",
			"children": [0, 1, 2, 3]
		}
	]
}