{
	"credit": "Made with Blockbench",
	"textures": {
		"0": "block/stone",
		"1": "block/acacia_log",
		"particle": "block/stone"
	},
	"elements": [
		{
			"from": [-2, -14, 3],
			"to": [0, 27, 11],
			"rotation": {"angle": 0, "axis": "y", "origin": [8, 9.29497, 7.25]},
			"faces": {
				"north": {"uv": [1, 2, 5, 5], "texture": "#0"},
				"east": {"uv": [1, 2, 5, 5], "texture": "#0"},
				"south": {"uv": [1, 2, 5, 5], "texture": "#0"},
				"west": {"uv": [1, 2, 5, 5], "texture": "#0"},
				"up": {"uv": [1, 2, 5, 5], "texture": "#0"},
				"down": {"uv": [1, 2, 5, 5], "texture": "#0"}
			}
		},
		{
			"from": [16, -14, 3],
			"to": [18, 27, 12],
			"rotation": {"angle": 0, "axis": "y", "origin": [8, 9.29497, 7.25]},
			"faces": {
				"north": {"uv": [1, 2, 5, 5], "texture": "#0"},
				"east": {"uv": [1, 2, 5, 5], "texture": "#0"},
				"south": {"uv": [1, 2, 5, 5], "texture": "#0"},
				"west": {"uv": [1, 2, 5, 5], "texture": "#0"},
				"up": {"uv": [1, 2, 5, 5], "texture": "#0"},
				"down": {"uv": [1, 2, 5, 5], "texture": "#0"}
			}
		},
		{
			"from": [0, -14, 3],
			"to": [16, -12, 11],
			"rotation": {"angle": 0, "axis": "y", "origin": [8, 9.29497, 7.25]},
			"faces": {
				"north": {"uv": [1, 2, 5, 5], "texture": "#0"},
				"east": {"uv": [1, 2, 5, 5], "texture": "#0"},
				"south": {"uv": [1, 2, 5, 5], "texture": "#0"},
				"west": {"uv": [1, 2, 5, 5], "texture": "#0"},
				"up": {"uv": [1, 2, 5, 5], "texture": "#0"},
				"down": {"uv": [1, 2, 5, 5], "texture": "#0"}
			}
		},
		{
			"from": [25.59041, 14.74325, 2.9],
			"to": [27.59041, 26.89126, 12],
			"rotation": {"angle": 45, "axis": "z", "origin": [8, 9.29497, 7.25]},
			"faces": {
				"north": {"uv": [1, 2, 5, 5], "texture": "#0"},
				"east": {"uv": [1, 2, 5, 5], "texture": "#0"},
				"south": {"uv": [1, 2, 5, 5], "texture": "#0"},
				"west": {"uv": [1, 2, 5, 5], "texture": "#0"},
				"up": {"uv": [1, 2, 5, 5], "texture": "#0"},
				"down": {"uv": [1, 2, 5, 5], "texture": "#0"}
			}
		},
		{
			"from": [25.59629, 26.88538, 2.9],
			"to": [27.59629, 28.88538, 12],
			"rotation": {"angle": 45, "axis": "z", "origin": [8, 9.29497, 7.25]},
			"faces": {
				"north": {"uv": [1, 2, 2, 3], "texture": "#0"},
				"east": {"uv": [1, 2, 2, 3], "texture": "#0"},
				"south": {"uv": [1, 2, 2, 3], "texture": "#0"},
				"west": {"uv": [1, 2, 2, 3], "texture": "#0"},
				"up": {"uv": [1, 2, 2, 3], "texture": "#0"},
				"down": {"uv": [1, 2, 2, 3], "texture": "#0"}
			}
		},
		{
			"from": [-11.59041, 14.74325, 2.9],
			"to": [-9.59041, 26.89126, 12],
			"rotation": {"angle": -45, "axis": "z", "origin": [8, 9.29497, 7.25]},
			"faces": {
				"north": {"uv": [1, 2, 5, 5], "texture": "#0"},
				"east": {"uv": [1, 2, 5, 5], "texture": "#0"},
				"south": {"uv": [1, 2, 5, 5], "texture": "#0"},
				"west": {"uv": [1, 2, 5, 5], "texture": "#0"},
				"up": {"uv": [1, 2, 5, 5], "texture": "#0"},
				"down": {"uv": [1, 2, 5, 5], "texture": "#0"}
			}
		},
		{
			"from": [-12.76584, 15.56785, 4.594],
			"to": [-10.64584, 28.44474, 22.24],
			"rotation": {"angle": -45, "axis": "z", "origin": [8, 9.79267, 9.205]},
			"faces": {
				"north": {"uv": [11, 3, 13, 5], "rotation": 90, "texture": "#0"},
				"east": {"uv": [11, 3, 13, 5], "rotation": 90, "texture": "#0"},
				"south": {"uv": [11, 3, 13, 5], "rotation": 90, "texture": "#0"},
				"west": {"uv": [11, 3, 13, 5], "rotation": 90, "texture": "#0"},
				"up": {"uv": [11, 3, 13, 5], "rotation": 90, "texture": "#0"},
				"down": {"uv": [11, 3, 13, 5], "rotation": 90, "texture": "#0"}
			}
		},
		{
			"from": [26.64584, 15.56785, 4.594],
			"to": [28.76584, 28.44474, 22.24],
			"rotation": {"angle": 45, "axis": "z", "origin": [8, 9.79267, 9.205]},
			"faces": {
				"north": {"uv": [11, 3, 13, 5], "rotation": 90, "texture": "#0"},
				"east": {"uv": [11, 3, 13, 5], "rotation": 90, "texture": "#0"},
				"south": {"uv": [11, 3, 13, 5], "rotation": 90, "texture": "#0"},
				"west": {"uv": [11, 3, 13, 5], "rotation": 90, "texture": "#0"},
				"up": {"uv": [11, 3, 13, 5], "rotation": 90, "texture": "#0"},
				"down": {"uv": [11, 3, 13, 5], "rotation": 90, "texture": "#0"}
			}
		},
		{
			"from": [26.65207, 28.43851, 4.594],
			"to": [28.77207, 30.55851, 22.24],
			"rotation": {"angle": 45, "axis": "z", "origin": [8, 9.79267, 9.205]},
			"faces": {
				"north": {"uv": [12, 4, 10, 2], "rotation": 90, "texture": "#0"},
				"east": {"uv": [12, 4, 10, 2], "rotation": 90, "texture": "#0"},
				"south": {"uv": [12, 4, 10, 2], "rotation": 90, "texture": "#0"},
				"west": {"uv": [12, 4, 10, 2], "rotation": 90, "texture": "#0"},
				"up": {"uv": [12, 4, 10, 2], "rotation": 90, "texture": "#0"},
				"down": {"uv": [12, 4, 10, 2], "rotation": 90, "texture": "#0"}
			}
		},
		{
			"from": [16.48, -14.9, 4.7],
			"to": [18.6, 28.56, 22.24],
			"rotation": {"angle": 0, "axis": "y", "origin": [8, 9.79267, 9.205]},
			"faces": {
				"north": {"uv": [11, 3, 13, 5], "rotation": 90, "texture": "#0"},
				"east": {"uv": [11, 3, 13, 5], "rotation": 90, "texture": "#0"},
				"south": {"uv": [11, 3, 13, 5], "rotation": 90, "texture": "#0"},
				"west": {"uv": [11, 3, 13, 5], "rotation": 90, "texture": "#0"},
				"up": {"uv": [11, 3, 13, 5], "rotation": 90, "texture": "#0"},
				"down": {"uv": [11, 3, 13, 5], "rotation": 90, "texture": "#0"}
			}
		},
		{
			"from": [-2.6, -14.9, 4.7],
			"to": [-0.48, 28.56, 22.18],
			"rotation": {"angle": 0, "axis": "y", "origin": [8, 9.79267, 9.205]},
			"faces": {
				"north": {"uv": [11, 3, 13, 5], "rotation": 90, "texture": "#0"},
				"east": {"uv": [11, 3, 13, 5], "rotation": 90, "texture": "#0"},
				"south": {"uv": [11, 3, 13, 5], "rotation": 90, "texture": "#0"},
				"west": {"uv": [11, 3, 13, 5], "rotation": 90, "texture": "#0"},
				"up": {"uv": [11, 3, 13, 5], "rotation": 90, "texture": "#0"},
				"down": {"uv": [11, 3, 13, 5], "rotation": 90, "texture": "#0"}
			}
		},
		{
			"from": [-1.2, -14.09289, 4.66],
			"to": [0.64, 25.30711, 10.72],
			"rotation": {"angle": 0, "axis": "y", "origin": [8, 9.01849, 7.27]},
			"faces": {
				"north": {"uv": [1, 2, 4, 5], "texture": "#0"},
				"east": {"uv": [1, 2, 4, 5], "texture": "#0"},
				"south": {"uv": [1, 2, 4, 5], "texture": "#0"},
				"west": {"uv": [1, 2, 4, 5], "texture": "#0"},
				"up": {"uv": [1, 2, 4, 5], "texture": "#0"},
				"down": {"uv": [1, 2, 4, 5], "texture": "#0"}
			}
		},
		{
			"from": [15.36, -14.09289, 4.66],
			"to": [17.2, 25.30711, 11.64],
			"rotation": {"angle": 0, "axis": "y", "origin": [8, 9.01849, 7.27]},
			"faces": {
				"north": {"uv": [1, 2, 4, 5], "texture": "#0"},
				"east": {"uv": [1, 2, 4, 5], "texture": "#0"},
				"south": {"uv": [1, 2, 4, 5], "texture": "#0"},
				"west": {"uv": [1, 2, 4, 5], "texture": "#0"},
				"up": {"uv": [1, 2, 4, 5], "texture": "#0"},
				"down": {"uv": [1, 2, 4, 5], "texture": "#0"}
			}
		},
		{
			"from": [-0.36, -12.09289, 4.36],
			"to": [17.36, -10.25289, 21.72],
			"rotation": {"angle": 0, "axis": "y", "origin": [8, 9.01849, 7.27]},
			"faces": {
				"north": {"uv": [1, 2, 5, 4], "texture": "#1"},
				"east": {"uv": [1, 2, 5, 4], "texture": "#1"},
				"south": {"uv": [1, 2, 5, 4], "texture": "#1"},
				"west": {"uv": [1, 2, 5, 4], "texture": "#1"},
				"up": {"uv": [1, 2, 5, 4], "texture": "#1"},
				"down": {"uv": [1, 2, 5, 4], "texture": "#1"}
			}
		},
		{
			"from": [24.18318, 14.0309, 4.36],
			"to": [26.02318, 25.20707, 11.64],
			"rotation": {"angle": 45, "axis": "z", "origin": [8, 9.01849, 7.27]},
			"faces": {
				"north": {"uv": [1, 2, 4, 5], "texture": "#0"},
				"east": {"uv": [1, 2, 4, 5], "texture": "#0"},
				"south": {"uv": [1, 2, 4, 5], "texture": "#0"},
				"west": {"uv": [1, 2, 4, 5], "texture": "#0"},
				"up": {"uv": [1, 2, 4, 5], "texture": "#0"},
				"down": {"uv": [1, 2, 4, 5], "texture": "#0"}
			}
		},
		{
			"from": [24.18859, 25.20167, 4.36],
			"to": [26.02859, 27.04167, 11.64],
			"rotation": {"angle": 45, "axis": "z", "origin": [8, 9.01849, 7.27]},
			"faces": {
				"north": {"uv": [1, 2, 2, 3], "texture": "#0"},
				"east": {"uv": [1, 2, 2, 3], "texture": "#0"},
				"south": {"uv": [1, 2, 2, 3], "texture": "#0"},
				"west": {"uv": [1, 2, 2, 3], "texture": "#0"},
				"up": {"uv": [1, 2, 2, 3], "texture": "#0"},
				"down": {"uv": [1, 2, 2, 3], "texture": "#0"}
			}
		},
		{
			"from": [-10.02318, 14.0309, 4.36],
			"to": [-8.18318, 25.20707, 11.64],
			"rotation": {"angle": -45, "axis": "z", "origin": [8, 9.01849, 7.27]},
			"faces": {
				"north": {"uv": [1, 2, 4, 5], "texture": "#0"},
				"east": {"uv": [1, 2, 4, 5], "texture": "#0"},
				"south": {"uv": [1, 2, 4, 5], "texture": "#0"},
				"west": {"uv": [1, 2, 4, 5], "texture": "#0"},
				"up": {"uv": [1, 2, 4, 5], "texture": "#0"},
				"down": {"uv": [1, 2, 4, 5], "texture": "#0"}
			}
		},
		{
			"from": [-0.49048, 20.95216, 6],
			"to": [1.00952, 22.20216, 8],
			"rotation": {"angle": 45, "axis": "z", "origin": [0.88452, 21.95216, 7]},
			"faces": {
				"north": {"uv": [2, 2, 3, 3], "texture": "#0"},
				"east": {"uv": [2, 2, 3, 3], "texture": "#0"},
				"south": {"uv": [2, 2, 3, 3], "texture": "#0"},
				"west": {"uv": [2, 2, 3, 3], "texture": "#0"},
				"up": {"uv": [2, 2, 3, 3], "texture": "#0"},
				"down": {"uv": [2, 2, 3, 3], "texture": "#0"}
			}
		},
		{
			"from": [0.78713, 21.51255, 6],
			"to": [2.28713, 22.76255, 8],
			"rotation": {"angle": 22.5, "axis": "z", "origin": [2.16213, 22.51255, 7]},
			"faces": {
				"north": {"uv": [2, 2, 3, 3], "texture": "#0"},
				"east": {"uv": [2, 2, 3, 3], "texture": "#0"},
				"south": {"uv": [2, 2, 3, 3], "texture": "#0"},
				"west": {"uv": [2, 2, 3, 3], "texture": "#0"},
				"up": {"uv": [2, 2, 3, 3], "texture": "#0"},
				"down": {"uv": [2, 2, 3, 3], "texture": "#0"}
			}
		},
		{
			"from": [2.18195, 21.54135, 6],
			"to": [3.68195, 22.79135, 8],
			"rotation": {"angle": 0, "axis": "z", "origin": [-6.44305, 14.54135, -1]},
			"faces": {
				"north": {"uv": [2, 2, 3, 3], "texture": "#0"},
				"east": {"uv": [2, 2, 3, 3], "texture": "#0"},
				"south": {"uv": [2, 2, 3, 3], "texture": "#0"},
				"west": {"uv": [2, 2, 3, 3], "texture": "#0"},
				"up": {"uv": [2, 2, 3, 3], "texture": "#0"},
				"down": {"uv": [2, 2, 3, 3], "texture": "#0"}
			}
		},
		{
			"from": [-0.24591, 24.78803, 6],
			"to": [1.25409, 26.03803, 8],
			"rotation": {"angle": -22.5, "axis": "z", "origin": [-6.44305, 14.54135, -1]},
			"faces": {
				"north": {"uv": [2, 2, 3, 3], "texture": "#0"},
				"east": {"uv": [2, 2, 3, 3], "texture": "#0"},
				"south": {"uv": [2, 2, 3, 3], "texture": "#0"},
				"west": {"uv": [2, 2, 3, 3], "texture": "#0"},
				"up": {"uv": [2, 2, 3, 3], "texture": "#0"},
				"down": {"uv": [2, 2, 3, 3], "texture": "#0"}
			}
		},
		{
			"from": [-3.73141, 26.85847, 6],
			"to": [-2.23141, 28.10847, 8],
			"rotation": {"angle": -45, "axis": "z", "origin": [-6.44305, 14.54135, -1]},
			"faces": {
				"north": {"uv": [2, 2, 3, 3], "texture": "#0"},
				"east": {"uv": [2, 2, 3, 3], "texture": "#0"},
				"south": {"uv": [2, 2, 3, 3], "texture": "#0"},
				"west": {"uv": [2, 2, 3, 3], "texture": "#0"},
				"up": {"uv": [2, 2, 3, 3], "texture": "#0"},
				"down": {"uv": [2, 2, 3, 3], "texture": "#0"}
			}
		},
		{
			"from": [18.23141, 26.85847, 6],
			"to": [19.73141, 28.10847, 8],
			"rotation": {"angle": 45, "axis": "z", "origin": [22.44305, 14.54135, -1]},
			"faces": {
				"north": {"uv": [2, 2, 3, 3], "texture": "#0"},
				"east": {"uv": [2, 2, 3, 3], "texture": "#0"},
				"south": {"uv": [2, 2, 3, 3], "texture": "#0"},
				"west": {"uv": [2, 2, 3, 3], "texture": "#0"},
				"up": {"uv": [2, 2, 3, 3], "texture": "#0"},
				"down": {"uv": [2, 2, 3, 3], "texture": "#0"}
			}
		},
		{
			"from": [10.12594, 14.32971, 6],
			"to": [10.87594, 20.82971, 8],
			"rotation": {"angle": 0, "axis": "z", "origin": [9.50094, 11.07971, 7]},
			"faces": {
				"north": {"uv": [2, 2, 3, 3], "rotation": 270, "texture": "#0"},
				"east": {"uv": [2, 2, 3, 3], "rotation": 270, "texture": "#0"},
				"south": {"uv": [2, 2, 3, 3], "rotation": 270, "texture": "#0"},
				"west": {"uv": [2, 2, 3, 3], "rotation": 270, "texture": "#0"},
				"up": {"uv": [2, 2, 3, 3], "rotation": 270, "texture": "#0"},
				"down": {"uv": [2, 2, 3, 3], "rotation": 270, "texture": "#0"}
			}
		},
		{
			"from": [10.22594, 9.32971, 6],
			"to": [10.72594, 14.32971, 8],
			"rotation": {"angle": 0, "axis": "z", "origin": [9.50094, 11.07971, 7]},
			"faces": {
				"north": {"uv": [2, 2, 3, 3], "rotation": 270, "texture": "#0"},
				"east": {"uv": [2, 2, 3, 3], "rotation": 270, "texture": "#0"},
				"south": {"uv": [2, 2, 3, 3], "rotation": 270, "texture": "#0"},
				"west": {"uv": [2, 2, 3, 3], "rotation": 270, "texture": "#0"},
				"up": {"uv": [2, 2, 3, 3], "rotation": 270, "texture": "#0"},
				"down": {"uv": [2, 2, 3, 3], "rotation": 270, "texture": "#0"}
			}
		},
		{
			"from": [5.22594, -0.67029, 6],
			"to": [5.72594, 14.32971, 8],
			"rotation": {"angle": 0, "axis": "z", "origin": [9.50094, 11.07971, 7]},
			"faces": {
				"north": {"uv": [2, 2, 3, 3], "rotation": 270, "texture": "#0"},
				"east": {"uv": [2, 2, 3, 3], "rotation": 270, "texture": "#0"},
				"south": {"uv": [2, 2, 3, 3], "rotation": 270, "texture": "#0"},
				"west": {"uv": [2, 2, 3, 3], "rotation": 270, "texture": "#0"},
				"up": {"uv": [2, 2, 3, 3], "rotation": 270, "texture": "#0"},
				"down": {"uv": [2, 2, 3, 3], "rotation": 270, "texture": "#0"}
			}
		},
		{
			"from": [5.12594, 14.32971, 6],
			"to": [5.87594, 20.82971, 8],
			"rotation": {"angle": 0, "axis": "z", "origin": [9.50094, 11.07971, 7]},
			"faces": {
				"north": {"uv": [2, 2, 3, 3], "rotation": 270, "texture": "#0"},
				"east": {"uv": [2, 2, 3, 3], "rotation": 270, "texture": "#0"},
				"south": {"uv": [2, 2, 3, 3], "rotation": 270, "texture": "#0"},
				"west": {"uv": [2, 2, 3, 3], "rotation": 270, "texture": "#0"},
				"up": {"uv": [2, 2, 3, 3], "rotation": 270, "texture": "#0"},
				"down": {"uv": [2, 2, 3, 3], "rotation": 270, "texture": "#0"}
			}
		},
		{
			"from": [3.87594, 21.07971, 6.5],
			"to": [4.62594, 27.82971, 7.75],
			"rotation": {"angle": 22.5, "axis": "z", "origin": [5.50094, 23.57971, 7]},
			"faces": {
				"north": {"uv": [2, 2, 3, 3], "rotation": 270, "texture": "#0"},
				"east": {"uv": [2, 2, 3, 3], "rotation": 270, "texture": "#0"},
				"south": {"uv": [2, 2, 3, 3], "rotation": 270, "texture": "#0"},
				"west": {"uv": [2, 2, 3, 3], "rotation": 270, "texture": "#0"},
				"up": {"uv": [2, 2, 3, 3], "rotation": 270, "texture": "#0"},
				"down": {"uv": [2, 2, 3, 3], "rotation": 270, "texture": "#0"}
			}
		},
		{
			"from": [11.37406, 21.07971, 6.5],
			"to": [12.12406, 27.82971, 7.75],
			"rotation": {"angle": -22.5, "axis": "z", "origin": [10.49906, 23.57971, 7]},
			"faces": {
				"north": {"uv": [2, 2, 3, 3], "rotation": 270, "texture": "#0"},
				"east": {"uv": [2, 2, 3, 3], "rotation": 270, "texture": "#0"},
				"south": {"uv": [2, 2, 3, 3], "rotation": 270, "texture": "#0"},
				"west": {"uv": [2, 2, 3, 3], "rotation": 270, "texture": "#0"},
				"up": {"uv": [2, 2, 3, 3], "rotation": 270, "texture": "#0"},
				"down": {"uv": [2, 2, 3, 3], "rotation": 270, "texture": "#0"}
			}
		},
		{
			"from": [8.87406, 21.07971, 6.5],
			"to": [9.62406, 29.82971, 7.75],
			"rotation": {"angle": -22.5, "axis": "z", "origin": [10.49906, 23.57971, 7]},
			"faces": {
				"north": {"uv": [2, 2, 3, 3], "rotation": 270, "texture": "#0"},
				"east": {"uv": [2, 2, 3, 3], "rotation": 270, "texture": "#0"},
				"south": {"uv": [2, 2, 3, 3], "rotation": 270, "texture": "#0"},
				"west": {"uv": [2, 2, 3, 3], "rotation": 270, "texture": "#0"},
				"up": {"uv": [2, 2, 3, 3], "rotation": 270, "texture": "#0"},
				"down": {"uv": [2, 2, 3, 3], "rotation": 270, "texture": "#0"}
			}
		},
		{
			"from": [6.37594, 21.07971, 6.5],
			"to": [7.12594, 29.82971, 7.75],
			"rotation": {"angle": 22.5, "axis": "z", "origin": [5.50094, 23.57971, 7]},
			"faces": {
				"north": {"uv": [2, 2, 3, 3], "rotation": 270, "texture": "#0"},
				"east": {"uv": [2, 2, 3, 3], "rotation": 270, "texture": "#0"},
				"south": {"uv": [2, 2, 3, 3], "rotation": 270, "texture": "#0"},
				"west": {"uv": [2, 2, 3, 3], "rotation": 270, "texture": "#0"},
				"up": {"uv": [2, 2, 3, 3], "rotation": 270, "texture": "#0"},
				"down": {"uv": [2, 2, 3, 3], "rotation": 270, "texture": "#0"}
			}
		},
		{
			"from": [7.62594, 27.07971, 6.5],
			"to": [8.37594, 31.82971, 7.75],
			"rotation": {"angle": 0, "axis": "z", "origin": [6.75094, 25.45471, 7.125]},
			"faces": {
				"north": {"uv": [2, 2, 3, 3], "rotation": 270, "texture": "#0"},
				"east": {"uv": [2, 2, 3, 3], "rotation": 270, "texture": "#0"},
				"south": {"uv": [2, 2, 3, 3], "rotation": 270, "texture": "#0"},
				"west": {"uv": [2, 2, 3, 3], "rotation": 270, "texture": "#0"},
				"up": {"uv": [2, 2, 3, 3], "rotation": 270, "texture": "#0"},
				"down": {"uv": [2, 2, 3, 3], "rotation": 270, "texture": "#0"}
			}
		},
		{
			"from": [5.12594, -13.17029, 6],
			"to": [5.87594, -0.67029, 8],
			"rotation": {"angle": 0, "axis": "z", "origin": [9.50094, 11.07971, 7]},
			"faces": {
				"north": {"uv": [2, 2, 3, 3], "rotation": 270, "texture": "#0"},
				"east": {"uv": [2, 2, 3, 3], "rotation": 270, "texture": "#0"},
				"south": {"uv": [2, 2, 3, 3], "rotation": 270, "texture": "#0"},
				"west": {"uv": [2, 2, 3, 3], "rotation": 270, "texture": "#0"},
				"up": {"uv": [2, 2, 3, 3], "rotation": 270, "texture": "#0"},
				"down": {"uv": [2, 2, 3, 3], "rotation": 270, "texture": "#0"}
			}
		},
		{
			"from": [14.74591, 24.78803, 6],
			"to": [16.24591, 26.03803, 8],
			"rotation": {"angle": 22.5, "axis": "z", "origin": [22.44305, 14.54135, -1]},
			"faces": {
				"north": {"uv": [2, 2, 3, 3], "texture": "#0"},
				"east": {"uv": [2, 2, 3, 3], "texture": "#0"},
				"south": {"uv": [2, 2, 3, 3], "texture": "#0"},
				"west": {"uv": [2, 2, 3, 3], "texture": "#0"},
				"up": {"uv": [2, 2, 3, 3], "texture": "#0"},
				"down": {"uv": [2, 2, 3, 3], "texture": "#0"}
			}
		},
		{
			"from": [12.31805, 21.54135, 6],
			"to": [13.81805, 22.79135, 8],
			"rotation": {"angle": 0, "axis": "z", "origin": [22.44305, 14.54135, -1]},
			"faces": {
				"north": {"uv": [2, 2, 3, 3], "texture": "#0"},
				"east": {"uv": [2, 2, 3, 3], "texture": "#0"},
				"south": {"uv": [2, 2, 3, 3], "texture": "#0"},
				"west": {"uv": [2, 2, 3, 3], "texture": "#0"},
				"up": {"uv": [2, 2, 3, 3], "texture": "#0"},
				"down": {"uv": [2, 2, 3, 3], "texture": "#0"}
			}
		},
		{
			"from": [14.99048, 20.95216, 6],
			"to": [16.49048, 22.20216, 8],
			"rotation": {"angle": -45, "axis": "z", "origin": [15.11548, 21.95216, 7]},
			"faces": {
				"north": {"uv": [2, 2, 3, 3], "texture": "#0"},
				"east": {"uv": [2, 2, 3, 3], "texture": "#0"},
				"south": {"uv": [2, 2, 3, 3], "texture": "#0"},
				"west": {"uv": [2, 2, 3, 3], "texture": "#0"},
				"up": {"uv": [2, 2, 3, 3], "texture": "#0"},
				"down": {"uv": [2, 2, 3, 3], "texture": "#0"}
			}
		},
		{
			"from": [13.71287, 21.51255, 6],
			"to": [15.21287, 22.76255, 8],
			"rotation": {"angle": -22.5, "axis": "z", "origin": [13.83787, 22.51255, 7]},
			"faces": {
				"north": {"uv": [2, 2, 3, 3], "texture": "#0"},
				"east": {"uv": [2, 2, 3, 3], "texture": "#0"},
				"south": {"uv": [2, 2, 3, 3], "texture": "#0"},
				"west": {"uv": [2, 2, 3, 3], "texture": "#0"},
				"up": {"uv": [2, 2, 3, 3], "texture": "#0"},
				"down": {"uv": [2, 2, 3, 3], "texture": "#0"}
			}
		},
		{
			"from": [13.23141, 26.85847, 6],
			"to": [14.73141, 28.10847, 8],
			"rotation": {"angle": 45, "axis": "z", "origin": [17.44305, 14.54135, -1]},
			"faces": {
				"north": {"uv": [2, 2, 3, 3], "texture": "#0"},
				"east": {"uv": [2, 2, 3, 3], "texture": "#0"},
				"south": {"uv": [2, 2, 3, 3], "texture": "#0"},
				"west": {"uv": [2, 2, 3, 3], "texture": "#0"},
				"up": {"uv": [2, 2, 3, 3], "texture": "#0"},
				"down": {"uv": [2, 2, 3, 3], "texture": "#0"}
			}
		},
		{
			"from": [9.74591, 24.78803, 6],
			"to": [11.24591, 26.03803, 8],
			"rotation": {"angle": 22.5, "axis": "z", "origin": [17.44305, 14.54135, -1]},
			"faces": {
				"north": {"uv": [2, 2, 3, 3], "texture": "#0"},
				"east": {"uv": [2, 2, 3, 3], "texture": "#0"},
				"south": {"uv": [2, 2, 3, 3], "texture": "#0"},
				"west": {"uv": [2, 2, 3, 3], "texture": "#0"},
				"up": {"uv": [2, 2, 3, 3], "texture": "#0"},
				"down": {"uv": [2, 2, 3, 3], "texture": "#0"}
			}
		},
		{
			"from": [7.31805, 21.54135, 6],
			"to": [8.81805, 22.79135, 8],
			"rotation": {"angle": 0, "axis": "z", "origin": [17.44305, 14.54135, -1]},
			"faces": {
				"north": {"uv": [2, 2, 3, 3], "texture": "#0"},
				"east": {"uv": [2, 2, 3, 3], "texture": "#0"},
				"south": {"uv": [2, 2, 3, 3], "texture": "#0"},
				"west": {"uv": [2, 2, 3, 3], "texture": "#0"},
				"up": {"uv": [2, 2, 3, 3], "texture": "#0"},
				"down": {"uv": [2, 2, 3, 3], "texture": "#0"}
			}
		},
		{
			"from": [9.99048, 20.95216, 6],
			"to": [11.49048, 22.20216, 8],
			"rotation": {"angle": -45, "axis": "z", "origin": [10.11548, 21.95216, 7]},
			"faces": {
				"north": {"uv": [2, 2, 3, 3], "texture": "#0"},
				"east": {"uv": [2, 2, 3, 3], "texture": "#0"},
				"south": {"uv": [2, 2, 3, 3], "texture": "#0"},
				"west": {"uv": [2, 2, 3, 3], "texture": "#0"},
				"up": {"uv": [2, 2, 3, 3], "texture": "#0"},
				"down": {"uv": [2, 2, 3, 3], "texture": "#0"}
			}
		},
		{
			"from": [8.71287, 21.51255, 6],
			"to": [10.21287, 22.76255, 8],
			"rotation": {"angle": -22.5, "axis": "z", "origin": [8.83787, 22.51255, 7]},
			"faces": {
				"north": {"uv": [2, 2, 3, 3], "texture": "#0"},
				"east": {"uv": [2, 2, 3, 3], "texture": "#0"},
				"south": {"uv": [2, 2, 3, 3], "texture": "#0"},
				"west": {"uv": [2, 2, 3, 3], "texture": "#0"},
				"up": {"uv": [2, 2, 3, 3], "texture": "#0"},
				"down": {"uv": [2, 2, 3, 3], "texture": "#0"}
			}
		},
		{
			"name": "hexadecagon",
			"from": [5.50272, 22.25, 6],
			"to": [6.49728, 23.25, 7],
			"rotation": {"angle": -45, "axis": "z", "origin": [6, 24.75, 6.5]},
			"faces": {
				"north": {"uv": [2, 2, 3, 3], "texture": "#0"},
				"east": {"uv": [2, 2, 3, 3], "texture": "#0"},
				"south": {"uv": [2, 2, 3, 3], "texture": "#0"},
				"west": {"uv": [2, 2, 3, 3], "texture": "#0"},
				"up": {"uv": [2, 2, 3, 3], "texture": "#0"},
				"down": {"uv": [2, 2, 3, 3], "texture": "#0"}
			}
		},
		{
			"name": "hexadecagon",
			"from": [5.50272, 22.25, 6],
			"to": [6.49728, 23.25, 7],
			"rotation": {"angle": -22.5, "axis": "z", "origin": [6, 24.75, 6.5]},
			"faces": {
				"north": {"uv": [2, 2, 3, 3], "texture": "#0"},
				"east": {"uv": [2, 2, 3, 3], "texture": "#0"},
				"south": {"uv": [2, 2, 3, 3], "texture": "#0"},
				"west": {"uv": [2, 2, 3, 3], "texture": "#0"},
				"up": {"uv": [2, 2, 3, 3], "texture": "#0"},
				"down": {"uv": [2, 2, 3, 3], "texture": "#0"}
			}
		},
		{
			"name": "hexadecagon",
			"from": [5.50272, 22.25, 6],
			"to": [6.49728, 23.25, 7],
			"rotation": {"angle": 0, "axis": "z", "origin": [6, 24.75, 6.5]},
			"faces": {
				"north": {"uv": [2, 2, 3, 3], "texture": "#0"},
				"east": {"uv": [2, 2, 3, 3], "texture": "#0"},
				"south": {"uv": [2, 2, 3, 3], "texture": "#0"},
				"west": {"uv": [2, 2, 3, 3], "texture": "#0"},
				"up": {"uv": [2, 2, 3, 3], "texture": "#0"},
				"down": {"uv": [2, 2, 3, 3], "texture": "#0"}
			}
		},
		{
			"name": "hexadecagon",
			"from": [5.50272, 22.25, 6],
			"to": [6.49728, 23.25, 7],
			"rotation": {"angle": 22.5, "axis": "z", "origin": [6, 24.75, 6.5]},
			"faces": {
				"north": {"uv": [2, 2, 3, 3], "texture": "#0"},
				"east": {"uv": [2, 2, 3, 3], "texture": "#0"},
				"south": {"uv": [2, 2, 3, 3], "texture": "#0"},
				"west": {"uv": [2, 2, 3, 3], "texture": "#0"},
				"up": {"uv": [2, 2, 3, 3], "texture": "#0"},
				"down": {"uv": [2, 2, 3, 3], "texture": "#0"}
			}
		},
		{
			"name": "hexadecagon",
			"from": [5.50272, 22.25, 6],
			"to": [6.49728, 23.25, 7],
			"rotation": {"angle": 45, "axis": "z", "origin": [6, 24.75, 6.5]},
			"faces": {
				"north": {"uv": [2, 2, 3, 3], "texture": "#0"},
				"east": {"uv": [2, 2, 3, 3], "texture": "#0"},
				"south": {"uv": [2, 2, 3, 3], "texture": "#0"},
				"west": {"uv": [2, 2, 3, 3], "texture": "#0"},
				"up": {"uv": [2, 2, 3, 3], "texture": "#0"},
				"down": {"uv": [2, 2, 3, 3], "texture": "#0"}
			}
		},
		{
			"name": "hexadecagon",
			"from": [5.50272, 26.25, 6],
			"to": [6.49728, 27.25, 7],
			"rotation": {"angle": -45, "axis": "z", "origin": [6, 24.75, 6.5]},
			"faces": {
				"north": {"uv": [2, 2, 3, 3], "texture": "#0"},
				"east": {"uv": [2, 2, 3, 3], "texture": "#0"},
				"south": {"uv": [2, 2, 3, 3], "texture": "#0"},
				"west": {"uv": [2, 2, 3, 3], "texture": "#0"},
				"up": {"uv": [2, 2, 3, 3], "texture": "#0"},
				"down": {"uv": [2, 2, 3, 3], "texture": "#0"}
			}
		},
		{
			"name": "hexadecagon",
			"from": [5.50272, 26.25, 6],
			"to": [6.49728, 27.25, 7],
			"rotation": {"angle": -22.5, "axis": "z", "origin": [6, 24.75, 6.5]},
			"faces": {
				"north": {"uv": [2, 2, 3, 3], "texture": "#0"},
				"east": {"uv": [2, 2, 3, 3], "texture": "#0"},
				"south": {"uv": [2, 2, 3, 3], "texture": "#0"},
				"west": {"uv": [2, 2, 3, 3], "texture": "#0"},
				"up": {"uv": [2, 2, 3, 3], "texture": "#0"},
				"down": {"uv": [2, 2, 3, 3], "texture": "#0"}
			}
		},
		{
			"name": "hexadecagon",
			"from": [5.50272, 26.25, 6],
			"to": [6.49728, 27.25, 7],
			"rotation": {"angle": 0, "axis": "z", "origin": [6, 24.75, 6.5]},
			"faces": {
				"north": {"uv": [2, 2, 3, 3], "texture": "#0"},
				"east": {"uv": [2, 2, 3, 3], "texture": "#0"},
				"south": {"uv": [2, 2, 3, 3], "texture": "#0"},
				"west": {"uv": [2, 2, 3, 3], "texture": "#0"},
				"up": {"uv": [2, 2, 3, 3], "texture": "#0"},
				"down": {"uv": [2, 2, 3, 3], "texture": "#0"}
			}
		},
		{
			"name": "hexadecagon",
			"from": [5.50272, 26.25, 6],
			"to": [6.49728, 27.25, 7],
			"rotation": {"angle": 22.5, "axis": "z", "origin": [6, 24.75, 6.5]},
			"faces": {
				"north": {"uv": [2, 2, 3, 3], "texture": "#0"},
				"east": {"uv": [2, 2, 3, 3], "texture": "#0"},
				"south": {"uv": [2, 2, 3, 3], "texture": "#0"},
				"west": {"uv": [2, 2, 3, 3], "texture": "#0"},
				"up": {"uv": [2, 2, 3, 3], "texture": "#0"},
				"down": {"uv": [2, 2, 3, 3], "texture": "#0"}
			}
		},
		{
			"name": "hexadecagon",
			"from": [5.50272, 26.25, 6],
			"to": [6.49728, 27.25, 7],
			"rotation": {"angle": 45, "axis": "z", "origin": [6, 24.75, 6.5]},
			"faces": {
				"north": {"uv": [2, 2, 3, 3], "texture": "#0"},
				"east": {"uv": [2, 2, 3, 3], "texture": "#0"},
				"south": {"uv": [2, 2, 3, 3], "texture": "#0"},
				"west": {"uv": [2, 2, 3, 3], "texture": "#0"},
				"up": {"uv": [2, 2, 3, 3], "texture": "#0"},
				"down": {"uv": [2, 2, 3, 3], "texture": "#0"}
			}
		},
		{
			"name": "hexadecagon",
			"from": [3.5, 24.25272, 6],
			"to": [4.5, 25.24728, 7],
			"rotation": {"angle": -22.5, "axis": "z", "origin": [6, 24.75, 6.5]},
			"faces": {
				"north": {"uv": [2, 2, 3, 3], "texture": "#0"},
				"east": {"uv": [2, 2, 3, 3], "texture": "#0"},
				"south": {"uv": [2, 2, 3, 3], "texture": "#0"},
				"west": {"uv": [2, 2, 3, 3], "texture": "#0"},
				"up": {"uv": [2, 2, 3, 3], "texture": "#0"},
				"down": {"uv": [2, 2, 3, 3], "texture": "#0"}
			}
		},
		{
			"name": "hexadecagon",
			"from": [3.5, 24.25272, 6],
			"to": [4.5, 25.24728, 7],
			"rotation": {"angle": 0, "axis": "z", "origin": [6, 24.75, 6.5]},
			"faces": {
				"north": {"uv": [2, 2, 3, 3], "texture": "#0"},
				"east": {"uv": [2, 2, 3, 3], "texture": "#0"},
				"south": {"uv": [2, 2, 3, 3], "texture": "#0"},
				"west": {"uv": [2, 2, 3, 3], "texture": "#0"},
				"up": {"uv": [2, 2, 3, 3], "texture": "#0"},
				"down": {"uv": [2, 2, 3, 3], "texture": "#0"}
			}
		},
		{
			"name": "hexadecagon",
			"from": [3.5, 24.25272, 6],
			"to": [4.5, 25.24728, 7],
			"rotation": {"angle": 22.5, "axis": "z", "origin": [6, 24.75, 6.5]},
			"faces": {
				"north": {"uv": [2, 2, 3, 3], "texture": "#0"},
				"east": {"uv": [2, 2, 3, 3], "texture": "#0"},
				"south": {"uv": [2, 2, 3, 3], "texture": "#0"},
				"west": {"uv": [2, 2, 3, 3], "texture": "#0"},
				"up": {"uv": [2, 2, 3, 3], "texture": "#0"},
				"down": {"uv": [2, 2, 3, 3], "texture": "#0"}
			}
		},
		{
			"name": "hexadecagon",
			"from": [7.5, 24.25272, 6],
			"to": [8.5, 25.24728, 7],
			"rotation": {"angle": -22.5, "axis": "z", "origin": [6, 24.75, 6.5]},
			"faces": {
				"north": {"uv": [2, 2, 3, 3], "texture": "#0"},
				"east": {"uv": [2, 2, 3, 3], "texture": "#0"},
				"south": {"uv": [2, 2, 3, 3], "texture": "#0"},
				"west": {"uv": [2, 2, 3, 3], "texture": "#0"},
				"up": {"uv": [2, 2, 3, 3], "texture": "#0"},
				"down": {"uv": [2, 2, 3, 3], "texture": "#0"}
			}
		},
		{
			"name": "hexadecagon",
			"from": [7.5, 24.25272, 6],
			"to": [8.5, 25.24728, 7],
			"rotation": {"angle": 0, "axis": "z", "origin": [6, 24.75, 6.5]},
			"faces": {
				"north": {"uv": [2, 2, 3, 3], "texture": "#0"},
				"east": {"uv": [2, 2, 3, 3], "texture": "#0"},
				"south": {"uv": [2, 2, 3, 3], "texture": "#0"},
				"west": {"uv": [2, 2, 3, 3], "texture": "#0"},
				"up": {"uv": [2, 2, 3, 3], "texture": "#0"},
				"down": {"uv": [2, 2, 3, 3], "texture": "#0"}
			}
		},
		{
			"name": "hexadecagon",
			"from": [7.5, 24.25272, 6],
			"to": [8.5, 25.24728, 7],
			"rotation": {"angle": 22.5, "axis": "z", "origin": [6, 24.75, 6.5]},
			"faces": {
				"north": {"uv": [2, 2, 3, 3], "texture": "#0"},
				"east": {"uv": [2, 2, 3, 3], "texture": "#0"},
				"south": {"uv": [2, 2, 3, 3], "texture": "#0"},
				"west": {"uv": [2, 2, 3, 3], "texture": "#0"},
				"up": {"uv": [2, 2, 3, 3], "texture": "#0"},
				"down": {"uv": [2, 2, 3, 3], "texture": "#0"}
			}
		}
	],
	"display": {
		"gui": {
			"rotation": [30, 150, 0],
			"translation": [-1, -1.25, 0],
			"scale": [0.29, 0.28, 0.27]
		},
		"head": {
			"translation": [0, 43.45, 0],
			"scale": [3.8, 3.8, 3.8]
		}
	},
	"groups": [
		{
			"name": "group",
			"origin": [8, 29.0889, 7.5],
			"color": 0,
			"nbt": "{}",
			"children": [0, 1, 2, 3, 4, 5, 6, 7, 8, 9, 10]
		},
		{
			"name": "group",
			"origin": [8, 29.0889, 7.5],
			"color": 0,
			"nbt": "{}",
			"children": [11, 12, 13, 14, 15, 16]
		},
		17,
		18,
		19,
		20,
		21,
		22,
		23,
		24,
		25,
		26,
		27,
		28,
		29,
		30,
		31,
		32,
		33,
		34,
		35,
		36,
		37,
		38,
		39,
		40,
		41,
		{
			"name": "hexadecagon",
			"origin": [8, 8, 8],
			"color": 0,
			"nbt": "{}",
			"children": [42, 43, 44, 45, 46, 47, 48, 49, 50, 51, 52, 53, 54, 55, 56, 57]
		}
	]
}