{
	"credit": "Made with Blockbench",
	"texture_size": [64, 64],
	"textures": {
		"0": "block/custom/vaandel",
		"particle": "block/custom/vaandel"
	},
	"elements": [
		{
			"from": [12.8812, 16.98395, 8],
			"to": [15.8812, 17.98395, 10],
			"rotation": {"angle": 0, "axis": "z", "origin": [17.8812, 17.73395, 1]},
			"faces": {
				"north": {"uv": [7.75, 6, 8.5, 6.25], "texture": "#0"},
				"east": {"uv": [4.5, 8, 5, 8.25], "texture": "#0"},
				"south": {"uv": [7.25, 7.75, 8, 8], "texture": "#0"},
				"west": {"uv": [5, 8, 5.5, 8.25], "texture": "#0"},
				"up": {"uv": [3, 6, 2.25, 5.5], "texture": "#0"},
				"down": {"uv": [6.75, 3.25, 6, 3.75], "texture": "#0"}
			}
		},
		{
			"from": [9.8812, 17.23395, 8],
			"to": [12.8812, 18.23395, 10],
			"rotation": {"angle": 0, "axis": "z", "origin": [17.8812, 17.73395, 1]},
			"faces": {
				"north": {"uv": [8, 1.5, 8.75, 1.75], "texture": "#0"},
				"east": {"uv": [5.5, 8, 6, 8.25], "texture": "#0"},
				"south": {"uv": [8, 1.75, 8.75, 2], "texture": "#0"},
				"west": {"uv": [7.25, 8, 7.75, 8.25], "texture": "#0"},
				"up": {"uv": [7.5, 6.75, 6.75, 6.25], "texture": "#0"},
				"down": {"uv": [7.5, 6.75, 6.75, 7.25], "texture": "#0"}
			}
		},
		{
			"from": [10.8812, 16.23395, 8.1],
			"to": [11.8812, 17.23395, 10],
			"rotation": {"angle": 0, "axis": "z", "origin": [17.8812, 17.73395, 1]},
			"faces": {
				"north": {"uv": [4.25, 5.25, 4.5, 5.5], "texture": "#0"},
				"east": {"uv": [8, 7.75, 8.5, 8], "texture": "#0"},
				"south": {"uv": [4, 6, 4.25, 6.25], "texture": "#0"},
				"west": {"uv": [8, 8, 8.5, 8.25], "texture": "#0"},
				"up": {"uv": [0.75, 8.75, 0.5, 8.25], "texture": "#0"},
				"down": {"uv": [1, 8.25, 0.75, 8.75], "texture": "#0"}
			}
		},
		{
			"from": [13.8812, 15.98395, 8.1],
			"to": [14.8812, 16.98395, 10],
			"rotation": {"angle": 0, "axis": "z", "origin": [17.8812, 17.73395, 1]},
			"faces": {
				"north": {"uv": [8.5, 0.75, 8.75, 1], "texture": "#0"},
				"east": {"uv": [8.25, 1, 8.75, 1.25], "texture": "#0"},
				"south": {"uv": [2, 8.5, 2.25, 8.75], "texture": "#0"},
				"west": {"uv": [1.75, 8.25, 2.25, 8.5], "texture": "#0"},
				"up": {"uv": [1.25, 8.75, 1, 8.25], "texture": "#0"},
				"down": {"uv": [8.5, 2.5, 8.25, 3], "texture": "#0"}
			}
		},
		{
			"from": [7.8812, 16.48395, 8.1],
			"to": [8.8812, 17.48395, 10],
			"rotation": {"angle": 0, "axis": "z", "origin": [17.8812, 17.73395, 1]},
			"faces": {
				"north": {"uv": [2.25, 8.5, 2.5, 8.75], "texture": "#0"},
				"east": {"uv": [8.25, 3, 8.75, 3.25], "texture": "#0"},
				"south": {"uv": [2.5, 8.5, 2.75, 8.75], "texture": "#0"},
				"west": {"uv": [8.25, 3.75, 8.75, 4], "texture": "#0"},
				"up": {"uv": [4.25, 8.75, 4, 8.25], "texture": "#0"},
				"down": {"uv": [8.5, 4, 8.25, 4.5], "texture": "#0"}
			}
		},
		{
			"from": [-11.6188, 7.23395, 8.1],
			"to": [-10.6188, 8.23395, 10],
			"rotation": {"angle": 0, "axis": "z", "origin": [17.8812, 17.73395, 1]},
			"faces": {
				"north": {"uv": [8.5, 2.5, 8.75, 2.75], "texture": "#0"},
				"east": {"uv": [4.25, 8.25, 4.75, 8.5], "texture": "#0"},
				"south": {"uv": [2.75, 8.5, 3, 8.75], "texture": "#0"},
				"west": {"uv": [4.75, 8.25, 5.25, 8.5], "texture": "#0"},
				"up": {"uv": [5.5, 8.75, 5.25, 8.25], "texture": "#0"},
				"down": {"uv": [5.75, 8.25, 5.5, 8.75], "texture": "#0"}
			}
		},
		{
			"from": [-11.6188, 5.33395, 8.1],
			"to": [-10.6188, 6.33395, 10],
			"rotation": {"angle": 0, "axis": "z", "origin": [17.8812, 17.73395, 1]},
			"faces": {
				"north": {"uv": [8.5, 2.75, 8.75, 3], "texture": "#0"},
				"east": {"uv": [6.25, 8.25, 6.75, 8.5], "texture": "#0"},
				"south": {"uv": [3, 8.5, 3.25, 8.75], "texture": "#0"},
				"west": {"uv": [8.25, 6.25, 8.75, 6.5], "texture": "#0"},
				"up": {"uv": [6, 8.75, 5.75, 8.25], "texture": "#0"},
				"down": {"uv": [8.5, 6.5, 8.25, 7], "texture": "#0"}
			}
		},
		{
			"from": [6.8812, 17.48395, 8],
			"to": [9.8812, 18.48395, 10],
			"rotation": {"angle": 0, "axis": "z", "origin": [17.8812, 17.73395, 1]},
			"faces": {
				"north": {"uv": [8, 2, 8.75, 2.25], "texture": "#0"},
				"east": {"uv": [8, 7.25, 8.5, 7.5], "texture": "#0"},
				"south": {"uv": [8, 2.25, 8.75, 2.5], "texture": "#0"},
				"west": {"uv": [8, 7.5, 8.5, 7.75], "texture": "#0"},
				"up": {"uv": [7.75, 0.5, 7, 0], "texture": "#0"},
				"down": {"uv": [7.75, 0.5, 7, 1], "texture": "#0"}
			}
		},
		{
			"from": [-12.6188, 4.73395, 8],
			"to": [-11.6188, 8.58395, 10],
			"rotation": {"angle": 0, "axis": "z", "origin": [17.8812, 17.73395, 1]},
			"faces": {
				"north": {"uv": [1.25, 7.25, 1.5, 8.5625], "texture": "#0"},
				"east": {"uv": [2.25, 6.25, 2.75, 7.5625], "texture": "#0"},
				"south": {"uv": [1.5, 7.25, 1.75, 8.5625], "texture": "#0"},
				"west": {"uv": [2.75, 6.25, 3.25, 7.5625], "texture": "#0"},
				"up": {"uv": [0.75, 7.25, 0.5, 6.75], "texture": "#0"},
				"down": {"uv": [8, 8, 7.75, 8.5], "texture": "#0"}
			}
		},
		{
			"from": [6.8812, 15.73395, 8.5],
			"to": [9.8812, 19.23395, 9.75],
			"rotation": {"angle": -22.5, "axis": "z", "origin": [5.3812, 15.23395, 8.5]},
			"faces": {
				"north": {"uv": [6, 2.25, 6.75, 3.125], "texture": "#0"},
				"east": {"uv": [1.75, 7.25, 2.0625, 8.125], "texture": "#0"},
				"south": {"uv": [6.25, 0, 7, 0.875], "texture": "#0"},
				"west": {"uv": [6.75, 7.25, 7.0625, 8.125], "texture": "#0"},
				"up": {"uv": [8, 7.5625, 7.25, 7.25], "texture": "#0"},
				"down": {"uv": [8.25, 6.25, 7.5, 6.5625], "texture": "#0"}
			}
		},
		{
			"from": [5.21959, 12.82737, 8.6],
			"to": [8.21959, 18.32737, 9.75],
			"rotation": {"angle": -45, "axis": "z", "origin": [3.71959, 14.32737, 8.5]},
			"faces": {
				"north": {"uv": [3, 3.75, 3.75, 5.125], "texture": "#0"},
				"east": {"uv": [5.25, 6.25, 5.5625, 7.625], "texture": "#0"},
				"south": {"uv": [3.75, 3.75, 4.5, 5.125], "texture": "#0"},
				"west": {"uv": [5.75, 6.25, 6.0625, 7.625], "texture": "#0"},
				"up": {"uv": [1.25, 8.0625, 0.5, 7.75], "texture": "#0"},
				"down": {"uv": [8.5, 0.5, 7.75, 0.8125], "texture": "#0"}
			}
		},
		{
			"from": [-8.07668, 8.21145, 8.8],
			"to": [4.42332, 11.21145, 9.75],
			"rotation": {"angle": 22.5, "axis": "z", "origin": [0.42332, 12.71145, 8.5]},
			"faces": {
				"north": {"uv": [0, 1.5, 3.125, 2.25], "texture": "#0"},
				"east": {"uv": [6.5, 1.5, 6.75, 2.25], "texture": "#0"},
				"south": {"uv": [0, 2.25, 3.125, 3], "texture": "#0"},
				"west": {"uv": [6, 7.75, 6.25, 8.5], "texture": "#0"},
				"up": {"uv": [8.875, 5.5, 5.75, 5.25], "texture": "#0"},
				"down": {"uv": [3.875, 6, 0.75, 6.25], "texture": "#0"}
			}
		},
		{
			"from": [9.8812, 16.73395, 8.25],
			"to": [12.8812, 20.23395, 9.9],
			"rotation": {"angle": -22.5, "axis": "z", "origin": [5.3812, 15.23395, 8.5]},
			"faces": {
				"north": {"uv": [0.75, 6.25, 1.5, 7.125], "texture": "#0"},
				"east": {"uv": [6.75, 1.5, 7.1875, 2.375], "texture": "#0"},
				"south": {"uv": [1.5, 6.25, 2.25, 7.125], "texture": "#0"},
				"west": {"uv": [6.75, 2.5, 7.1875, 3.375], "texture": "#0"},
				"up": {"uv": [7.75, 6.1875, 7, 5.75], "texture": "#0"},
				"down": {"uv": [1.25, 7.25, 0.5, 7.6875], "texture": "#0"}
			}
		},
		{
			"from": [8.54549, 14.01741, 8.35],
			"to": [11.54549, 20.51741, 9.9],
			"rotation": {"angle": -45, "axis": "z", "origin": [4.04549, 15.51741, 8.5]},
			"faces": {
				"north": {"uv": [1.5, 3.75, 2.25, 5.375], "texture": "#0"},
				"east": {"uv": [3.25, 6.25, 3.625, 7.875], "texture": "#0"},
				"south": {"uv": [2.25, 3.75, 3, 5.375], "texture": "#0"},
				"west": {"uv": [3.75, 6.25, 4.125, 7.875], "texture": "#0"},
				"up": {"uv": [8, 2.875, 7.25, 2.5], "texture": "#0"},
				"down": {"uv": [8, 3, 7.25, 3.375], "texture": "#0"}
			}
		},
		{
			"from": [-4.7014, 6.66913, 8.55],
			"to": [5.7986, 9.66913, 9.9],
			"rotation": {"angle": 22.5, "axis": "z", "origin": [0.7986, 14.16913, 8.5]},
			"faces": {
				"north": {"uv": [3.25, 2.25, 5.875, 3], "texture": "#0"},
				"east": {"uv": [6.25, 7.5, 6.5625, 8.25], "texture": "#0"},
				"south": {"uv": [3.25, 3, 5.875, 3.75], "texture": "#0"},
				"west": {"uv": [2.25, 7.75, 2.5625, 8.5], "texture": "#0"},
				"up": {"uv": [6.875, 6.0625, 4.25, 5.75], "texture": "#0"},
				"down": {"uv": [8.375, 4.75, 5.75, 5.0625], "texture": "#0"}
			}
		},
		{
			"from": [-12.41261, 5.13527, 8.65],
			"to": [-1.41261, 8.13527, 9.9],
			"rotation": {"angle": 0, "axis": "z", "origin": [-6.41261, 12.63527, 8.5]},
			"faces": {
				"north": {"uv": [0, 3, 3.0625, 3.75], "texture": "#0"},
				"east": {"uv": [2.75, 7.75, 3.0625, 8.5], "texture": "#0"},
				"south": {"uv": [3.25, 1.5, 6.3125, 2.25], "texture": "#0"},
				"west": {"uv": [7.75, 3.75, 8.0625, 4.5], "texture": "#0"},
				"up": {"uv": [7.5625, 4.0625, 4.5, 3.75], "texture": "#0"},
				"down": {"uv": [7.5625, 4.25, 4.5, 4.5625], "texture": "#0"}
			}
		}
	],
	"display": {
		"gui": {
			"rotation": [0, 176, 0],
			"translation": [-4.75, -1.5, 0],
			"scale": [0.64, 0.67, 0.7]
		},
		"head": {
			"translation": [20, -5, 6.75],
			"scale": [3.4, 3.7, 3.4]
		}
	}
}