{
	"credit": "Made with Blockbench",
	"textures": {
		"0": "block/stone",
		"1": "block/acacia_log",
		"particle": "block/stone"
	},
	"elements": [
		{
			"from": [-2, -13, 3],
			"to": [0, 28, 11],
			"rotation": {"angle": 0, "axis": "y", "origin": [8, 10.29497, 7.25]},
			"faces": {
				"north": {"uv": [1, 2, 5, 5], "texture": "#0"},
				"east": {"uv": [1, 2, 5, 5], "texture": "#0"},
				"south": {"uv": [1, 2, 5, 5], "texture": "#0"},
				"west": {"uv": [1, 2, 5, 5], "texture": "#0"},
				"up": {"uv": [1, 2, 5, 5], "texture": "#0"},
				"down": {"uv": [1, 2, 5, 5], "texture": "#0"}
			}
		},
		{
			"from": [16, -13, 3],
			"to": [18, 28, 12],
			"rotation": {"angle": 0, "axis": "y", "origin": [8, 10.29497, 7.25]},
			"faces": {
				"north": {"uv": [1, 2, 5, 5], "texture": "#0"},
				"east": {"uv": [1, 2, 5, 5], "texture": "#0"},
				"south": {"uv": [1, 2, 5, 5], "texture": "#0"},
				"west": {"uv": [1, 2, 5, 5], "texture": "#0"},
				"up": {"uv": [1, 2, 5, 5], "texture": "#0"},
				"down": {"uv": [1, 2, 5, 5], "texture": "#0"}
			}
		},
		{
			"from": [0, -13, 3],
			"to": [16, -11, 11],
			"rotation": {"angle": 0, "axis": "y", "origin": [8, 10.29497, 7.25]},
			"faces": {
				"north": {"uv": [1, 2, 5, 5], "texture": "#0"},
				"east": {"uv": [1, 2, 5, 5], "texture": "#0"},
				"south": {"uv": [1, 2, 5, 5], "texture": "#0"},
				"west": {"uv": [1, 2, 5, 5], "texture": "#0"},
				"up": {"uv": [1, 2, 5, 5], "texture": "#0"},
				"down": {"uv": [1, 2, 5, 5], "texture": "#0"}
			}
		},
		{
			"from": [25.59041, 15.74325, 2.9],
			"to": [27.59041, 25.89126, 11],
			"rotation": {"angle": 45, "axis": "z", "origin": [8, 10.29497, 7.25]},
			"faces": {
				"north": {"uv": [1, 2, 5, 5], "texture": "#0"},
				"east": {"uv": [1, 2, 5, 5], "texture": "#0"},
				"south": {"uv": [1, 2, 5, 5], "texture": "#0"},
				"west": {"uv": [1, 2, 5, 5], "texture": "#0"},
				"up": {"uv": [1, 2, 5, 5], "texture": "#0"},
				"down": {"uv": [1, 2, 5, 5], "texture": "#0"}
			}
		},
		{
			"from": [-12.76584, 16.56785, 4.594],
			"to": [-10.64584, 23.44474, 10.24],
			"rotation": {"angle": -45, "axis": "z", "origin": [8, 10.79267, 9.205]},
			"faces": {
				"north": {"uv": [11, 3, 13, 5], "rotation": 90, "texture": "#0"},
				"east": {"uv": [11, 3, 13, 5], "rotation": 90, "texture": "#0"},
				"south": {"uv": [11, 3, 13, 5], "rotation": 90, "texture": "#0"},
				"west": {"uv": [11, 3, 13, 5], "rotation": 90, "texture": "#0"},
				"up": {"uv": [11, 3, 13, 5], "rotation": 90, "texture": "#0"},
				"down": {"uv": [11, 3, 13, 5], "rotation": 90, "texture": "#0"}
			}
		},
		{
			"from": [-12.76584, 16.56785, 10.344],
			"to": [-10.64584, 20.44474, 14.24],
			"rotation": {"angle": -45, "axis": "z", "origin": [8, 10.79267, 9.205]},
			"faces": {
				"north": {"uv": [11, 3, 13, 5], "rotation": 90, "texture": "#0"},
				"east": {"uv": [11, 3, 13, 5], "rotation": 90, "texture": "#0"},
				"south": {"uv": [11, 3, 13, 5], "rotation": 90, "texture": "#0"},
				"west": {"uv": [11, 3, 13, 5], "rotation": 90, "texture": "#0"},
				"up": {"uv": [11, 3, 13, 5], "rotation": 90, "texture": "#0"},
				"down": {"uv": [11, 3, 13, 5], "rotation": 90, "texture": "#0"}
			}
		},
		{
			"from": [26.64584, 16.56785, 4.594],
			"to": [28.76584, 31.44474, 10.24],
			"rotation": {"angle": 45, "axis": "z", "origin": [8, 10.79267, 9.205]},
			"faces": {
				"north": {"uv": [11, 3, 13, 5], "rotation": 90, "texture": "#0"},
				"east": {"uv": [11, 3, 13, 5], "rotation": 90, "texture": "#0"},
				"south": {"uv": [11, 3, 13, 5], "rotation": 90, "texture": "#0"},
				"west": {"uv": [11, 3, 13, 5], "rotation": 90, "texture": "#0"},
				"up": {"uv": [11, 3, 13, 5], "rotation": 90, "texture": "#0"},
				"down": {"uv": [11, 3, 13, 5], "rotation": 90, "texture": "#0"}
			}
		},
		{
			"from": [26.64584, 16.56785, 10.244],
			"to": [28.76584, 26.44474, 13.24],
			"rotation": {"angle": 45, "axis": "z", "origin": [8, 10.79267, 9.205]},
			"faces": {
				"north": {"uv": [11, 3, 13, 5], "rotation": 90, "texture": "#0"},
				"east": {"uv": [11, 3, 13, 5], "rotation": 90, "texture": "#0"},
				"south": {"uv": [11, 3, 13, 5], "rotation": 90, "texture": "#0"},
				"west": {"uv": [11, 3, 13, 5], "rotation": 90, "texture": "#0"},
				"up": {"uv": [11, 3, 13, 5], "rotation": 90, "texture": "#0"},
				"down": {"uv": [11, 3, 13, 5], "rotation": 90, "texture": "#0"}
			}
		},
		{
			"from": [16.48, -13.9, 4.7],
			"to": [18.6, 29.56, 14.24],
			"rotation": {"angle": 0, "axis": "y", "origin": [8, 10.79267, 9.205]},
			"faces": {
				"north": {"uv": [11, 3, 13, 5], "rotation": 90, "texture": "#0"},
				"east": {"uv": [11, 3, 13, 5], "rotation": 90, "texture": "#0"},
				"south": {"uv": [11, 3, 13, 5], "rotation": 90, "texture": "#0"},
				"west": {"uv": [11, 3, 13, 5], "rotation": 90, "texture": "#0"},
				"up": {"uv": [11, 3, 13, 5], "rotation": 90, "texture": "#0"},
				"down": {"uv": [11, 3, 13, 5], "rotation": 90, "texture": "#0"}
			}
		},
		{
			"from": [-2.6, -13.9, 4.7],
			"to": [-0.48, 29.56, 14.18],
			"rotation": {"angle": 0, "axis": "y", "origin": [8, 10.79267, 9.205]},
			"faces": {
				"north": {"uv": [11, 3, 13, 5], "rotation": 90, "texture": "#0"},
				"east": {"uv": [11, 3, 13, 5], "rotation": 90, "texture": "#0"},
				"south": {"uv": [11, 3, 13, 5], "rotation": 90, "texture": "#0"},
				"west": {"uv": [11, 3, 13, 5], "rotation": 90, "texture": "#0"},
				"up": {"uv": [11, 3, 13, 5], "rotation": 90, "texture": "#0"},
				"down": {"uv": [11, 3, 13, 5], "rotation": 90, "texture": "#0"}
			}
		},
		{
			"from": [-1.2, -13.09289, 4.66],
			"to": [0.64, 26.30711, 10.72],
			"rotation": {"angle": 0, "axis": "y", "origin": [8, 10.01849, 7.27]},
			"faces": {
				"north": {"uv": [1, 2, 4, 5], "texture": "#0"},
				"east": {"uv": [1, 2, 4, 5], "texture": "#0"},
				"south": {"uv": [1, 2, 4, 5], "texture": "#0"},
				"west": {"uv": [1, 2, 4, 5], "texture": "#0"},
				"up": {"uv": [1, 2, 4, 5], "texture": "#0"},
				"down": {"uv": [1, 2, 4, 5], "texture": "#0"}
			}
		},
		{
			"from": [15.36, -13.09289, 4.66],
			"to": [17.2, 26.30711, 11.64],
			"rotation": {"angle": 0, "axis": "y", "origin": [8, 10.01849, 7.27]},
			"faces": {
				"north": {"uv": [1, 2, 4, 5], "texture": "#0"},
				"east": {"uv": [1, 2, 4, 5], "texture": "#0"},
				"south": {"uv": [1, 2, 4, 5], "texture": "#0"},
				"west": {"uv": [1, 2, 4, 5], "texture": "#0"},
				"up": {"uv": [1, 2, 4, 5], "texture": "#0"},
				"down": {"uv": [1, 2, 4, 5], "texture": "#0"}
			}
		},
		{
			"from": [-0.36, -11.09289, 4.36],
			"to": [17.36, -9.25289, 13.72],
			"rotation": {"angle": 0, "axis": "y", "origin": [8, 10.01849, 7.27]},
			"faces": {
				"north": {"uv": [1, 2, 5, 4], "texture": "#1"},
				"east": {"uv": [1, 2, 5, 4], "texture": "#1"},
				"south": {"uv": [1, 2, 5, 4], "texture": "#1"},
				"west": {"uv": [1, 2, 5, 4], "texture": "#1"},
				"up": {"uv": [1, 2, 5, 4], "texture": "#1"},
				"down": {"uv": [1, 2, 5, 4], "texture": "#1"}
			}
		},
		{
			"from": [24.18318, 15.0309, 4.36],
			"to": [26.02318, 24.20707, 11.64],
			"rotation": {"angle": 45, "axis": "z", "origin": [8, 10.01849, 7.27]},
			"faces": {
				"north": {"uv": [1, 2, 4, 5], "texture": "#0"},
				"east": {"uv": [1, 2, 4, 5], "texture": "#0"},
				"south": {"uv": [1, 2, 4, 5], "texture": "#0"},
				"west": {"uv": [1, 2, 4, 5], "texture": "#0"},
				"up": {"uv": [1, 2, 4, 5], "texture": "#0"},
				"down": {"uv": [1, 2, 4, 5], "texture": "#0"}
			}
		},
		{
			"from": [-10.02318, 15.0309, 4.36],
			"to": [-8.18318, 20.20707, 10.64],
			"rotation": {"angle": -45, "axis": "z", "origin": [8, 10.01849, 7.27]},
			"faces": {
				"north": {"uv": [1, 2, 4, 5], "texture": "#0"},
				"east": {"uv": [1, 2, 4, 5], "texture": "#0"},
				"south": {"uv": [1, 2, 4, 5], "texture": "#0"},
				"west": {"uv": [1, 2, 4, 5], "texture": "#0"},
				"up": {"uv": [1, 2, 4, 5], "texture": "#0"},
				"down": {"uv": [1, 2, 4, 5], "texture": "#0"}
			}
		},
		{
			"from": [-0.49048, 21.95216, 6],
			"to": [1.00952, 23.20216, 8],
			"rotation": {"angle": 45, "axis": "z", "origin": [0.88452, 22.95216, 7]},
			"faces": {
				"north": {"uv": [2, 2, 3, 3], "texture": "#0"},
				"east": {"uv": [2, 2, 3, 3], "texture": "#0"},
				"south": {"uv": [2, 2, 3, 3], "texture": "#0"},
				"west": {"uv": [2, 2, 3, 3], "texture": "#0"},
				"up": {"uv": [2, 2, 3, 3], "texture": "#0"},
				"down": {"uv": [2, 2, 3, 3], "texture": "#0"}
			}
		},
		{
			"from": [0.78713, 22.51255, 6],
			"to": [2.28713, 23.76255, 8],
			"rotation": {"angle": 22.5, "axis": "z", "origin": [2.16213, 23.51255, 7]},
			"faces": {
				"north": {"uv": [2, 2, 3, 3], "texture": "#0"},
				"east": {"uv": [2, 2, 3, 3], "texture": "#0"},
				"south": {"uv": [2, 2, 3, 3], "texture": "#0"},
				"west": {"uv": [2, 2, 3, 3], "texture": "#0"},
				"up": {"uv": [2, 2, 3, 3], "texture": "#0"},
				"down": {"uv": [2, 2, 3, 3], "texture": "#0"}
			}
		},
		{
			"from": [2.18195, 22.54135, 6],
			"to": [3.68195, 23.79135, 8],
			"rotation": {"angle": 0, "axis": "z", "origin": [-6.44305, 15.54135, -1]},
			"faces": {
				"north": {"uv": [2, 2, 3, 3], "texture": "#0"},
				"east": {"uv": [2, 2, 3, 3], "texture": "#0"},
				"south": {"uv": [2, 2, 3, 3], "texture": "#0"},
				"west": {"uv": [2, 2, 3, 3], "texture": "#0"},
				"up": {"uv": [2, 2, 3, 3], "texture": "#0"},
				"down": {"uv": [2, 2, 3, 3], "texture": "#0"}
			}
		},
		{
			"from": [-0.24591, 25.78803, 6],
			"to": [1.25409, 27.03803, 8],
			"rotation": {"angle": -22.5, "axis": "z", "origin": [-6.44305, 15.54135, -1]},
			"faces": {
				"north": {"uv": [2, 2, 3, 3], "texture": "#0"},
				"east": {"uv": [2, 2, 3, 3], "texture": "#0"},
				"south": {"uv": [2, 2, 3, 3], "texture": "#0"},
				"west": {"uv": [2, 2, 3, 3], "texture": "#0"},
				"up": {"uv": [2, 2, 3, 3], "texture": "#0"},
				"down": {"uv": [2, 2, 3, 3], "texture": "#0"}
			}
		},
		{
			"from": [-3.73141, 27.85847, 6],
			"to": [-2.23141, 29.10847, 8],
			"rotation": {"angle": -45, "axis": "z", "origin": [-6.44305, 15.54135, -1]},
			"faces": {
				"north": {"uv": [2, 2, 3, 3], "texture": "#0"},
				"east": {"uv": [2, 2, 3, 3], "texture": "#0"},
				"south": {"uv": [2, 2, 3, 3], "texture": "#0"},
				"west": {"uv": [2, 2, 3, 3], "texture": "#0"},
				"up": {"uv": [2, 2, 3, 3], "texture": "#0"},
				"down": {"uv": [2, 2, 3, 3], "texture": "#0"}
			}
		},
		{
			"from": [18.23141, 27.85847, 6],
			"to": [19.73141, 29.10847, 8],
			"rotation": {"angle": 45, "axis": "z", "origin": [22.44305, 15.54135, -1]},
			"faces": {
				"north": {"uv": [2, 2, 3, 3], "texture": "#0"},
				"east": {"uv": [2, 2, 3, 3], "texture": "#0"},
				"south": {"uv": [2, 2, 3, 3], "texture": "#0"},
				"west": {"uv": [2, 2, 3, 3], "texture": "#0"},
				"up": {"uv": [2, 2, 3, 3], "texture": "#0"},
				"down": {"uv": [2, 2, 3, 3], "texture": "#0"}
			}
		},
		{
			"from": [10.12594, 15.32971, 6],
			"to": [10.87594, 21.82971, 8],
			"rotation": {"angle": 0, "axis": "z", "origin": [9.50094, 12.07971, 7]},
			"faces": {
				"north": {"uv": [2, 2, 3, 3], "rotation": 270, "texture": "#0"},
				"east": {"uv": [2, 2, 3, 3], "rotation": 270, "texture": "#0"},
				"south": {"uv": [2, 2, 3, 3], "rotation": 270, "texture": "#0"},
				"west": {"uv": [2, 2, 3, 3], "rotation": 270, "texture": "#0"},
				"up": {"uv": [2, 2, 3, 3], "rotation": 270, "texture": "#0"},
				"down": {"uv": [2, 2, 3, 3], "rotation": 270, "texture": "#0"}
			}
		},
		{
			"from": [5.22594, 0.32971, 6],
			"to": [5.72594, 15.32971, 8],
			"rotation": {"angle": 0, "axis": "z", "origin": [9.50094, 12.07971, 7]},
			"faces": {
				"north": {"uv": [2, 2, 3, 3], "rotation": 270, "texture": "#0"},
				"east": {"uv": [2, 2, 3, 3], "rotation": 270, "texture": "#0"},
				"south": {"uv": [2, 2, 3, 3], "rotation": 270, "texture": "#0"},
				"west": {"uv": [2, 2, 3, 3], "rotation": 270, "texture": "#0"},
				"up": {"uv": [2, 2, 3, 3], "rotation": 270, "texture": "#0"},
				"down": {"uv": [2, 2, 3, 3], "rotation": 270, "texture": "#0"}
			}
		},
		{
			"from": [10.22594, 0.32971, 6],
			"to": [10.72594, 15.32971, 8],
			"rotation": {"angle": 0, "axis": "z", "origin": [9.50094, 12.07971, 7]},
			"faces": {
				"north": {"uv": [2, 2, 3, 3], "rotation": 270, "texture": "#0"},
				"east": {"uv": [2, 2, 3, 3], "rotation": 270, "texture": "#0"},
				"south": {"uv": [2, 2, 3, 3], "rotation": 270, "texture": "#0"},
				"west": {"uv": [2, 2, 3, 3], "rotation": 270, "texture": "#0"},
				"up": {"uv": [2, 2, 3, 3], "rotation": 270, "texture": "#0"},
				"down": {"uv": [2, 2, 3, 3], "rotation": 270, "texture": "#0"}
			}
		},
		{
			"from": [5.12594, 15.32971, 6],
			"to": [5.87594, 21.82971, 8],
			"rotation": {"angle": 0, "axis": "z", "origin": [9.50094, 12.07971, 7]},
			"faces": {
				"north": {"uv": [2, 2, 3, 3], "rotation": 270, "texture": "#0"},
				"east": {"uv": [2, 2, 3, 3], "rotation": 270, "texture": "#0"},
				"south": {"uv": [2, 2, 3, 3], "rotation": 270, "texture": "#0"},
				"west": {"uv": [2, 2, 3, 3], "rotation": 270, "texture": "#0"},
				"up": {"uv": [2, 2, 3, 3], "rotation": 270, "texture": "#0"},
				"down": {"uv": [2, 2, 3, 3], "rotation": 270, "texture": "#0"}
			}
		},
		{
			"from": [3.87594, 22.07971, 6.5],
			"to": [4.62594, 28.82971, 7.75],
			"rotation": {"angle": 22.5, "axis": "z", "origin": [5.50094, 24.57971, 7]},
			"faces": {
				"north": {"uv": [2, 2, 3, 3], "rotation": 270, "texture": "#0"},
				"east": {"uv": [2, 2, 3, 3], "rotation": 270, "texture": "#0"},
				"south": {"uv": [2, 2, 3, 3], "rotation": 270, "texture": "#0"},
				"west": {"uv": [2, 2, 3, 3], "rotation": 270, "texture": "#0"},
				"up": {"uv": [2, 2, 3, 3], "rotation": 270, "texture": "#0"},
				"down": {"uv": [2, 2, 3, 3], "rotation": 270, "texture": "#0"}
			}
		},
		{
			"from": [11.37406, 22.07971, 6.5],
			"to": [12.12406, 28.82971, 7.75],
			"rotation": {"angle": -22.5, "axis": "z", "origin": [10.49906, 24.57971, 7]},
			"faces": {
				"north": {"uv": [2, 2, 3, 3], "rotation": 270, "texture": "#0"},
				"east": {"uv": [2, 2, 3, 3], "rotation": 270, "texture": "#0"},
				"south": {"uv": [2, 2, 3, 3], "rotation": 270, "texture": "#0"},
				"west": {"uv": [2, 2, 3, 3], "rotation": 270, "texture": "#0"},
				"up": {"uv": [2, 2, 3, 3], "rotation": 270, "texture": "#0"},
				"down": {"uv": [2, 2, 3, 3], "rotation": 270, "texture": "#0"}
			}
		},
		{
			"from": [8.87406, 22.07971, 6.5],
			"to": [9.62406, 30.82971, 7.75],
			"rotation": {"angle": -22.5, "axis": "z", "origin": [10.49906, 24.57971, 7]},
			"faces": {
				"north": {"uv": [2, 2, 3, 3], "rotation": 270, "texture": "#0"},
				"east": {"uv": [2, 2, 3, 3], "rotation": 270, "texture": "#0"},
				"south": {"uv": [2, 2, 3, 3], "rotation": 270, "texture": "#0"},
				"west": {"uv": [2, 2, 3, 3], "rotation": 270, "texture": "#0"},
				"up": {"uv": [2, 2, 3, 3], "rotation": 270, "texture": "#0"},
				"down": {"uv": [2, 2, 3, 3], "rotation": 270, "texture": "#0"}
			}
		},
		{
			"from": [6.37594, 22.07971, 6.5],
			"to": [7.12594, 30.82971, 7.75],
			"rotation": {"angle": 22.5, "axis": "z", "origin": [5.50094, 24.57971, 7]},
			"faces": {
				"north": {"uv": [2, 2, 3, 3], "rotation": 270, "texture": "#0"},
				"east": {"uv": [2, 2, 3, 3], "rotation": 270, "texture": "#0"},
				"south": {"uv": [2, 2, 3, 3], "rotation": 270, "texture": "#0"},
				"west": {"uv": [2, 2, 3, 3], "rotation": 270, "texture": "#0"},
				"up": {"uv": [2, 2, 3, 3], "rotation": 270, "texture": "#0"},
				"down": {"uv": [2, 2, 3, 3], "rotation": 270, "texture": "#0"}
			}
		},
		{
			"from": [5.12594, -12.17029, 6],
			"to": [5.87594, 0.32971, 8],
			"rotation": {"angle": 0, "axis": "z", "origin": [9.50094, 12.07971, 7]},
			"faces": {
				"north": {"uv": [2, 2, 3, 3], "rotation": 270, "texture": "#0"},
				"east": {"uv": [2, 2, 3, 3], "rotation": 270, "texture": "#0"},
				"south": {"uv": [2, 2, 3, 3], "rotation": 270, "texture": "#0"},
				"west": {"uv": [2, 2, 3, 3], "rotation": 270, "texture": "#0"},
				"up": {"uv": [2, 2, 3, 3], "rotation": 270, "texture": "#0"},
				"down": {"uv": [2, 2, 3, 3], "rotation": 270, "texture": "#0"}
			}
		},
		{
			"from": [10.12594, -12.17029, 6],
			"to": [10.87594, 0.32971, 8],
			"rotation": {"angle": 0, "axis": "z", "origin": [9.50094, 12.07971, 7]},
			"faces": {
				"north": {"uv": [2, 2, 3, 3], "rotation": 270, "texture": "#0"},
				"east": {"uv": [2, 2, 3, 3], "rotation": 270, "texture": "#0"},
				"south": {"uv": [2, 2, 3, 3], "rotation": 270, "texture": "#0"},
				"west": {"uv": [2, 2, 3, 3], "rotation": 270, "texture": "#0"},
				"up": {"uv": [2, 2, 3, 3], "rotation": 270, "texture": "#0"},
				"down": {"uv": [2, 2, 3, 3], "rotation": 270, "texture": "#0"}
			}
		},
		{
			"from": [14.74591, 25.78803, 6],
			"to": [16.24591, 27.03803, 8],
			"rotation": {"angle": 22.5, "axis": "z", "origin": [22.44305, 15.54135, -1]},
			"faces": {
				"north": {"uv": [2, 2, 3, 3], "texture": "#0"},
				"east": {"uv": [2, 2, 3, 3], "texture": "#0"},
				"south": {"uv": [2, 2, 3, 3], "texture": "#0"},
				"west": {"uv": [2, 2, 3, 3], "texture": "#0"},
				"up": {"uv": [2, 2, 3, 3], "texture": "#0"},
				"down": {"uv": [2, 2, 3, 3], "texture": "#0"}
			}
		},
		{
			"from": [12.31805, 22.54135, 6],
			"to": [13.81805, 23.79135, 8],
			"rotation": {"angle": 0, "axis": "z", "origin": [22.44305, 15.54135, -1]},
			"faces": {
				"north": {"uv": [2, 2, 3, 3], "texture": "#0"},
				"east": {"uv": [2, 2, 3, 3], "texture": "#0"},
				"south": {"uv": [2, 2, 3, 3], "texture": "#0"},
				"west": {"uv": [2, 2, 3, 3], "texture": "#0"},
				"up": {"uv": [2, 2, 3, 3], "texture": "#0"},
				"down": {"uv": [2, 2, 3, 3], "texture": "#0"}
			}
		},
		{
			"from": [14.99048, 21.95216, 6],
			"to": [16.49048, 23.20216, 8],
			"rotation": {"angle": -45, "axis": "z", "origin": [15.11548, 22.95216, 7]},
			"faces": {
				"north": {"uv": [2, 2, 3, 3], "texture": "#0"},
				"east": {"uv": [2, 2, 3, 3], "texture": "#0"},
				"south": {"uv": [2, 2, 3, 3], "texture": "#0"},
				"west": {"uv": [2, 2, 3, 3], "texture": "#0"},
				"up": {"uv": [2, 2, 3, 3], "texture": "#0"},
				"down": {"uv": [2, 2, 3, 3], "texture": "#0"}
			}
		},
		{
			"from": [13.71287, 22.51255, 6],
			"to": [15.21287, 23.76255, 8],
			"rotation": {"angle": -22.5, "axis": "z", "origin": [13.83787, 23.51255, 7]},
			"faces": {
				"north": {"uv": [2, 2, 3, 3], "texture": "#0"},
				"east": {"uv": [2, 2, 3, 3], "texture": "#0"},
				"south": {"uv": [2, 2, 3, 3], "texture": "#0"},
				"west": {"uv": [2, 2, 3, 3], "texture": "#0"},
				"up": {"uv": [2, 2, 3, 3], "texture": "#0"},
				"down": {"uv": [2, 2, 3, 3], "texture": "#0"}
			}
		},
		{
			"from": [13.23141, 27.85847, 6],
			"to": [14.73141, 29.10847, 8],
			"rotation": {"angle": 45, "axis": "z", "origin": [17.44305, 15.54135, -1]},
			"faces": {
				"north": {"uv": [2, 2, 3, 3], "texture": "#0"},
				"east": {"uv": [2, 2, 3, 3], "texture": "#0"},
				"south": {"uv": [2, 2, 3, 3], "texture": "#0"},
				"west": {"uv": [2, 2, 3, 3], "texture": "#0"},
				"up": {"uv": [2, 2, 3, 3], "texture": "#0"},
				"down": {"uv": [2, 2, 3, 3], "texture": "#0"}
			}
		},
		{
			"from": [9.74591, 25.78803, 6],
			"to": [11.24591, 27.03803, 8],
			"rotation": {"angle": 22.5, "axis": "z", "origin": [17.44305, 15.54135, -1]},
			"faces": {
				"north": {"uv": [2, 2, 3, 3], "texture": "#0"},
				"east": {"uv": [2, 2, 3, 3], "texture": "#0"},
				"south": {"uv": [2, 2, 3, 3], "texture": "#0"},
				"west": {"uv": [2, 2, 3, 3], "texture": "#0"},
				"up": {"uv": [2, 2, 3, 3], "texture": "#0"},
				"down": {"uv": [2, 2, 3, 3], "texture": "#0"}
			}
		},
		{
			"from": [7.31805, 22.54135, 6],
			"to": [8.81805, 23.79135, 8],
			"rotation": {"angle": 0, "axis": "z", "origin": [17.44305, 15.54135, -1]},
			"faces": {
				"north": {"uv": [2, 2, 3, 3], "texture": "#0"},
				"east": {"uv": [2, 2, 3, 3], "texture": "#0"},
				"south": {"uv": [2, 2, 3, 3], "texture": "#0"},
				"west": {"uv": [2, 2, 3, 3], "texture": "#0"},
				"up": {"uv": [2, 2, 3, 3], "texture": "#0"},
				"down": {"uv": [2, 2, 3, 3], "texture": "#0"}
			}
		},
		{
			"from": [9.99048, 21.95216, 6],
			"to": [11.49048, 23.20216, 8],
			"rotation": {"angle": -45, "axis": "z", "origin": [10.11548, 22.95216, 7]},
			"faces": {
				"north": {"uv": [2, 2, 3, 3], "texture": "#0"},
				"east": {"uv": [2, 2, 3, 3], "texture": "#0"},
				"south": {"uv": [2, 2, 3, 3], "texture": "#0"},
				"west": {"uv": [2, 2, 3, 3], "texture": "#0"},
				"up": {"uv": [2, 2, 3, 3], "texture": "#0"},
				"down": {"uv": [2, 2, 3, 3], "texture": "#0"}
			}
		},
		{
			"from": [8.71287, 22.51255, 6],
			"to": [10.21287, 23.76255, 8],
			"rotation": {"angle": -22.5, "axis": "z", "origin": [8.83787, 23.51255, 7]},
			"faces": {
				"north": {"uv": [2, 2, 3, 3], "texture": "#0"},
				"east": {"uv": [2, 2, 3, 3], "texture": "#0"},
				"south": {"uv": [2, 2, 3, 3], "texture": "#0"},
				"west": {"uv": [2, 2, 3, 3], "texture": "#0"},
				"up": {"uv": [2, 2, 3, 3], "texture": "#0"},
				"down": {"uv": [2, 2, 3, 3], "texture": "#0"}
			}
		},
		{
			"name": "hexadecagon",
			"from": [7.35272, 23.75, 6],
			"to": [8.34728, 24.75, 7],
			"rotation": {"angle": -45, "axis": "z", "origin": [7.85, 26.25, 6.5]},
			"faces": {
				"north": {"uv": [2, 2, 3, 3], "texture": "#0"},
				"east": {"uv": [2, 2, 3, 3], "texture": "#0"},
				"south": {"uv": [2, 2, 3, 3], "texture": "#0"},
				"west": {"uv": [2, 2, 3, 3], "texture": "#0"},
				"up": {"uv": [2, 2, 3, 3], "texture": "#0"},
				"down": {"uv": [2, 2, 3, 3], "texture": "#0"}
			}
		},
		{
			"name": "hexadecagon",
			"from": [7.35272, 23.75, 6],
			"to": [8.34728, 24.75, 7],
			"rotation": {"angle": -22.5, "axis": "z", "origin": [7.85, 26.25, 6.5]},
			"faces": {
				"north": {"uv": [2, 2, 3, 3], "texture": "#0"},
				"east": {"uv": [2, 2, 3, 3], "texture": "#0"},
				"south": {"uv": [2, 2, 3, 3], "texture": "#0"},
				"west": {"uv": [2, 2, 3, 3], "texture": "#0"},
				"up": {"uv": [2, 2, 3, 3], "texture": "#0"},
				"down": {"uv": [2, 2, 3, 3], "texture": "#0"}
			}
		},
		{
			"name": "hexadecagon",
			"from": [7.35272, 23.75, 6],
			"to": [8.34728, 24.75, 7],
			"rotation": {"angle": 0, "axis": "z", "origin": [7.85, 26.25, 6.5]},
			"faces": {
				"north": {"uv": [2, 2, 3, 3], "texture": "#0"},
				"east": {"uv": [2, 2, 3, 3], "texture": "#0"},
				"south": {"uv": [2, 2, 3, 3], "texture": "#0"},
				"west": {"uv": [2, 2, 3, 3], "texture": "#0"},
				"up": {"uv": [2, 2, 3, 3], "texture": "#0"},
				"down": {"uv": [2, 2, 3, 3], "texture": "#0"}
			}
		},
		{
			"name": "hexadecagon",
			"from": [7.35272, 23.75, 6],
			"to": [8.34728, 24.75, 7],
			"rotation": {"angle": 22.5, "axis": "z", "origin": [7.85, 26.25, 6.5]},
			"faces": {
				"north": {"uv": [2, 2, 3, 3], "texture": "#0"},
				"east": {"uv": [2, 2, 3, 3], "texture": "#0"},
				"south": {"uv": [2, 2, 3, 3], "texture": "#0"},
				"west": {"uv": [2, 2, 3, 3], "texture": "#0"},
				"up": {"uv": [2, 2, 3, 3], "texture": "#0"},
				"down": {"uv": [2, 2, 3, 3], "texture": "#0"}
			}
		},
		{
			"name": "hexadecagon",
			"from": [7.35272, 23.75, 6],
			"to": [8.34728, 24.75, 7],
			"rotation": {"angle": 45, "axis": "z", "origin": [7.85, 26.25, 6.5]},
			"faces": {
				"north": {"uv": [2, 2, 3, 3], "texture": "#0"},
				"east": {"uv": [2, 2, 3, 3], "texture": "#0"},
				"south": {"uv": [2, 2, 3, 3], "texture": "#0"},
				"west": {"uv": [2, 2, 3, 3], "texture": "#0"},
				"up": {"uv": [2, 2, 3, 3], "texture": "#0"},
				"down": {"uv": [2, 2, 3, 3], "texture": "#0"}
			}
		},
		{
			"name": "hexadecagon",
			"from": [5.35, 25.75272, 6],
			"to": [6.35, 26.74728, 7],
			"rotation": {"angle": -22.5, "axis": "z", "origin": [7.85, 26.25, 6.5]},
			"faces": {
				"north": {"uv": [2, 2, 3, 3], "texture": "#0"},
				"east": {"uv": [2, 2, 3, 3], "texture": "#0"},
				"south": {"uv": [2, 2, 3, 3], "texture": "#0"},
				"west": {"uv": [2, 2, 3, 3], "texture": "#0"},
				"up": {"uv": [2, 2, 3, 3], "texture": "#0"},
				"down": {"uv": [2, 2, 3, 3], "texture": "#0"}
			}
		},
		{
			"name": "hexadecagon",
			"from": [5.35, 25.75272, 6],
			"to": [6.35, 26.74728, 7],
			"rotation": {"angle": 0, "axis": "z", "origin": [7.85, 26.25, 6.5]},
			"faces": {
				"north": {"uv": [2, 2, 3, 3], "texture": "#0"},
				"east": {"uv": [2, 2, 3, 3], "texture": "#0"},
				"south": {"uv": [2, 2, 3, 3], "texture": "#0"},
				"west": {"uv": [2, 2, 3, 3], "texture": "#0"},
				"up": {"uv": [2, 2, 3, 3], "texture": "#0"},
				"down": {"uv": [2, 2, 3, 3], "texture": "#0"}
			}
		},
		{
			"name": "hexadecagon",
			"from": [5.35, 25.75272, 6],
			"to": [6.35, 26.74728, 7],
			"rotation": {"angle": 22.5, "axis": "z", "origin": [7.85, 26.25, 6.5]},
			"faces": {
				"north": {"uv": [2, 2, 3, 3], "texture": "#0"},
				"east": {"uv": [2, 2, 3, 3], "texture": "#0"},
				"south": {"uv": [2, 2, 3, 3], "texture": "#0"},
				"west": {"uv": [2, 2, 3, 3], "texture": "#0"},
				"up": {"uv": [2, 2, 3, 3], "texture": "#0"},
				"down": {"uv": [2, 2, 3, 3], "texture": "#0"}
			}
		},
		{
			"name": "hexadecagon",
			"from": [9.35, 25.75272, 6],
			"to": [10.35, 26.74728, 7],
			"rotation": {"angle": -22.5, "axis": "z", "origin": [7.85, 26.25, 6.5]},
			"faces": {
				"north": {"uv": [2, 2, 3, 3], "texture": "#0"},
				"east": {"uv": [2, 2, 3, 3], "texture": "#0"},
				"south": {"uv": [2, 2, 3, 3], "texture": "#0"},
				"west": {"uv": [2, 2, 3, 3], "texture": "#0"},
				"up": {"uv": [2, 2, 3, 3], "texture": "#0"},
				"down": {"uv": [2, 2, 3, 3], "texture": "#0"}
			}
		},
		{
			"name": "hexadecagon",
			"from": [9.35, 25.75272, 6],
			"to": [10.35, 26.74728, 7],
			"rotation": {"angle": 0, "axis": "z", "origin": [7.85, 26.25, 6.5]},
			"faces": {
				"north": {"uv": [2, 2, 3, 3], "texture": "#0"},
				"east": {"uv": [2, 2, 3, 3], "texture": "#0"},
				"south": {"uv": [2, 2, 3, 3], "texture": "#0"},
				"west": {"uv": [2, 2, 3, 3], "texture": "#0"},
				"up": {"uv": [2, 2, 3, 3], "texture": "#0"},
				"down": {"uv": [2, 2, 3, 3], "texture": "#0"}
			}
		},
		{
			"name": "hexadecagon",
			"from": [9.35, 25.75272, 6],
			"to": [10.35, 26.74728, 7],
			"rotation": {"angle": 22.5, "axis": "z", "origin": [7.85, 26.25, 6.5]},
			"faces": {
				"north": {"uv": [2, 2, 3, 3], "texture": "#0"},
				"east": {"uv": [2, 2, 3, 3], "texture": "#0"},
				"south": {"uv": [2, 2, 3, 3], "texture": "#0"},
				"west": {"uv": [2, 2, 3, 3], "texture": "#0"},
				"up": {"uv": [2, 2, 3, 3], "texture": "#0"},
				"down": {"uv": [2, 2, 3, 3], "texture": "#0"}
			}
		}
	],
	"display": {
		"gui": {
			"rotation": [30, 150, 0],
			"translation": [0, -0.75, 0],
			"scale": [0.29, 0.29, 0.29]
		},
		"head": {
			"translation": [0, 43.75, 0],
			"scale": [3.8, 3.8, 3.8]
		}
	},
	"groups": [
		{
			"name": "group",
			"origin": [8, 29.0889, 7.5],
			"color": 0,
			"nbt": "{}",
			"children": [0, 1, 2, 3, 4, 5, 6, 7, 8, 9]
		},
		{
			"name": "group",
			"origin": [8, 29.0889, 7.5],
			"color": 0,
			"nbt": "{}",
			"children": [10, 11, 12, 13, 14]
		},
		15,
		16,
		17,
		18,
		19,
		20,
		21,
		22,
		23,
		24,
		25,
		26,
		27,
		28,
		29,
		30,
		31,
		32,
		33,
		34,
		35,
		36,
		37,
		38,
		39,
		{
			"name": "hexadecagon",
			"origin": [8, 8, 8],
			"color": 0,
			"nbt": "{}",
			"children": [40, 41, 42, 43, 44, 45, 46, 47, 48, 49, 50]
		}
	]
}