{
	"credit": "Made with Blockbench",
	"texture_size": [128, 128],
	"textures": {
		"0": "block/custom/efteling_trashcan",
		"particle": "block/custom/efteling_trashcan"
	},
	"elements": [
		{
			"from": [14, -12, 2],
			"to": [16, 14, 14],
			"rotation": {"angle": 0, "axis": "y", "origin": [0, -16, -12]},
			"faces": {
				"north": {"uv": [8, 8, 8.25, 11.25], "texture": "#0"},
				"east": {"uv": [4, 0, 5.5, 3.25], "texture": "#0"},
				"south": {"uv": [8.25, 8, 8.5, 11.25], "texture": "#0"},
				"west": {"uv": [4, 3.25, 5.5, 6.5], "texture": "#0"},
				"up": {"uv": [9, 1.5, 8.75, 0], "texture": "#0"},
				"down": {"uv": [9, 1.5, 8.75, 3], "texture": "#0"}
			}
		},
		{
			"from": [0, -12, 2],
			"to": [2, 14, 14],
			"rotation": {"angle": 0, "axis": "y", "origin": [16, -16, -12]},
			"faces": {
				"north": {"uv": [8.25, 8, 8, 11.25], "texture": "#0"},
				"east": {"uv": [5.5, 3.25, 4, 6.5], "texture": "#0"},
				"south": {"uv": [8.5, 8, 8.25, 11.25], "texture": "#0"},
				"west": {"uv": [5.5, 0, 4, 3.25], "texture": "#0"},
				"up": {"uv": [8.75, 1.5, 9, 0], "texture": "#0"},
				"down": {"uv": [8.75, 1.5, 9, 3], "texture": "#0"}
			}
		},
		{
			"from": [2, -12, 0],
			"to": [14, 14, 2],
			"rotation": {"angle": 0, "axis": "y", "origin": [8, 1, 8]},
			"faces": {
				"north": {"uv": [5.5, 0, 4, 3.25], "texture": "#0"},
				"east": {"uv": [8.25, 8, 8, 11.25], "texture": "#0"},
				"south": {"uv": [5.5, 3.25, 4, 6.5], "texture": "#0"},
				"west": {"uv": [8.5, 8, 8.25, 11.25], "texture": "#0"},
				"up": {"uv": [8.75, 1.5, 9, 0], "rotation": 90, "texture": "#0"},
				"down": {"uv": [8.75, 1.5, 9, 3], "rotation": 270, "texture": "#0"}
			}
		},
		{
			"from": [2, -12, 14],
			"to": [14, 14, 16],
			"rotation": {"angle": 0, "axis": "y", "origin": [8, 1, 8]},
			"faces": {
				"north": {"uv": [4, 3.25, 5.5, 6.5], "texture": "#0"},
				"east": {"uv": [8, 8, 8.25, 11.25], "texture": "#0"},
				"south": {"uv": [4, 0, 5.5, 3.25], "texture": "#0"},
				"west": {"uv": [8.25, 8, 8.5, 11.25], "texture": "#0"},
				"up": {"uv": [9, 1.5, 8.75, 0], "rotation": 90, "texture": "#0"},
				"down": {"uv": [9, 1.5, 8.75, 3], "rotation": 270, "texture": "#0"}
			}
		},
		{
			"from": [2, -12, 2],
			"to": [14, 6, 14],
			"rotation": {"angle": 0, "axis": "y", "origin": [-12, -16, -12]},
			"faces": {
				"north": {"uv": [0, 6.5, 1.5, 9.25], "texture": "#0"},
				"east": {"uv": [1.5, 6.5, 3, 9.25], "texture": "#0"},
				"south": {"uv": [3, 6.5, 4.5, 9.25], "texture": "#0"},
				"west": {"uv": [4.5, 6.5, 6, 9.25], "texture": "#0"},
				"up": {"uv": [8.5, 3, 7, 1.5], "texture": "#0"},
				"down": {"uv": [8.5, 3, 7, 4.5], "texture": "#0"}
			}
		},
		{
			"from": [0, -12, 14],
			"to": [2, 16, 16],
			"rotation": {"angle": 0, "axis": "y", "origin": [0, -14, 0]},
			"faces": {
				"north": {"uv": [7, 6.25, 7.25, 6.5], "texture": "#0"},
				"east": {"uv": [7.25, 6.25, 7.5, 6.5], "texture": "#0"},
				"south": {"uv": [6, 9, 6.25, 9.25], "texture": "#0"},
				"west": {"uv": [9, 6, 9.25, 6.25], "texture": "#0"},
				"up": {"uv": [6.5, 9.25, 6.25, 9], "texture": "#0"},
				"down": {"uv": [9.25, 6.25, 9, 6.5], "texture": "#0"}
			}
		},
		{
			"from": [14, -12, 14],
			"to": [16, 16, 16],
			"rotation": {"angle": 0, "axis": "y", "origin": [14, -14, 0]},
			"faces": {
				"north": {"uv": [6.5, 9, 6.75, 9.25], "texture": "#0"},
				"east": {"uv": [9, 6.5, 9.25, 6.75], "texture": "#0"},
				"south": {"uv": [6.75, 9, 7, 9.25], "texture": "#0"},
				"west": {"uv": [9, 6.75, 9.25, 7], "texture": "#0"},
				"up": {"uv": [9.25, 7.25, 9, 7], "texture": "#0"},
				"down": {"uv": [9.25, 7.25, 9, 7.5], "texture": "#0"}
			}
		},
		{
			"from": [14, -12, 0],
			"to": [16, 16, 2],
			"rotation": {"angle": 0, "axis": "y", "origin": [14, -14, -14]},
			"faces": {
				"north": {"uv": [9, 7.5, 9.25, 7.75], "texture": "#0"},
				"east": {"uv": [9, 7.75, 9.25, 8], "texture": "#0"},
				"south": {"uv": [9, 8, 9.25, 8.25], "texture": "#0"},
				"west": {"uv": [9, 8.25, 9.25, 8.5], "texture": "#0"},
				"up": {"uv": [9.25, 8.75, 9, 8.5], "texture": "#0"},
				"down": {"uv": [0.25, 9.25, 0, 9.5], "texture": "#0"}
			}
		},
		{
			"from": [0, -12, 0],
			"to": [2, 16, 2],
			"rotation": {"angle": 0, "axis": "y", "origin": [0, -14, -14]},
			"faces": {
				"north": {"uv": [0.25, 9.25, 0.5, 9.5], "texture": "#0"},
				"east": {"uv": [0.5, 9.25, 0.75, 9.5], "texture": "#0"},
				"south": {"uv": [0.75, 9.25, 1, 9.5], "texture": "#0"},
				"west": {"uv": [1, 9.25, 1.25, 9.5], "texture": "#0"},
				"up": {"uv": [1.5, 9.5, 1.25, 9.25], "texture": "#0"},
				"down": {"uv": [1.75, 9.25, 1.5, 9.5], "texture": "#0"}
			}
		},
		{
			"from": [2, 14, 2],
			"to": [14, 15, 14],
			"rotation": {"angle": 0, "axis": "y", "origin": [3, -14, -11]},
			"faces": {
				"north": {"uv": [8.75, 3, 10.25, 3.125], "texture": "#0"},
				"east": {"uv": [8.75, 3.125, 10.25, 3.25], "texture": "#0"},
				"south": {"uv": [9, 0, 10.5, 0.125], "texture": "#0"},
				"west": {"uv": [9, 0.125, 10.5, 0.25], "texture": "#0"},
				"up": {"uv": [7.5, 8, 6, 6.5], "texture": "#0"},
				"down": {"uv": [8.5, 0, 7, 1.5], "texture": "#0"}
			}
		},
		{
			"from": [3, 14.75, 3],
			"to": [13, 15.75, 13],
			"rotation": {"angle": 0, "axis": "y", "origin": [3, -13.25, -11]},
			"faces": {
				"north": {"uv": [9, 0.25, 10.25, 0.375], "texture": "#0"},
				"east": {"uv": [9, 0.375, 10.25, 0.5], "texture": "#0"},
				"south": {"uv": [9, 0.5, 10.25, 0.625], "texture": "#0"},
				"west": {"uv": [9, 0.625, 10.25, 0.75], "texture": "#0"},
				"up": {"uv": [8.25, 5.75, 7, 4.5], "texture": "#0"},
				"down": {"uv": [8.75, 5.75, 7.5, 7], "texture": "#0"}
			}
		},
		{
			"from": [4, 15.5, 4],
			"to": [12, 16.5, 12],
			"rotation": {"angle": 0, "axis": "y", "origin": [3, -12.5, -11]},
			"faces": {
				"north": {"uv": [9, 4.5, 10, 4.625], "texture": "#0"},
				"east": {"uv": [9, 4.625, 10, 4.75], "texture": "#0"},
				"south": {"uv": [9, 4.75, 10, 4.875], "texture": "#0"},
				"west": {"uv": [9, 4.875, 10, 5], "texture": "#0"},
				"up": {"uv": [8.5, 8, 7.5, 7], "texture": "#0"},
				"down": {"uv": [7, 8, 6, 9], "texture": "#0"}
			}
		},
		{
			"from": [5, 16.25, 5],
			"to": [11, 17.25, 11],
			"rotation": {"angle": 0, "axis": "y", "origin": [3, -11.75, -11]},
			"faces": {
				"north": {"uv": [9, 5, 9.75, 5.125], "texture": "#0"},
				"east": {"uv": [9, 5.125, 9.75, 5.25], "texture": "#0"},
				"south": {"uv": [9, 5.75, 9.75, 5.875], "texture": "#0"},
				"west": {"uv": [9, 5.875, 9.75, 6], "texture": "#0"},
				"up": {"uv": [9, 5.25, 8.25, 4.5], "texture": "#0"},
				"down": {"uv": [9.25, 3.25, 8.5, 4], "texture": "#0"}
			}
		},
		{
			"from": [6, 17, 6],
			"to": [10, 18, 10],
			"rotation": {"angle": 0, "axis": "y", "origin": [3, -11, -11]},
			"faces": {
				"north": {"uv": [1.75, 9.25, 2.25, 9.375], "texture": "#0"},
				"east": {"uv": [2.25, 9.25, 2.75, 9.375], "texture": "#0"},
				"south": {"uv": [2.75, 9.25, 3.25, 9.375], "texture": "#0"},
				"west": {"uv": [3.25, 9.25, 3.75, 9.375], "texture": "#0"},
				"up": {"uv": [7.5, 6.25, 7, 5.75], "texture": "#0"},
				"down": {"uv": [9.25, 8.75, 8.75, 9.25], "texture": "#0"}
			}
		},
		{
			"from": [7, 17.45, 7],
			"to": [9, 18.45, 9],
			"rotation": {"angle": 0, "axis": "y", "origin": [3, -10.55, -11]},
			"faces": {
				"north": {"uv": [3.75, 9.25, 4, 9.375], "texture": "#0"},
				"east": {"uv": [9.25, 3.75, 9.5, 3.875], "texture": "#0"},
				"south": {"uv": [9.25, 3.875, 9.5, 4], "texture": "#0"},
				"west": {"uv": [4, 9.25, 4.25, 9.375], "texture": "#0"},
				"up": {"uv": [9.5, 3.5, 9.25, 3.25], "texture": "#0"},
				"down": {"uv": [9.5, 3.5, 9.25, 3.75], "texture": "#0"}
			}
		},
		{
			"from": [6.75, 18.45, 6.75],
			"to": [9.25, 20.95, 9.25],
			"rotation": {"angle": 0, "axis": "y", "origin": [3, -9.55, -11]},
			"faces": {
				"north": {"uv": [9, 0.75, 9.375, 1.125], "texture": "#0"},
				"east": {"uv": [9, 1.125, 9.375, 1.5], "texture": "#0"},
				"south": {"uv": [9, 1.5, 9.375, 1.875], "texture": "#0"},
				"west": {"uv": [9, 1.875, 9.375, 2.25], "texture": "#0"},
				"up": {"uv": [9.375, 2.625, 9, 2.25], "texture": "#0"},
				"down": {"uv": [9.375, 2.625, 9, 3], "texture": "#0"}
			}
		}
	],
	"display": {
		"gui": {
			"rotation": [36, 43, 0],
			"translation": [0, 2.25, 0],
			"scale": [0.5, 0.5, 0.5]
		},
		"head": {
			"translation": [0, -15, 0],
			"scale": [1.5, 1.5, 1.5]
		}
	}
}
