{
	"credit": "Made with Blockbench",
	"texture_size": [32, 32],
	"textures": {
		"1": "block/custom/fnaf_partyhat",
		"particle": "block/custom/fnaf_chair"
	},
	"elements": [
		{
			"from": [6, 0, 6],
			"to": [10, 3, 10],
			"rotation": {"angle": 0, "axis": "y", "origin": [-7, 0, 7]},
			"faces": {
				"north": {"uv": [6, 6, 8, 7.5], "texture": "#1"},
				"east": {"uv": [4, 7, 6, 8.5], "texture": "#1"},
				"south": {"uv": [0, 7.5, 2, 9], "texture": "#1"},
				"west": {"uv": [2, 7.5, 4, 9], "texture": "#1"},
				"up": {"uv": [2, 6, 0, 4], "texture": "#1"},
				"down": {"uv": [6, 0, 4, 2], "texture": "#1"}
			}
		},
		{
			"from": [6.5, 3, 6.5],
			"to": [9.5, 6, 9.5],
			"rotation": {"angle": 0, "axis": "y", "origin": [-7, 0, 7]},
			"faces": {
				"north": {"uv": [10, 0, 11.5, 1.5], "texture": "#1"},
				"east": {"uv": [10, 1.5, 11.5, 3], "texture": "#1"},
				"south": {"uv": [3, 10, 4.5, 11.5], "texture": "#1"},
				"west": {"uv": [10, 3, 11.5, 4.5], "texture": "#1"},
				"up": {"uv": [11.5, 10.5, 10, 9], "texture": "#1"},
				"down": {"uv": [1.5, 10.5, 0, 12], "texture": "#1"}
			}
		},
		{
			"from": [7, 6, 7],
			"to": [9, 8, 9],
			"rotation": {"angle": 0, "axis": "y", "origin": [-7, 0, 7]},
			"faces": {
				"north": {"uv": [0, 12, 1, 13], "texture": "#1"},
				"east": {"uv": [1, 12, 2, 13], "texture": "#1"},
				"south": {"uv": [2, 12, 3, 13], "texture": "#1"},
				"west": {"uv": [4, 12, 5, 13], "texture": "#1"},
				"up": {"uv": [13, 5, 12, 4], "texture": "#1"},
				"down": {"uv": [6, 12, 5, 13], "texture": "#1"}
			}
		},
		{
			"from": [3, 0, 6],
			"to": [10, 0, 13],
			"faces": {
				"north": {"uv": [0, 0, 3.5, 0], "texture": "#1"},
				"east": {"uv": [0, 0, 3.5, 0], "texture": "#1"},
				"south": {"uv": [0, 0, 3.5, 0], "texture": "#1"},
				"west": {"uv": [0, 0, 3.5, 0], "texture": "#1"},
				"up": {"uv": [12.5, 15.5, 9, 12], "texture": "#1"},
				"down": {"uv": [16, 0, 12.5, 3.5], "texture": "#1"}
			}
		}
	],
	"display": {
		"gui": {
			"rotation": [31, -31, 0],
			"translation": [1.5, 5.5, 0],
			"scale": [1.5, 1.5, 1.5]
		},
		"head": {
			"translation": [0, -13.25, 0],
			"scale": [2.5, 2.5, 2.5]
		}
	},
	"groups": [
		{
			"name": "octagon",
			"origin": [8, 8, 8],
			"color": 0,
			"nbt": "{}",
			"children": []
		},
		{
			"name": "octagon",
			"origin": [8, 8, 8],
			"color": 0,
			"nbt": "{}",
			"children": []
		},
		0,
		1,
		2,
		3
	]
}