{
	"credit": "Made with Blockbench",
	"texture_size": [64, 64],
	"textures": {
		"0": "block/custom/posters/fnaf_stars",
		"particle": "block/custom/posters/fnaf_stars"
	},
	"elements": [
		{
			"from": [-5, 0, 2],
			"to": [19, 26, 2],
			"faces": {
				"north": {"uv": [0, 0, 6, 6.5], "texture": "#0"},
				"east": {"uv": [0, 6.5, 0.5, 13], "texture": "#0"},
				"south": {"uv": [6, 0, 12, 6.5], "texture": "#0"},
				"west": {"uv": [0.5, 6.5, 1, 13], "texture": "#0"},
				"up": {"uv": [7, 7, 1, 6.5], "texture": "#0"},
				"down": {"uv": [7, 7, 1, 7.5], "texture": "#0"}
			}
		}
	],
	"display": {
		"gui": {
			"translation": [0, -4.75, 0],
			"scale": [0.72, 0.7, 0.74]
		},
		"head": {
			"translation": [0, 0, 18],
			"scale": [3, 3, 3]
		}
	}
}