{
	"credit": "Made with Blockbench",
	"texture_size": [32, 32],
	"textures": {
		"1": "block/custom/fnaf_partyhat",
		"particle": "block/custom/fnaf_chair"
	},
	"elements": [
		{
			"from": [6.5, 3, 6.5],
			"to": [9.5, 6, 9.5],
			"rotation": {"angle": 0, "axis": "y", "origin": [-13, 0, 7]},
			"faces": {
				"north": {"uv": [8, 4.5, 9.5, 6], "texture": "#1"},
				"east": {"uv": [8, 6, 9.5, 7.5], "texture": "#1"},
				"south": {"uv": [8, 7.5, 9.5, 9], "texture": "#1"},
				"west": {"uv": [4, 8.5, 5.5, 10], "texture": "#1"},
				"up": {"uv": [1.5, 10.5, 0, 9], "texture": "#1"},
				"down": {"uv": [3, 9, 1.5, 10.5], "texture": "#1"}
			}
		},
		{
			"from": [6, 0, 6],
			"to": [10, 3, 10],
			"rotation": {"angle": 0, "axis": "y", "origin": [-13, 0, 7]},
			"faces": {
				"north": {"uv": [4, 4, 6, 5.5], "texture": "#1"},
				"east": {"uv": [4, 5.5, 6, 7], "texture": "#1"},
				"south": {"uv": [0, 6, 2, 7.5], "texture": "#1"},
				"west": {"uv": [6, 0, 8, 1.5], "texture": "#1"},
				"up": {"uv": [2, 2, 0, 0], "texture": "#1"},
				"down": {"uv": [2, 2, 0, 4], "texture": "#1"}
			}
		},
		{
			"from": [7, 6, 7],
			"to": [9, 8, 9],
			"rotation": {"angle": 0, "axis": "y", "origin": [-13, 0, 7]},
			"faces": {
				"north": {"uv": [3, 9, 4, 10], "texture": "#1"},
				"east": {"uv": [11, 4.5, 12, 5.5], "texture": "#1"},
				"south": {"uv": [11, 5.5, 12, 6.5], "texture": "#1"},
				"west": {"uv": [11, 6.5, 12, 7.5], "texture": "#1"},
				"up": {"uv": [12, 8.5, 11, 7.5], "texture": "#1"},
				"down": {"uv": [12.5, 0, 11.5, 1], "texture": "#1"}
			}
		},
		{
			"from": [3, 0, 6],
			"to": [10, 0, 13],
			"faces": {
				"north": {"uv": [0, 0, 3.5, 0], "texture": "#1"},
				"east": {"uv": [0, 0, 3.5, 0], "texture": "#1"},
				"south": {"uv": [0, 0, 3.5, 0], "texture": "#1"},
				"west": {"uv": [0, 0, 3.5, 0], "texture": "#1"},
				"up": {"uv": [12.5, 15.5, 9, 12], "texture": "#1"},
				"down": {"uv": [16, 0, 12.5, 3.5], "texture": "#1"}
			}
		}
	],
	"display": {
		"gui": {
			"rotation": [31, -31, 0],
			"translation": [1.5, 5.5, 0],
			"scale": [1.5, 1.5, 1.5]
		},
		"head": {
			"translation": [0, -13.25, 0],
			"scale": [2.5, 2.5, 2.5]
		}
	},
	"groups": [
		{
			"name": "octagon",
			"origin": [8, 8, 8],
			"color": 0,
			"nbt": "{}",
			"children": []
		},
		{
			"name": "octagon",
			"origin": [8, 8, 8],
			"color": 0,
			"nbt": "{}",
			"children": []
		},
		0,
		1,
		2,
		3
	]
}