{
	"credit": "Made with Blockbench",
	"texture_size": [32, 32],
	"textures": {
		"0": "block/custom/ghost",
		"particle": "block/custom/ghost"
	},
	"elements": [
		{
			"from": [4.48, -0.04, 4.48],
			"to": [11.52, 13.04, 11.52],
			"rotation": {"angle": 0, "axis": "y", "origin": [4.48, 8.96, 4.48]},
			"faces": {
				"north": {"uv": [0, 0, 3.5, 6.5], "texture": "#0"},
				"east": {"uv": [3.5, 0, 7, 6.5], "texture": "#0"},
				"south": {"uv": [0, 6.5, 3.5, 13], "texture": "#0"},
				"west": {"uv": [3.5, 6.5, 7, 13], "texture": "#0"},
				"up": {"uv": [10.5, 3.5, 7, 0], "texture": "#0"},
				"down": {"uv": [10.5, 3.5, 7, 7], "texture": "#0"}
			}
		},
		{
			"from": [5.48, 12.96, 5.48],
			"to": [10.52, 18.04, 10.52],
			"rotation": {"angle": 0, "axis": "y", "origin": [4.48, 8.96, 4.48]},
			"faces": {
				"north": {"uv": [7, 7, 9.5, 9.5], "texture": "#0"},
				"east": {"uv": [7, 9.5, 9.5, 12], "texture": "#0"},
				"south": {"uv": [9.5, 7, 12, 9.5], "texture": "#0"},
				"west": {"uv": [9.5, 9.5, 12, 12], "texture": "#0"},
				"up": {"uv": [13, 2.5, 10.5, 0], "texture": "#0"},
				"down": {"uv": [13, 2.5, 10.5, 5], "texture": "#0"}
			}
		}
	],
	"display": {
		"gui": {
			"rotation": [30, -30, 0],
			"translation": [0.75, 0, 0],
			"scale": [0.9, 0.9, 0.9]
		},
		"head": {
			"rotation": [0, 180, 0],
			"translation": [0, -20, 0],
			"scale": [3, 3, 3]
		}
	}
}