{
	"credit": "Made with Blockbench",
	"texture_size": [64, 64],
	"textures": {
		"0": "block/custom/halloweenpainting2",
		"particle": "block/custom/halloweenpainting2"
	},
	"elements": [
		{
			"from": [0, 0, 0],
			"to": [16, 2, 2],
			"faces": {
				"north": {"uv": [4, 5.25, 8, 5.75], "texture": "#0"},
				"east": {"uv": [4.5, 7, 5, 7.5], "texture": "#0"},
				"south": {"uv": [4, 5.75, 8, 6.25], "texture": "#0"},
				"west": {"uv": [5, 7, 5.5, 7.5], "texture": "#0"},
				"up": {"uv": [10, 0.5, 6, 0], "texture": "#0"},
				"down": {"uv": [10, 0.5, 6, 1], "texture": "#0"}
			}
		},
		{
			"from": [2, 2, 0.5],
			"to": [14, 23, 1.5],
			"faces": {
				"north": {"uv": [0, 0, 3, 5.25], "texture": "#0"},
				"east": {"uv": [4, 6.25, 4.25, 11.5], "texture": "#0"},
				"south": {"uv": [3, 0, 6, 5.25], "texture": "#0"},
				"west": {"uv": [4.25, 6.25, 4.5, 11.5], "texture": "#0"},
				"up": {"uv": [9, 4.25, 6, 4], "texture": "#0"},
				"down": {"uv": [9, 4.25, 6, 4.5], "texture": "#0"}
			}
		},
		{
			"from": [0, 19, 0],
			"to": [16, 21, 2],
			"faces": {
				"north": {"uv": [6, 1, 10, 1.5], "texture": "#0"},
				"east": {"uv": [7.25, 6.25, 7.75, 6.75], "texture": "#0"},
				"south": {"uv": [6, 1.5, 10, 2], "texture": "#0"},
				"west": {"uv": [4.5, 7.5, 5, 8], "texture": "#0"},
				"up": {"uv": [10, 2.5, 6, 2], "texture": "#0"},
				"down": {"uv": [10, 2.5, 6, 3], "texture": "#0"}
			}
		},
		{
			"from": [7, 26.5, 0],
			"to": [9, 28.5, 4],
			"rotation": {"angle": 0, "axis": "y", "origin": [0, -3.5, 0]},
			"faces": {
				"north": {"uv": [5, 7.5, 5.5, 8], "texture": "#0"},
				"east": {"uv": [5.5, 7.5, 6, 8], "texture": "#0"},
				"south": {"uv": [6, 7.5, 6.5, 8], "texture": "#0"},
				"west": {"uv": [6.5, 7.5, 7, 8], "texture": "#0"},
				"up": {"uv": [8, 7.25, 7.5, 6.75], "texture": "#0"},
				"down": {"uv": [7.5, 7.5, 7, 8], "texture": "#0"}
			}
		},
		{
			"from": [3, 24.5, 0.75],
			"to": [13.25, 25.5, 1.25],
			"rotation": {"angle": -45, "axis": "z", "origin": [8, 20.5, 1]},
			"faces": {
				"north": {"uv": [6, 4.5, 8.625, 4.75], "texture": "#0"},
				"east": {"uv": [7.25, 6.75, 7.375, 7], "texture": "#0"},
				"south": {"uv": [6, 4.75, 8.625, 5], "texture": "#0"},
				"west": {"uv": [7.75, 7.25, 7.875, 7.5], "texture": "#0"},
				"up": {"uv": [8.625, 5.125, 6, 5], "texture": "#0"},
				"down": {"uv": [7.125, 6.25, 4.5, 6.375], "texture": "#0"}
			}
		},
		{
			"from": [2.75, 24.5, 0.75],
			"to": [13, 25.75, 1.25],
			"rotation": {"angle": 45, "axis": "z", "origin": [8, 20.5, 1]},
			"faces": {
				"north": {"uv": [6, 3, 8.625, 3.375], "texture": "#0"},
				"east": {"uv": [7.5, 7.25, 7.625, 7.625], "texture": "#0"},
				"south": {"uv": [6, 3.5, 8.625, 3.875], "texture": "#0"},
				"west": {"uv": [7.75, 6.25, 7.875, 6.625], "texture": "#0"},
				"up": {"uv": [7.125, 6.625, 4.5, 6.5], "texture": "#0"},
				"down": {"uv": [7.125, 6.75, 4.5, 6.875], "texture": "#0"}
			}
		},
		{
			"from": [14, 2, 0],
			"to": [16, 19, 2],
			"faces": {
				"north": {"uv": [0, 5.25, 0.5, 10.5], "texture": "#0"},
				"east": {"uv": [0.5, 5.25, 1, 10.5], "texture": "#0"},
				"south": {"uv": [1, 5.25, 1.5, 10.5], "texture": "#0"},
				"west": {"uv": [1.5, 5.25, 2, 10.5], "texture": "#0"},
				"up": {"uv": [6, 7.5, 5.5, 7], "texture": "#0"},
				"down": {"uv": [6.5, 7, 6, 7.5], "texture": "#0"}
			}
		},
		{
			"from": [0, 2, 0],
			"to": [2, 19, 2],
			"faces": {
				"north": {"uv": [2, 5.25, 2.5, 10.5], "texture": "#0"},
				"east": {"uv": [2.5, 5.25, 3, 10.5], "texture": "#0"},
				"south": {"uv": [3, 5.25, 3.5, 10.5], "texture": "#0"},
				"west": {"uv": [3.5, 5.25, 4, 10.5], "texture": "#0"},
				"up": {"uv": [7, 7.5, 6.5, 7], "texture": "#0"},
				"down": {"uv": [7.5, 7, 7, 7.5], "texture": "#0"}
			}
		}
	],
	"display": {
		"gui": {
			"rotation": [30, 147, 0],
			"translation": [1.5, -0.75, 0],
			"scale": [0.5, 0.49, 0.46]
		},
		"head": {
			"translation": [0, 0, 23.5],
			"scale": [2, 2, 2]
		}
	}
}