{
	"credit": "Made with Blockbench",
	"texture_size": [64, 64],
	"textures": {
		"0": "block/custom/pumpkin_3",
		"particle": "block/custom/pumpkin_3"
	},
	"elements": [
		{
			"from": [0.75, 0, 1.25],
			"to": [14.75, 15, 15.25],
			"rotation": {"angle": 0, "axis": "y", "origin": [8, 13.25, 8]},
			"faces": {
				"north": {"uv": [0, 3.75, 3.5, 7.5], "texture": "#0"},
				"east": {"uv": [3.5, 3.75, 7, 7.5], "texture": "#0"},
				"south": {"uv": [0, 0, 3.5, 3.75], "texture": "#0"},
				"west": {"uv": [3.5, 0, 7, 3.75], "texture": "#0"},
				"up": {"uv": [10.5, 3.5, 7, 0], "rotation": 180, "texture": "#0"},
				"down": {"uv": [10.5, 3.5, 7, 7], "rotation": 180, "texture": "#0"}
			}
		},
		{
			"from": [6.75, 15, 7.25],
			"to": [8.75, 16, 9.25],
			"rotation": {"angle": 0, "axis": "y", "origin": [8, 13.25, 8]},
			"faces": {
				"north": {"uv": [2.5, 7.5, 3, 7.75], "texture": "#0"},
				"east": {"uv": [3, 7.5, 3.5, 7.75], "texture": "#0"},
				"south": {"uv": [1.5, 7.5, 2, 7.75], "texture": "#0"},
				"west": {"uv": [2, 7.5, 2.5, 7.75], "texture": "#0"},
				"up": {"uv": [7.5, 7.5, 7, 7], "rotation": 180, "texture": "#0"},
				"down": {"uv": [0.5, 7.5, 0, 8], "rotation": 180, "texture": "#0"}
			}
		},
		{
			"from": [6.75, 16, 7.25],
			"to": [8.75, 18, 8.25],
			"rotation": {"angle": 0, "axis": "y", "origin": [8, 13.25, 8]},
			"faces": {
				"north": {"uv": [1, 7.5, 1.5, 8], "texture": "#0"},
				"east": {"uv": [3.75, 7.5, 4, 8], "texture": "#0"},
				"south": {"uv": [0.5, 7.5, 1, 8], "texture": "#0"},
				"west": {"uv": [3.5, 7.5, 3.75, 8], "texture": "#0"},
				"up": {"uv": [4.5, 7.75, 4, 7.5], "rotation": 180, "texture": "#0"},
				"down": {"uv": [5, 7.5, 4.5, 7.75], "rotation": 180, "texture": "#0"}
			}
		},
		{
			"from": [7.75, 18, 7.25],
			"to": [8.75, 20, 8.25],
			"rotation": {"angle": 0, "axis": "y", "origin": [8, 13.25, 8]},
			"faces": {
				"north": {"uv": [5.5, 7.5, 5.75, 8], "texture": "#0"},
				"east": {"uv": [5.75, 7.5, 6, 8], "texture": "#0"},
				"south": {"uv": [5, 7.5, 5.25, 8], "texture": "#0"},
				"west": {"uv": [5.25, 7.5, 5.5, 8], "texture": "#0"},
				"up": {"uv": [6.25, 7.75, 6, 7.5], "rotation": 180, "texture": "#0"},
				"down": {"uv": [6.5, 7.5, 6.25, 7.75], "rotation": 180, "texture": "#0"}
			}
		}
	],
	"display": {
		"gui": {
			"rotation": [30, -45, 0],
			"translation": [0.5, 0.25, 0],
			"scale": [0.5, 0.5, 0.5]
		},
		"head": {
			"rotation": [0, 180, 0],
			"translation": [0, -20, 0],
			"scale": [1.7, 1.7, 1.7]
		}
	}
}