{
	"credit": "Made with Blockbench",
	"textures": {
		"0": "block/anvil",
		"particle": "block/anvil"
	},
	"elements": [
		{
			"from": [2, -0.92099, 6.8125],
			"to": [14, 11.82901, 7.8125],
			"rotation": {"angle": 0, "axis": "y", "origin": [0, -6.17099, -5.1875]},
			"faces": {
				"north": {"uv": [6, 9, 7, 10], "texture": "#0"},
				"east": {"uv": [6, 9, 7, 10], "texture": "#0"},
				"south": {"uv": [6, 9, 7, 10], "texture": "#0"},
				"west": {"uv": [6, 9, 7, 10], "texture": "#0"},
				"up": {"uv": [6, 9, 7, 10], "texture": "#0"},
				"down": {"uv": [6, 9, 7, 10], "texture": "#0"}
			}
		},
		{
			"from": [2, -0.92099, 7.8125],
			"to": [4, 11.82901, 9.5625],
			"rotation": {"angle": 0, "axis": "y", "origin": [0, -6.17099, -5.1875]},
			"faces": {
				"north": {"uv": [6, 9, 7, 10], "texture": "#0"},
				"east": {"uv": [6, 9, 7, 10], "texture": "#0"},
				"south": {"uv": [6, 9, 7, 10], "texture": "#0"},
				"west": {"uv": [6, 9, 7, 10], "texture": "#0"},
				"up": {"uv": [6, 9, 7, 10], "texture": "#0"},
				"down": {"uv": [6, 9, 7, 10], "texture": "#0"}
			}
		},
		{
			"from": [4, 10.32901, 7.8125],
			"to": [12, 10.82901, 9.0625],
			"rotation": {"angle": 0, "axis": "y", "origin": [0, -6.17099, -5.1875]},
			"faces": {
				"north": {"uv": [6, 13, 7, 14], "texture": "#0"},
				"east": {"uv": [6, 13, 7, 14], "texture": "#0"},
				"south": {"uv": [6, 13, 7, 14], "texture": "#0"},
				"west": {"uv": [6, 13, 7, 14], "texture": "#0"},
				"up": {"uv": [6, 13, 7, 14], "texture": "#0"},
				"down": {"uv": [6, 13, 7, 14], "texture": "#0"}
			}
		},
		{
			"from": [7.5, 11.32901, 7.8125],
			"to": [8.5, 13.82901, 9.0625],
			"rotation": {"angle": 0, "axis": "y", "origin": [0.5, -6.17099, -5.1875]},
			"faces": {
				"north": {"uv": [6, 13, 7, 14], "texture": "#0"},
				"east": {"uv": [6, 13, 7, 14], "texture": "#0"},
				"south": {"uv": [6, 13, 7, 14], "texture": "#0"},
				"west": {"uv": [6, 13, 7, 14], "texture": "#0"},
				"up": {"uv": [6, 13, 7, 14], "texture": "#0"},
				"down": {"uv": [6, 13, 7, 14], "texture": "#0"}
			}
		},
		{
			"from": [6.75, 12.57901, 7.8125],
			"to": [7.25, 13.82901, 9.0625],
			"rotation": {"angle": 45, "axis": "z", "origin": [8, 12.57901, 8.4375]},
			"faces": {
				"north": {"uv": [6, 13, 7, 14], "texture": "#0"},
				"east": {"uv": [6, 13, 7, 14], "texture": "#0"},
				"south": {"uv": [6, 13, 7, 14], "texture": "#0"},
				"west": {"uv": [6, 13, 7, 14], "texture": "#0"},
				"up": {"uv": [6, 13, 7, 14], "texture": "#0"},
				"down": {"uv": [6, 13, 7, 14], "texture": "#0"}
			}
		},
		{
			"from": [6.13708, 13.05736, 7.8125],
			"to": [6.63708, 14.30736, 9.0625],
			"rotation": {"angle": 22.5, "axis": "z", "origin": [7.38708, 13.05736, 8.4375]},
			"faces": {
				"north": {"uv": [6, 13, 7, 14], "texture": "#0"},
				"east": {"uv": [6, 13, 7, 14], "texture": "#0"},
				"south": {"uv": [6, 13, 7, 14], "texture": "#0"},
				"west": {"uv": [6, 13, 7, 14], "texture": "#0"},
				"up": {"uv": [6, 13, 7, 14], "texture": "#0"},
				"down": {"uv": [6, 13, 7, 14], "texture": "#0"}
			}
		},
		{
			"from": [9.36292, 13.05736, 7.8125],
			"to": [9.86292, 14.30736, 9.0625],
			"rotation": {"angle": -22.5, "axis": "z", "origin": [8.61292, 13.05736, 8.4375]},
			"faces": {
				"north": {"uv": [7, 13, 6, 14], "texture": "#0"},
				"east": {"uv": [7, 13, 6, 14], "texture": "#0"},
				"south": {"uv": [7, 13, 6, 14], "texture": "#0"},
				"west": {"uv": [7, 13, 6, 14], "texture": "#0"},
				"up": {"uv": [7, 13, 6, 14], "texture": "#0"},
				"down": {"uv": [7, 13, 6, 14], "texture": "#0"}
			}
		},
		{
			"from": [8.75, 12.57901, 7.8125],
			"to": [9.25, 13.82901, 9.0625],
			"rotation": {"angle": -45, "axis": "z", "origin": [8, 12.57901, 8.4375]},
			"faces": {
				"north": {"uv": [7, 13, 6, 14], "texture": "#0"},
				"east": {"uv": [7, 13, 6, 14], "texture": "#0"},
				"south": {"uv": [7, 13, 6, 14], "texture": "#0"},
				"west": {"uv": [7, 13, 6, 14], "texture": "#0"},
				"up": {"uv": [7, 13, 6, 14], "texture": "#0"},
				"down": {"uv": [7, 13, 6, 14], "texture": "#0"}
			}
		},
		{
			"from": [4, 9.32901, 7.8125],
			"to": [12, 9.82901, 9.0625],
			"rotation": {"angle": 0, "axis": "y", "origin": [0, -6.17099, -5.1875]},
			"faces": {
				"north": {"uv": [6, 13, 7, 14], "texture": "#0"},
				"east": {"uv": [6, 13, 7, 14], "texture": "#0"},
				"south": {"uv": [6, 13, 7, 14], "texture": "#0"},
				"west": {"uv": [6, 13, 7, 14], "texture": "#0"},
				"up": {"uv": [6, 13, 7, 14], "texture": "#0"},
				"down": {"uv": [6, 13, 7, 14], "texture": "#0"}
			}
		},
		{
			"from": [7.5, -0.92099, 7.8125],
			"to": [8.5, 9.32901, 9.0625],
			"rotation": {"angle": 0, "axis": "y", "origin": [13.5, -6.17099, -5.1875]},
			"faces": {
				"north": {"uv": [7, 13, 6, 14], "texture": "#0"},
				"east": {"uv": [7, 13, 6, 14], "texture": "#0"},
				"south": {"uv": [7, 13, 6, 14], "texture": "#0"},
				"west": {"uv": [7, 13, 6, 14], "texture": "#0"},
				"up": {"uv": [7, 13, 6, 14], "texture": "#0"},
				"down": {"uv": [7, 13, 6, 14], "texture": "#0"}
			}
		},
		{
			"from": [6.5, -0.92099, 7.8125],
			"to": [7, 7.82901, 8.3125],
			"rotation": {"angle": 0, "axis": "y", "origin": [13.5, -6.17099, -5.1875]},
			"faces": {
				"north": {"uv": [7, 13, 6, 14], "texture": "#0"},
				"east": {"uv": [7, 13, 6, 14], "texture": "#0"},
				"south": {"uv": [7, 13, 6, 14], "texture": "#0"},
				"west": {"uv": [7, 13, 6, 14], "texture": "#0"},
				"up": {"uv": [7, 13, 6, 14], "texture": "#0"},
				"down": {"uv": [7, 13, 6, 14], "texture": "#0"}
			}
		},
		{
			"from": [4.5, -0.92099, 7.8125],
			"to": [5, 7.82901, 8.3125],
			"rotation": {"angle": 0, "axis": "y", "origin": [13.5, -6.17099, -5.1875]},
			"faces": {
				"north": {"uv": [7, 13, 6, 14], "texture": "#0"},
				"east": {"uv": [7, 13, 6, 14], "texture": "#0"},
				"south": {"uv": [7, 13, 6, 14], "texture": "#0"},
				"west": {"uv": [7, 13, 6, 14], "texture": "#0"},
				"up": {"uv": [7, 13, 6, 14], "texture": "#0"},
				"down": {"uv": [7, 13, 6, 14], "texture": "#0"}
			}
		},
		{
			"from": [6, 7.82901, 7.8125],
			"to": [6.5, 8.82901, 8.3125],
			"rotation": {"angle": 0, "axis": "y", "origin": [13.5, -6.17099, -5.1875]},
			"faces": {
				"north": {"uv": [7, 13, 6, 14], "texture": "#0"},
				"east": {"uv": [7, 13, 6, 14], "texture": "#0"},
				"south": {"uv": [7, 13, 6, 14], "texture": "#0"},
				"west": {"uv": [7, 13, 6, 14], "texture": "#0"},
				"up": {"uv": [7, 13, 6, 14], "texture": "#0"},
				"down": {"uv": [7, 13, 6, 14], "texture": "#0"}
			}
		},
		{
			"from": [5.5, 8.57901, 7.8125],
			"to": [6, 9.32901, 8.3125],
			"rotation": {"angle": 0, "axis": "y", "origin": [13.5, -6.17099, -5.1875]},
			"faces": {
				"north": {"uv": [7, 13, 6, 14], "texture": "#0"},
				"east": {"uv": [7, 13, 6, 14], "texture": "#0"},
				"south": {"uv": [7, 13, 6, 14], "texture": "#0"},
				"west": {"uv": [7, 13, 6, 14], "texture": "#0"},
				"up": {"uv": [7, 13, 6, 14], "texture": "#0"},
				"down": {"uv": [7, 13, 6, 14], "texture": "#0"}
			}
		},
		{
			"from": [5, 7.82901, 7.8125],
			"to": [5.5, 8.82901, 8.3125],
			"rotation": {"angle": 0, "axis": "y", "origin": [13.5, -6.17099, -5.1875]},
			"faces": {
				"north": {"uv": [7, 13, 6, 14], "texture": "#0"},
				"east": {"uv": [7, 13, 6, 14], "texture": "#0"},
				"south": {"uv": [7, 13, 6, 14], "texture": "#0"},
				"west": {"uv": [7, 13, 6, 14], "texture": "#0"},
				"up": {"uv": [7, 13, 6, 14], "texture": "#0"},
				"down": {"uv": [7, 13, 6, 14], "texture": "#0"}
			}
		},
		{
			"from": [9.75, 8.57901, 7.8125],
			"to": [10.25, 9.32901, 8.3125],
			"rotation": {"angle": 0, "axis": "y", "origin": [13.5, -6.17099, -5.1875]},
			"faces": {
				"north": {"uv": [7, 13, 6, 14], "texture": "#0"},
				"east": {"uv": [7, 13, 6, 14], "texture": "#0"},
				"south": {"uv": [7, 13, 6, 14], "texture": "#0"},
				"west": {"uv": [7, 13, 6, 14], "texture": "#0"},
				"up": {"uv": [7, 13, 6, 14], "texture": "#0"},
				"down": {"uv": [7, 13, 6, 14], "texture": "#0"}
			}
		},
		{
			"from": [10.25, 7.82901, 7.8125],
			"to": [10.75, 8.82901, 8.3125],
			"rotation": {"angle": 0, "axis": "y", "origin": [13.5, -6.17099, -5.1875]},
			"faces": {
				"north": {"uv": [7, 13, 6, 14], "texture": "#0"},
				"east": {"uv": [7, 13, 6, 14], "texture": "#0"},
				"south": {"uv": [7, 13, 6, 14], "texture": "#0"},
				"west": {"uv": [7, 13, 6, 14], "texture": "#0"},
				"up": {"uv": [7, 13, 6, 14], "texture": "#0"},
				"down": {"uv": [7, 13, 6, 14], "texture": "#0"}
			}
		},
		{
			"from": [9.25, 7.82901, 7.8125],
			"to": [9.75, 8.82901, 8.3125],
			"rotation": {"angle": 0, "axis": "y", "origin": [13.5, -6.17099, -5.1875]},
			"faces": {
				"north": {"uv": [7, 13, 6, 14], "texture": "#0"},
				"east": {"uv": [7, 13, 6, 14], "texture": "#0"},
				"south": {"uv": [7, 13, 6, 14], "texture": "#0"},
				"west": {"uv": [7, 13, 6, 14], "texture": "#0"},
				"up": {"uv": [7, 13, 6, 14], "texture": "#0"},
				"down": {"uv": [7, 13, 6, 14], "texture": "#0"}
			}
		},
		{
			"from": [8.75, -0.92099, 7.8125],
			"to": [9.25, 7.82901, 8.3125],
			"rotation": {"angle": 0, "axis": "y", "origin": [13.5, -6.17099, -5.1875]},
			"faces": {
				"north": {"uv": [7, 13, 6, 14], "texture": "#0"},
				"east": {"uv": [7, 13, 6, 14], "texture": "#0"},
				"south": {"uv": [7, 13, 6, 14], "texture": "#0"},
				"west": {"uv": [7, 13, 6, 14], "texture": "#0"},
				"up": {"uv": [7, 13, 6, 14], "texture": "#0"},
				"down": {"uv": [7, 13, 6, 14], "texture": "#0"}
			}
		},
		{
			"from": [10.75, -0.92099, 7.8125],
			"to": [11.25, 7.82901, 8.3125],
			"rotation": {"angle": 0, "axis": "y", "origin": [13.5, -6.17099, -5.1875]},
			"faces": {
				"north": {"uv": [7, 13, 6, 14], "texture": "#0"},
				"east": {"uv": [7, 13, 6, 14], "texture": "#0"},
				"south": {"uv": [7, 13, 6, 14], "texture": "#0"},
				"west": {"uv": [7, 13, 6, 14], "texture": "#0"},
				"up": {"uv": [7, 13, 6, 14], "texture": "#0"},
				"down": {"uv": [7, 13, 6, 14], "texture": "#0"}
			}
		},
		{
			"from": [12, -0.92099, 7.8125],
			"to": [14, 11.82901, 9.5625],
			"rotation": {"angle": 0, "axis": "y", "origin": [0, -6.17099, -5.1875]},
			"faces": {
				"north": {"uv": [6, 9, 7, 10], "texture": "#0"},
				"east": {"uv": [6, 9, 7, 10], "texture": "#0"},
				"south": {"uv": [6, 9, 7, 10], "texture": "#0"},
				"west": {"uv": [6, 9, 7, 10], "texture": "#0"},
				"up": {"uv": [6, 9, 7, 10], "texture": "#0"},
				"down": {"uv": [6, 9, 7, 10], "texture": "#0"}
			}
		},
		{
			"from": [1.75, -0.92099, 6.5625],
			"to": [4.25, 0.32901, 9.8125],
			"rotation": {"angle": 0, "axis": "y", "origin": [0, -6.17099, -5.1875]},
			"faces": {
				"north": {"uv": [6, 9, 7, 10], "texture": "#0"},
				"east": {"uv": [6, 9, 7, 10], "texture": "#0"},
				"south": {"uv": [6, 9, 7, 10], "texture": "#0"},
				"west": {"uv": [6, 9, 7, 10], "texture": "#0"},
				"up": {"uv": [6, 9, 7, 10], "texture": "#0"},
				"down": {"uv": [6, 9, 7, 10], "texture": "#0"}
			}
		},
		{
			"from": [11.75, -0.92099, 6.5625],
			"to": [14.25, 0.32901, 9.8125],
			"rotation": {"angle": 0, "axis": "y", "origin": [0, -6.17099, -5.1875]},
			"faces": {
				"north": {"uv": [6, 9, 7, 10], "texture": "#0"},
				"east": {"uv": [6, 9, 7, 10], "texture": "#0"},
				"south": {"uv": [6, 9, 7, 10], "texture": "#0"},
				"west": {"uv": [6, 9, 7, 10], "texture": "#0"},
				"up": {"uv": [6, 9, 7, 10], "texture": "#0"},
				"down": {"uv": [6, 9, 7, 10], "texture": "#0"}
			}
		},
		{
			"from": [4.25, -0.92099, 6.5625],
			"to": [11.75, 0.32901, 8.5625],
			"rotation": {"angle": 0, "axis": "y", "origin": [0, -6.17099, -5.1875]},
			"faces": {
				"north": {"uv": [6, 9, 7, 10], "texture": "#0"},
				"east": {"uv": [6, 9, 7, 10], "texture": "#0"},
				"south": {"uv": [6, 9, 7, 10], "texture": "#0"},
				"west": {"uv": [6, 9, 7, 10], "texture": "#0"},
				"up": {"uv": [6, 9, 7, 10], "texture": "#0"},
				"down": {"uv": [6, 9, 7, 10], "texture": "#0"}
			}
		},
		{
			"from": [13.06569, 6.47144, 7.8125],
			"to": [15.06569, 9.47144, 9.5625],
			"rotation": {"angle": 22.5, "axis": "z", "origin": [1.06569, 6.47144, -5.1875]},
			"faces": {
				"north": {"uv": [6, 9, 7, 10], "texture": "#0"},
				"east": {"uv": [6, 9, 7, 10], "texture": "#0"},
				"south": {"uv": [6, 9, 7, 10], "texture": "#0"},
				"west": {"uv": [6, 9, 7, 10], "texture": "#0"},
				"up": {"uv": [6, 9, 7, 10], "texture": "#0"},
				"down": {"uv": [6, 9, 7, 10], "texture": "#0"}
			}
		},
		{
			"from": [0.93431, 6.47144, 7.8125],
			"to": [2.93431, 9.47144, 9.5625],
			"rotation": {"angle": -22.5, "axis": "z", "origin": [14.93431, 6.47144, -5.1875]},
			"faces": {
				"north": {"uv": [6, 9, 7, 10], "texture": "#0"},
				"east": {"uv": [6, 9, 7, 10], "texture": "#0"},
				"south": {"uv": [6, 9, 7, 10], "texture": "#0"},
				"west": {"uv": [6, 9, 7, 10], "texture": "#0"},
				"up": {"uv": [6, 9, 7, 10], "texture": "#0"},
				"down": {"uv": [6, 9, 7, 10], "texture": "#0"}
			}
		},
		{
			"from": [-0.95245, 4.70115, 7.8125],
			"to": [1.04755, 9.70115, 9.5625],
			"rotation": {"angle": -45, "axis": "z", "origin": [13.04755, 4.70115, -5.1875]},
			"faces": {
				"north": {"uv": [6, 9, 7, 10], "texture": "#0"},
				"east": {"uv": [6, 9, 7, 10], "texture": "#0"},
				"south": {"uv": [6, 9, 7, 10], "texture": "#0"},
				"west": {"uv": [6, 9, 7, 10], "texture": "#0"},
				"up": {"uv": [6, 9, 7, 10], "texture": "#0"},
				"down": {"uv": [6, 9, 7, 10], "texture": "#0"}
			}
		},
		{
			"from": [14.95245, 4.70115, 7.8125],
			"to": [16.95245, 9.70115, 9.5625],
			"rotation": {"angle": 45, "axis": "z", "origin": [2.95245, 4.70115, -5.1875]},
			"faces": {
				"north": {"uv": [6, 9, 7, 10], "texture": "#0"},
				"east": {"uv": [6, 9, 7, 10], "texture": "#0"},
				"south": {"uv": [6, 9, 7, 10], "texture": "#0"},
				"west": {"uv": [6, 9, 7, 10], "texture": "#0"},
				"up": {"uv": [6, 9, 7, 10], "texture": "#0"},
				"down": {"uv": [6, 9, 7, 10], "texture": "#0"}
			}
		},
		{
			"from": [2.95884, 17.20187, 6.8125],
			"to": [3.95884, 19.20187, 9.5625],
			"rotation": {"angle": -22.5, "axis": "z", "origin": [3.95884, 5.20187, -5.1875]},
			"faces": {
				"north": {"uv": [6, 9, 7, 10], "rotation": 90, "texture": "#0"},
				"east": {"uv": [6, 9, 7, 10], "rotation": 270, "texture": "#0"},
				"south": {"uv": [6, 9, 7, 10], "rotation": 270, "texture": "#0"},
				"west": {"uv": [6, 9, 7, 10], "rotation": 270, "texture": "#0"},
				"up": {"uv": [6, 9, 7, 10], "rotation": 270, "texture": "#0"},
				"down": {"uv": [6, 9, 7, 10], "rotation": 270, "texture": "#0"}
			}
		},
		{
			"from": [12.04116, 17.20187, 6.8125],
			"to": [13.04116, 19.20187, 9.5625],
			"rotation": {"angle": 22.5, "axis": "z", "origin": [12.04116, 5.20187, -5.1875]},
			"faces": {
				"north": {"uv": [6, 10, 7, 9], "rotation": 90, "texture": "#0"},
				"east": {"uv": [6, 10, 7, 9], "rotation": 270, "texture": "#0"},
				"south": {"uv": [6, 10, 7, 9], "rotation": 270, "texture": "#0"},
				"west": {"uv": [6, 10, 7, 9], "rotation": 270, "texture": "#0"},
				"up": {"uv": [6, 10, 7, 9], "rotation": 270, "texture": "#0"},
				"down": {"uv": [6, 10, 7, 9], "rotation": 270, "texture": "#0"}
			}
		},
		{
			"from": [7.60747, 16.51886, 6.8125],
			"to": [8.10747, 18.51886, 9.5625],
			"rotation": {"angle": 0, "axis": "z", "origin": [7.60747, 4.51886, -5.1875]},
			"faces": {
				"north": {"uv": [6, 10, 7, 9], "rotation": 90, "texture": "#0"},
				"east": {"uv": [6, 10, 7, 9], "rotation": 270, "texture": "#0"},
				"south": {"uv": [6, 10, 7, 9], "rotation": 270, "texture": "#0"},
				"west": {"uv": [6, 10, 7, 9], "rotation": 270, "texture": "#0"},
				"up": {"uv": [6, 10, 7, 9], "rotation": 270, "texture": "#0"},
				"down": {"uv": [6, 10, 7, 9], "rotation": 270, "texture": "#0"}
			}
		},
		{
			"from": [7.89253, 16.51886, 6.8125],
			"to": [8.39253, 18.51886, 9.5625],
			"rotation": {"angle": 0, "axis": "z", "origin": [8.39253, 4.51886, -5.1875]},
			"faces": {
				"north": {"uv": [6, 9, 7, 10], "rotation": 90, "texture": "#0"},
				"east": {"uv": [6, 9, 7, 10], "rotation": 270, "texture": "#0"},
				"south": {"uv": [6, 9, 7, 10], "rotation": 270, "texture": "#0"},
				"west": {"uv": [6, 9, 7, 10], "rotation": 270, "texture": "#0"},
				"up": {"uv": [6, 9, 7, 10], "rotation": 270, "texture": "#0"},
				"down": {"uv": [6, 9, 7, 10], "rotation": 270, "texture": "#0"}
			}
		},
		{
			"from": [7.06569, 6.47144, 6.8125],
			"to": [15.06569, 9.47144, 7.8125],
			"rotation": {"angle": 22.5, "axis": "z", "origin": [1.06569, 6.47144, -6.1875]},
			"faces": {
				"north": {"uv": [6, 9, 7, 10], "texture": "#0"},
				"east": {"uv": [6, 9, 7, 10], "texture": "#0"},
				"south": {"uv": [6, 9, 7, 10], "texture": "#0"},
				"west": {"uv": [6, 9, 7, 10], "texture": "#0"},
				"up": {"uv": [6, 9, 7, 10], "texture": "#0"},
				"down": {"uv": [6, 9, 7, 10], "texture": "#0"}
			}
		},
		{
			"from": [7.95245, 4.70115, 6.8125],
			"to": [16.95245, 9.70115, 7.8125],
			"rotation": {"angle": 45, "axis": "z", "origin": [2.95245, 4.70115, -6.1875]},
			"faces": {
				"north": {"uv": [6, 9, 7, 10], "texture": "#0"},
				"east": {"uv": [6, 9, 7, 10], "texture": "#0"},
				"south": {"uv": [6, 9, 7, 10], "texture": "#0"},
				"west": {"uv": [6, 9, 7, 10], "texture": "#0"},
				"up": {"uv": [6, 9, 7, 10], "texture": "#0"},
				"down": {"uv": [6, 9, 7, 10], "texture": "#0"}
			}
		},
		{
			"from": [-0.95245, 4.70115, 6.8125],
			"to": [6.04755, 9.70115, 7.8125],
			"rotation": {"angle": -45, "axis": "z", "origin": [13.04755, 4.70115, -6.1875]},
			"faces": {
				"north": {"uv": [6, 9, 7, 10], "texture": "#0"},
				"east": {"uv": [6, 9, 7, 10], "texture": "#0"},
				"south": {"uv": [6, 9, 7, 10], "texture": "#0"},
				"west": {"uv": [6, 9, 7, 10], "texture": "#0"},
				"up": {"uv": [6, 9, 7, 10], "texture": "#0"},
				"down": {"uv": [6, 9, 7, 10], "texture": "#0"}
			}
		},
		{
			"from": [0.93431, 6.47144, 6.8125],
			"to": [7.93431, 9.47144, 7.8125],
			"rotation": {"angle": -22.5, "axis": "z", "origin": [14.93431, 6.47144, -6.1875]},
			"faces": {
				"north": {"uv": [6, 9, 7, 10], "texture": "#0"},
				"east": {"uv": [6, 9, 7, 10], "texture": "#0"},
				"south": {"uv": [6, 9, 7, 10], "texture": "#0"},
				"west": {"uv": [6, 9, 7, 10], "texture": "#0"},
				"up": {"uv": [6, 9, 7, 10], "texture": "#0"},
				"down": {"uv": [6, 9, 7, 10], "texture": "#0"}
			}
		}
	],
	"display": {
		"gui": {
			"rotation": [30, -30, 0]
		},
		"head": {
			"translation": [0, -17, 0],
			"scale": [2, 2, 2]
		}
	}
}