{
	"credit": "Made with Blockbench",
	"textures": {
		"0": "block/anvil",
		"particle": "block/anvil"
	},
	"elements": [
		{
			"from": [6, -1.75, 6],
			"to": [10, 17.75, 10],
			"rotation": {"angle": 0, "axis": "y", "origin": [6, 5.75, 0]},
			"faces": {
				"north": {"uv": [0, 0, 4, 16], "texture": "#0"},
				"east": {"uv": [0, 0, 4, 16], "texture": "#0"},
				"south": {"uv": [0, 0, 4, 16], "texture": "#0"},
				"west": {"uv": [0, 0, 4, 16], "texture": "#0"},
				"up": {"uv": [0, 0, 4, 16], "texture": "#0"},
				"down": {"uv": [0, 0, 4, 16], "texture": "#0"}
			}
		},
		{
			"from": [2, 10.5, 6.25],
			"to": [14, 14, 9.75],
			"rotation": {"angle": 0, "axis": "y", "origin": [6, 5.75, 0]},
			"faces": {
				"north": {"uv": [0, 0, 3.5, 3.5], "texture": "#0"},
				"east": {"uv": [0, 0, 3.5, 3.5], "texture": "#0"},
				"south": {"uv": [0, 0, 3.5, 3.5], "texture": "#0"},
				"west": {"uv": [0, 0, 3.5, 3.5], "texture": "#0"},
				"up": {"uv": [0, 0, 3.5, 3.5], "texture": "#0"},
				"down": {"uv": [0, 0, 3.5, 3.5], "texture": "#0"}
			}
		}
	],
	"display": {
		"gui": {
			"rotation": [30, -45, 0]
		},
		"head": {
			"translation": [0, -17, 0],
			"scale": [2, 2, 2]
		}
	}
}