{
	"credit": "Made with Blockbench",
	"textures": {
		"0": "block/bone_block_top",
		"1": "block/black_concrete",
		"2": "block/barrel_top",
		"particle": "block/bone_block_top"
	},
	"elements": [
		{
			"from": [6.75, 13.32194, 8.38216],
			"to": [9.5, 16.82194, 10.38216],
			"rotation": {"angle": 0, "axis": "x", "origin": [7, 15.32194, 8.63216]},
			"faces": {
				"north": {"uv": [0, 0, 2, 3.5], "texture": "#0"},
				"east": {"uv": [0, 0, 2, 3.5], "texture": "#0"},
				"south": {"uv": [0, 0, 2, 3.5], "texture": "#0"},
				"west": {"uv": [0, 0, 2, 3.5], "texture": "#0"},
				"up": {"uv": [0, 0, 2, 3.5], "texture": "#0"},
				"down": {"uv": [0, 0, 2, 3.5], "texture": "#0"}
			}
		},
		{
			"from": [6.5, 5.57194, 8.13216],
			"to": [9.75, 13.82194, 11.88216],
			"rotation": {"angle": 0, "axis": "x", "origin": [7, 15.32194, 8.63216]},
			"faces": {
				"north": {"uv": [0, 0, 3.75, 8.25], "texture": "#0"},
				"east": {"uv": [0, 0, 3.75, 8.25], "texture": "#0"},
				"south": {"uv": [0, 0, 3.75, 8.25], "texture": "#0"},
				"west": {"uv": [0, 0, 3.75, 8.25], "texture": "#0"},
				"up": {"uv": [0, 0, 3.75, 8.25], "texture": "#0"},
				"down": {"uv": [0, 0, 3.75, 8.25], "texture": "#0"}
			}
		},
		{
			"from": [9.5, 6.32194, 8.13216],
			"to": [12.25, 12.57194, 11.38216],
			"rotation": {"angle": 0, "axis": "x", "origin": [7, 15.32194, 8.63216]},
			"faces": {
				"north": {"uv": [0, 0, 3.25, 6.25], "texture": "#0"},
				"east": {"uv": [0, 0, 3.25, 6.25], "texture": "#0"},
				"south": {"uv": [0, 0, 3.25, 6.25], "texture": "#0"},
				"west": {"uv": [0, 0, 3.25, 6.25], "texture": "#0"},
				"up": {"uv": [0, 0, 3.25, 6.25], "texture": "#0"},
				"down": {"uv": [0, 0, 3.25, 6.25], "texture": "#0"}
			}
		},
		{
			"from": [4, 6.32194, 8.13216],
			"to": [6.75, 12.57194, 11.38216],
			"rotation": {"angle": 0, "axis": "x", "origin": [7, 15.32194, 8.63216]},
			"faces": {
				"north": {"uv": [0, 0, 3.25, 6.25], "texture": "#0"},
				"east": {"uv": [0, 0, 3.25, 6.25], "texture": "#0"},
				"south": {"uv": [0, 0, 3.25, 6.25], "texture": "#0"},
				"west": {"uv": [0, 0, 3.25, 6.25], "texture": "#0"},
				"up": {"uv": [0, 0, 3.25, 6.25], "texture": "#0"},
				"down": {"uv": [0, 0, 3.25, 6.25], "texture": "#0"}
			}
		},
		{
			"from": [5, -0.67806, 8.03216],
			"to": [11.25, 7.32194, 11.38216],
			"rotation": {"angle": 0, "axis": "x", "origin": [7, 15.32194, 8.63216]},
			"faces": {
				"north": {"uv": [0, 0, 3.25, 8], "texture": "#0"},
				"east": {"uv": [0, 0, 3.25, 8], "texture": "#0"},
				"south": {"uv": [0, 0, 3.25, 8], "texture": "#0"},
				"west": {"uv": [0, 0, 3.25, 8], "texture": "#0"},
				"up": {"uv": [0, 0, 3.25, 8], "texture": "#0"},
				"down": {"uv": [0, 0, 3.25, 8], "texture": "#0"}
			}
		},
		{
			"from": [3.25, 9.07194, 9.63216],
			"to": [5.5, 12.82194, 12.13216],
			"rotation": {"angle": 22.5, "axis": "x", "origin": [7, 14.82194, 8.63216]},
			"faces": {
				"north": {"uv": [0, 0, 2.5, 3.75], "texture": "#0"},
				"east": {"uv": [0, 0, 2.5, 3.75], "texture": "#0"},
				"south": {"uv": [0, 0, 2.5, 3.75], "texture": "#0"},
				"west": {"uv": [0, 0, 2.5, 3.75], "texture": "#0"},
				"up": {"uv": [0, 0, 2.5, 3.75], "texture": "#0"},
				"down": {"uv": [0, 0, 2.5, 3.75], "texture": "#0"}
			}
		},
		{
			"from": [3.25, 8.30932, 9.60464],
			"to": [5.5, 10.05932, 12.10464],
			"rotation": {"angle": 45, "axis": "x", "origin": [7, 12.05932, 8.60464]},
			"faces": {
				"north": {"uv": [0, 0, 2.5, 1.75], "texture": "#0"},
				"east": {"uv": [0, 0, 2.5, 1.75], "texture": "#0"},
				"south": {"uv": [0, 0, 2.5, 1.75], "texture": "#0"},
				"west": {"uv": [0, 0, 2.5, 1.75], "texture": "#0"},
				"up": {"uv": [0, 0, 2.5, 1.75], "texture": "#0"},
				"down": {"uv": [0, 0, 2.5, 1.75], "texture": "#0"}
			}
		},
		{
			"from": [3.25, 7.43175, 5.18623],
			"to": [5.5, 9.93175, 6.93623],
			"rotation": {"angle": -22.5, "axis": "x", "origin": [7, 10.93175, 8.93623]},
			"faces": {
				"north": {"uv": [0, 0, 2.5, 1.75], "rotation": 270, "texture": "#0"},
				"east": {"uv": [0, 0, 2.5, 1.75], "rotation": 270, "texture": "#0"},
				"south": {"uv": [0, 0, 2.5, 1.75], "rotation": 270, "texture": "#0"},
				"west": {"uv": [0, 0, 2.5, 1.75], "rotation": 270, "texture": "#0"},
				"up": {"uv": [0, 0, 2.5, 1.75], "rotation": 270, "texture": "#0"},
				"down": {"uv": [0, 0, 2.5, 1.75], "rotation": 270, "texture": "#0"}
			}
		},
		{
			"from": [3.25, 6.2631, 5.06108],
			"to": [5.5, 8.7631, 6.81108],
			"rotation": {"angle": 0, "axis": "x", "origin": [7, 9.7631, 8.81108]},
			"faces": {
				"north": {"uv": [0, 0, 2.5, 1.75], "rotation": 270, "texture": "#0"},
				"east": {"uv": [0, 0, 2.5, 1.75], "rotation": 270, "texture": "#0"},
				"south": {"uv": [0, 0, 2.5, 1.75], "rotation": 270, "texture": "#0"},
				"west": {"uv": [0, 0, 2.5, 1.75], "rotation": 270, "texture": "#0"},
				"up": {"uv": [0, 0, 2.5, 1.75], "rotation": 270, "texture": "#0"},
				"down": {"uv": [0, 0, 2.5, 1.75], "rotation": 270, "texture": "#0"}
			}
		},
		{
			"from": [10.5, 6.2631, 5.06108],
			"to": [12.75, 8.7631, 6.81108],
			"rotation": {"angle": 0, "axis": "x", "origin": [9, 9.7631, 8.81108]},
			"faces": {
				"north": {"uv": [0, 1.75, 2.5, 0], "rotation": 90, "texture": "#0"},
				"east": {"uv": [0, 1.75, 2.5, 0], "rotation": 90, "texture": "#0"},
				"south": {"uv": [0, 1.75, 2.5, 0], "rotation": 90, "texture": "#0"},
				"west": {"uv": [0, 1.75, 2.5, 0], "rotation": 90, "texture": "#0"},
				"up": {"uv": [0, 1.75, 2.5, 0], "rotation": 90, "texture": "#0"},
				"down": {"uv": [0, 1.75, 2.5, 0], "rotation": 90, "texture": "#0"}
			}
		},
		{
			"from": [11, 3.44509, 4.57885],
			"to": [11.5, 7.19509, 6.07885],
			"rotation": {"angle": -22.5, "axis": "x", "origin": [10, 9.19509, 7.07885]},
			"faces": {
				"north": {"uv": [0, 1.75, 3.75, 3.25], "rotation": 90, "texture": "#0"},
				"east": {"uv": [0, 1.75, 3.75, 3.25], "rotation": 90, "texture": "#0"},
				"south": {"uv": [0, 1.75, 3.75, 3.25], "rotation": 90, "texture": "#0"},
				"west": {"uv": [0, 1.75, 3.75, 3.25], "rotation": 90, "texture": "#0"},
				"up": {"uv": [0, 1.75, 3.75, 3.25], "rotation": 90, "texture": "#0"},
				"down": {"uv": [0, 1.75, 3.75, 3.25], "rotation": 90, "texture": "#0"}
			}
		},
		{
			"from": [10.75, 2.69509, 5.32885],
			"to": [11.25, 7.19509, 6.82885],
			"rotation": {"angle": 0, "axis": "x", "origin": [10, 9.19509, 7.07885]},
			"faces": {
				"north": {"uv": [0, 1.75, 4.5, 3.25], "rotation": 90, "texture": "#0"},
				"east": {"uv": [0, 1.75, 4.5, 3.25], "rotation": 90, "texture": "#0"},
				"south": {"uv": [0, 1.75, 4.5, 3.25], "rotation": 90, "texture": "#0"},
				"west": {"uv": [0, 1.75, 4.5, 3.25], "rotation": 90, "texture": "#0"},
				"up": {"uv": [0, 1.75, 4.5, 3.25], "rotation": 90, "texture": "#0"},
				"down": {"uv": [0, 1.75, 4.5, 3.25], "rotation": 90, "texture": "#0"}
			}
		},
		{
			"from": [10.75, 0.94509, 5.57885],
			"to": [11.25, 2.94509, 6.57885],
			"rotation": {"angle": 0, "axis": "x", "origin": [10, 9.19509, 7.07885]},
			"faces": {
				"north": {"uv": [0, 1.75, 2, 2.75], "rotation": 90, "texture": "#0"},
				"east": {"uv": [0, 1.75, 2, 2.75], "rotation": 90, "texture": "#0"},
				"south": {"uv": [0, 1.75, 2, 2.75], "rotation": 90, "texture": "#0"},
				"west": {"uv": [0, 1.75, 2, 2.75], "rotation": 90, "texture": "#0"},
				"up": {"uv": [0, 1.75, 2, 2.75], "rotation": 90, "texture": "#0"},
				"down": {"uv": [0, 1.75, 2, 2.75], "rotation": 90, "texture": "#0"}
			}
		},
		{
			"from": [11, 5.19509, 8.07885],
			"to": [11.5, 8.69509, 10.57885],
			"rotation": {"angle": 22.5, "axis": "x", "origin": [10, 9.19509, 7.07885]},
			"faces": {
				"north": {"uv": [0, 1.75, 3.5, 4.25], "rotation": 270, "texture": "#0"},
				"east": {"uv": [0, 1.75, 3.5, 4.25], "rotation": 270, "texture": "#0"},
				"south": {"uv": [0, 1.75, 3.5, 4.25], "rotation": 270, "texture": "#0"},
				"west": {"uv": [0, 1.75, 3.5, 4.25], "rotation": 270, "texture": "#0"},
				"up": {"uv": [0, 1.75, 3.5, 4.25], "rotation": 270, "texture": "#0"},
				"down": {"uv": [0, 1.75, 3.5, 4.25], "rotation": 270, "texture": "#0"}
			}
		},
		{
			"from": [12, 4.44509, 9.57885],
			"to": [12.5, 9.44509, 11.07885],
			"rotation": {"angle": -22.5, "axis": "x", "origin": [10, 9.19509, 7.07885]},
			"faces": {
				"north": {"uv": [0, 1.75, 5, 3.25], "rotation": 90, "texture": "#0"},
				"east": {"uv": [0, 1.75, 5, 3.25], "rotation": 90, "texture": "#0"},
				"south": {"uv": [0, 1.75, 5, 3.25], "rotation": 90, "texture": "#0"},
				"west": {"uv": [0, 1.75, 5, 3.25], "rotation": 90, "texture": "#0"},
				"up": {"uv": [0, 1.75, 5, 3.25], "rotation": 90, "texture": "#0"},
				"down": {"uv": [0, 1.75, 5, 3.25], "rotation": 90, "texture": "#0"}
			}
		},
		{
			"from": [12, 0.08739, 11.09211],
			"to": [12.5, 6.33739, 12.59211],
			"rotation": {"angle": 0, "axis": "x", "origin": [10, 6.08739, 8.59211]},
			"faces": {
				"north": {"uv": [0, 1.75, 6.25, 3.25], "rotation": 90, "texture": "#0"},
				"east": {"uv": [0, 1.75, 6.25, 3.25], "rotation": 90, "texture": "#0"},
				"south": {"uv": [0, 1.75, 6.25, 3.25], "rotation": 90, "texture": "#0"},
				"west": {"uv": [0, 1.75, 6.25, 3.25], "rotation": 90, "texture": "#0"},
				"up": {"uv": [0, 1.75, 6.25, 3.25], "rotation": 90, "texture": "#0"},
				"down": {"uv": [0, 1.75, 6.25, 3.25], "rotation": 90, "texture": "#0"}
			}
		},
		{
			"from": [12.25, 0.08739, 9.59211],
			"to": [12.75, 6.33739, 11.09211],
			"rotation": {"angle": 0, "axis": "x", "origin": [10.25, 6.08739, 7.09211]},
			"faces": {
				"north": {"uv": [0, 1.75, 6.25, 3.25], "rotation": 90, "texture": "#0"},
				"east": {"uv": [0, 1.75, 6.25, 3.25], "rotation": 90, "texture": "#0"},
				"south": {"uv": [0, 1.75, 6.25, 3.25], "rotation": 90, "texture": "#0"},
				"west": {"uv": [0, 1.75, 6.25, 3.25], "rotation": 90, "texture": "#0"},
				"up": {"uv": [0, 1.75, 6.25, 3.25], "rotation": 90, "texture": "#0"},
				"down": {"uv": [0, 1.75, 6.25, 3.25], "rotation": 90, "texture": "#0"}
			}
		},
		{
			"from": [12.25, 4.44509, 8.07885],
			"to": [12.75, 7.69509, 9.57885],
			"rotation": {"angle": -22.5, "axis": "x", "origin": [10.25, 9.19509, 5.57885]},
			"faces": {
				"north": {"uv": [0, 1.75, 3.25, 3.25], "rotation": 90, "texture": "#0"},
				"east": {"uv": [0, 1.75, 3.25, 3.25], "rotation": 90, "texture": "#0"},
				"south": {"uv": [0, 1.75, 3.25, 3.25], "rotation": 90, "texture": "#0"},
				"west": {"uv": [0, 1.75, 3.25, 3.25], "rotation": 90, "texture": "#0"},
				"up": {"uv": [0, 1.75, 3.25, 3.25], "rotation": 90, "texture": "#0"},
				"down": {"uv": [0, 1.75, 3.25, 3.25], "rotation": 90, "texture": "#0"}
			}
		},
		{
			"from": [12, 0.08739, 8.34211],
			"to": [12.5, 6.33739, 9.84211],
			"rotation": {"angle": 0, "axis": "x", "origin": [10, 6.08739, 5.84211]},
			"faces": {
				"north": {"uv": [0, 1.75, 6.25, 3.25], "rotation": 90, "texture": "#0"},
				"east": {"uv": [0, 1.75, 6.25, 3.25], "rotation": 90, "texture": "#0"},
				"south": {"uv": [0, 1.75, 6.25, 3.25], "rotation": 90, "texture": "#0"},
				"west": {"uv": [0, 1.75, 6.25, 3.25], "rotation": 90, "texture": "#0"},
				"up": {"uv": [0, 1.75, 6.25, 3.25], "rotation": 90, "texture": "#0"},
				"down": {"uv": [0, 1.75, 6.25, 3.25], "rotation": 90, "texture": "#0"}
			}
		},
		{
			"from": [11.25, 0.08739, 7.84211],
			"to": [11.75, 6.83739, 9.34211],
			"rotation": {"angle": 0, "axis": "x", "origin": [10, 6.08739, 5.84211]},
			"faces": {
				"north": {"uv": [0, 1.75, 6.75, 3.25], "rotation": 90, "texture": "#0"},
				"east": {"uv": [0, 1.75, 6.75, 3.25], "rotation": 90, "texture": "#0"},
				"south": {"uv": [0, 1.75, 6.75, 3.25], "rotation": 90, "texture": "#0"},
				"west": {"uv": [0, 1.75, 6.75, 3.25], "rotation": 90, "texture": "#0"},
				"up": {"uv": [0, 1.75, 6.75, 3.25], "rotation": 90, "texture": "#0"},
				"down": {"uv": [0, 1.75, 6.75, 3.25], "rotation": 90, "texture": "#0"}
			}
		},
		{
			"from": [12, 4.44509, 6.82885],
			"to": [12.5, 7.69509, 8.32885],
			"rotation": {"angle": -22.5, "axis": "x", "origin": [10, 9.19509, 4.32885]},
			"faces": {
				"north": {"uv": [0, 1.75, 3.25, 3.25], "rotation": 90, "texture": "#0"},
				"east": {"uv": [0, 1.75, 3.25, 3.25], "rotation": 90, "texture": "#0"},
				"south": {"uv": [0, 1.75, 3.25, 3.25], "rotation": 90, "texture": "#0"},
				"west": {"uv": [0, 1.75, 3.25, 3.25], "rotation": 90, "texture": "#0"},
				"up": {"uv": [0, 1.75, 3.25, 3.25], "rotation": 90, "texture": "#0"},
				"down": {"uv": [0, 1.75, 3.25, 3.25], "rotation": 90, "texture": "#0"}
			}
		},
		{
			"from": [11.25, 1.58739, 11.09211],
			"to": [11.75, 7.83739, 12.59211],
			"rotation": {"angle": 0, "axis": "x", "origin": [9.25, 7.58739, 8.59211]},
			"faces": {
				"north": {"uv": [0, 1.75, 6.25, 3.25], "rotation": 90, "texture": "#0"},
				"east": {"uv": [0, 1.75, 6.25, 3.25], "rotation": 90, "texture": "#0"},
				"south": {"uv": [0, 1.75, 6.25, 3.25], "rotation": 90, "texture": "#0"},
				"west": {"uv": [0, 1.75, 6.25, 3.25], "rotation": 90, "texture": "#0"},
				"up": {"uv": [0, 1.75, 6.25, 3.25], "rotation": 90, "texture": "#0"},
				"down": {"uv": [0, 1.75, 6.25, 3.25], "rotation": 90, "texture": "#0"}
			}
		},
		{
			"from": [11.25, 5.94509, 9.57885],
			"to": [11.75, 9.19509, 11.07885],
			"rotation": {"angle": -22.5, "axis": "x", "origin": [9.25, 10.69509, 7.07885]},
			"faces": {
				"north": {"uv": [0, 1.75, 3.25, 3.25], "rotation": 90, "texture": "#0"},
				"east": {"uv": [0, 1.75, 3.25, 3.25], "rotation": 90, "texture": "#0"},
				"south": {"uv": [0, 1.75, 3.25, 3.25], "rotation": 90, "texture": "#0"},
				"west": {"uv": [0, 1.75, 3.25, 3.25], "rotation": 90, "texture": "#0"},
				"up": {"uv": [0, 1.75, 3.25, 3.25], "rotation": 90, "texture": "#0"},
				"down": {"uv": [0, 1.75, 3.25, 3.25], "rotation": 90, "texture": "#0"}
			}
		},
		{
			"from": [4.75, 0.94509, 5.57885],
			"to": [5.25, 2.94509, 6.57885],
			"rotation": {"angle": 0, "axis": "x", "origin": [6, 9.19509, 7.07885]},
			"faces": {
				"north": {"uv": [0, 2.75, 2, 1.75], "rotation": 90, "texture": "#0"},
				"east": {"uv": [0, 2.75, 2, 1.75], "rotation": 90, "texture": "#0"},
				"south": {"uv": [0, 2.75, 2, 1.75], "rotation": 90, "texture": "#0"},
				"west": {"uv": [0, 2.75, 2, 1.75], "rotation": 90, "texture": "#0"},
				"up": {"uv": [0, 2.75, 2, 1.75], "rotation": 90, "texture": "#0"},
				"down": {"uv": [0, 2.75, 2, 1.75], "rotation": 90, "texture": "#0"}
			}
		},
		{
			"from": [4.75, 2.69509, 5.32885],
			"to": [5.25, 7.19509, 6.82885],
			"rotation": {"angle": 0, "axis": "x", "origin": [6, 9.19509, 7.07885]},
			"faces": {
				"north": {"uv": [0, 3.25, 4.5, 1.75], "rotation": 90, "texture": "#0"},
				"east": {"uv": [0, 3.25, 4.5, 1.75], "rotation": 90, "texture": "#0"},
				"south": {"uv": [0, 3.25, 4.5, 1.75], "rotation": 90, "texture": "#0"},
				"west": {"uv": [0, 3.25, 4.5, 1.75], "rotation": 90, "texture": "#0"},
				"up": {"uv": [0, 3.25, 4.5, 1.75], "rotation": 90, "texture": "#0"},
				"down": {"uv": [0, 3.25, 4.5, 1.75], "rotation": 90, "texture": "#0"}
			}
		},
		{
			"from": [4.5, 3.44509, 4.57885],
			"to": [5, 7.19509, 6.07885],
			"rotation": {"angle": -22.5, "axis": "x", "origin": [6, 9.19509, 7.07885]},
			"faces": {
				"north": {"uv": [0, 3.25, 3.75, 1.75], "rotation": 90, "texture": "#0"},
				"east": {"uv": [0, 3.25, 3.75, 1.75], "rotation": 90, "texture": "#0"},
				"south": {"uv": [0, 3.25, 3.75, 1.75], "rotation": 90, "texture": "#0"},
				"west": {"uv": [0, 3.25, 3.75, 1.75], "rotation": 90, "texture": "#0"},
				"up": {"uv": [0, 3.25, 3.75, 1.75], "rotation": 90, "texture": "#0"},
				"down": {"uv": [0, 3.25, 3.75, 1.75], "rotation": 90, "texture": "#0"}
			}
		},
		{
			"from": [4.5, 5.19509, 8.07885],
			"to": [5, 8.69509, 10.57885],
			"rotation": {"angle": 22.5, "axis": "x", "origin": [6, 9.19509, 7.07885]},
			"faces": {
				"north": {"uv": [0, 4.25, 3.5, 1.75], "rotation": 270, "texture": "#0"},
				"east": {"uv": [0, 4.25, 3.5, 1.75], "rotation": 270, "texture": "#0"},
				"south": {"uv": [0, 4.25, 3.5, 1.75], "rotation": 270, "texture": "#0"},
				"west": {"uv": [0, 4.25, 3.5, 1.75], "rotation": 270, "texture": "#0"},
				"up": {"uv": [0, 4.25, 3.5, 1.75], "rotation": 270, "texture": "#0"},
				"down": {"uv": [0, 4.25, 3.5, 1.75], "rotation": 270, "texture": "#0"}
			}
		},
		{
			"from": [4.25, 0.08739, 7.84211],
			"to": [4.75, 6.83739, 9.34211],
			"rotation": {"angle": 0, "axis": "x", "origin": [6, 6.08739, 5.84211]},
			"faces": {
				"north": {"uv": [0, 3.25, 6.75, 1.75], "rotation": 90, "texture": "#0"},
				"east": {"uv": [0, 3.25, 6.75, 1.75], "rotation": 90, "texture": "#0"},
				"south": {"uv": [0, 3.25, 6.75, 1.75], "rotation": 90, "texture": "#0"},
				"west": {"uv": [0, 3.25, 6.75, 1.75], "rotation": 90, "texture": "#0"},
				"up": {"uv": [0, 3.25, 6.75, 1.75], "rotation": 90, "texture": "#0"},
				"down": {"uv": [0, 3.25, 6.75, 1.75], "rotation": 90, "texture": "#0"}
			}
		},
		{
			"from": [3.5, 0.08739, 8.34211],
			"to": [4, 6.33739, 9.84211],
			"rotation": {"angle": 0, "axis": "x", "origin": [6, 6.08739, 5.84211]},
			"faces": {
				"north": {"uv": [0, 3.25, 6.25, 1.75], "rotation": 90, "texture": "#0"},
				"east": {"uv": [0, 3.25, 6.25, 1.75], "rotation": 90, "texture": "#0"},
				"south": {"uv": [0, 3.25, 6.25, 1.75], "rotation": 90, "texture": "#0"},
				"west": {"uv": [0, 3.25, 6.25, 1.75], "rotation": 90, "texture": "#0"},
				"up": {"uv": [0, 3.25, 6.25, 1.75], "rotation": 90, "texture": "#0"},
				"down": {"uv": [0, 3.25, 6.25, 1.75], "rotation": 90, "texture": "#0"}
			}
		},
		{
			"from": [3.5, 4.44509, 6.82885],
			"to": [4, 7.69509, 8.32885],
			"rotation": {"angle": -22.5, "axis": "x", "origin": [6, 9.19509, 4.32885]},
			"faces": {
				"north": {"uv": [0, 3.25, 3.25, 1.75], "rotation": 90, "texture": "#0"},
				"east": {"uv": [0, 3.25, 3.25, 1.75], "rotation": 90, "texture": "#0"},
				"south": {"uv": [0, 3.25, 3.25, 1.75], "rotation": 90, "texture": "#0"},
				"west": {"uv": [0, 3.25, 3.25, 1.75], "rotation": 90, "texture": "#0"},
				"up": {"uv": [0, 3.25, 3.25, 1.75], "rotation": 90, "texture": "#0"},
				"down": {"uv": [0, 3.25, 3.25, 1.75], "rotation": 90, "texture": "#0"}
			}
		},
		{
			"from": [3.25, 4.44509, 8.07885],
			"to": [3.75, 7.69509, 9.57885],
			"rotation": {"angle": -22.5, "axis": "x", "origin": [5.75, 9.19509, 5.57885]},
			"faces": {
				"north": {"uv": [0, 3.25, 3.25, 1.75], "rotation": 90, "texture": "#0"},
				"east": {"uv": [0, 3.25, 3.25, 1.75], "rotation": 90, "texture": "#0"},
				"south": {"uv": [0, 3.25, 3.25, 1.75], "rotation": 90, "texture": "#0"},
				"west": {"uv": [0, 3.25, 3.25, 1.75], "rotation": 90, "texture": "#0"},
				"up": {"uv": [0, 3.25, 3.25, 1.75], "rotation": 90, "texture": "#0"},
				"down": {"uv": [0, 3.25, 3.25, 1.75], "rotation": 90, "texture": "#0"}
			}
		},
		{
			"from": [3.25, 0.08739, 9.59211],
			"to": [3.75, 6.33739, 11.09211],
			"rotation": {"angle": 0, "axis": "x", "origin": [5.75, 6.08739, 7.09211]},
			"faces": {
				"north": {"uv": [0, 3.25, 6.25, 1.75], "rotation": 90, "texture": "#0"},
				"east": {"uv": [0, 3.25, 6.25, 1.75], "rotation": 90, "texture": "#0"},
				"south": {"uv": [0, 3.25, 6.25, 1.75], "rotation": 90, "texture": "#0"},
				"west": {"uv": [0, 3.25, 6.25, 1.75], "rotation": 90, "texture": "#0"},
				"up": {"uv": [0, 3.25, 6.25, 1.75], "rotation": 90, "texture": "#0"},
				"down": {"uv": [0, 3.25, 6.25, 1.75], "rotation": 90, "texture": "#0"}
			}
		},
		{
			"from": [3.5, 0.08739, 11.09211],
			"to": [4, 6.33739, 12.59211],
			"rotation": {"angle": 0, "axis": "x", "origin": [6, 6.08739, 8.59211]},
			"faces": {
				"north": {"uv": [0, 3.25, 6.25, 1.75], "rotation": 90, "texture": "#0"},
				"east": {"uv": [0, 3.25, 6.25, 1.75], "rotation": 90, "texture": "#0"},
				"south": {"uv": [0, 3.25, 6.25, 1.75], "rotation": 90, "texture": "#0"},
				"west": {"uv": [0, 3.25, 6.25, 1.75], "rotation": 90, "texture": "#0"},
				"up": {"uv": [0, 3.25, 6.25, 1.75], "rotation": 90, "texture": "#0"},
				"down": {"uv": [0, 3.25, 6.25, 1.75], "rotation": 90, "texture": "#0"}
			}
		},
		{
			"from": [3.5, 4.44509, 9.57885],
			"to": [4, 9.44509, 11.07885],
			"rotation": {"angle": -22.5, "axis": "x", "origin": [6, 9.19509, 7.07885]},
			"faces": {
				"north": {"uv": [0, 3.25, 5, 1.75], "rotation": 90, "texture": "#0"},
				"east": {"uv": [0, 3.25, 5, 1.75], "rotation": 90, "texture": "#0"},
				"south": {"uv": [0, 3.25, 5, 1.75], "rotation": 90, "texture": "#0"},
				"west": {"uv": [0, 3.25, 5, 1.75], "rotation": 90, "texture": "#0"},
				"up": {"uv": [0, 3.25, 5, 1.75], "rotation": 90, "texture": "#0"},
				"down": {"uv": [0, 3.25, 5, 1.75], "rotation": 90, "texture": "#0"}
			}
		},
		{
			"from": [4.25, 5.94509, 9.57885],
			"to": [4.75, 9.19509, 11.07885],
			"rotation": {"angle": -22.5, "axis": "x", "origin": [6.75, 10.69509, 7.07885]},
			"faces": {
				"north": {"uv": [0, 3.25, 3.25, 1.75], "rotation": 90, "texture": "#0"},
				"east": {"uv": [0, 3.25, 3.25, 1.75], "rotation": 90, "texture": "#0"},
				"south": {"uv": [0, 3.25, 3.25, 1.75], "rotation": 90, "texture": "#0"},
				"west": {"uv": [0, 3.25, 3.25, 1.75], "rotation": 90, "texture": "#0"},
				"up": {"uv": [0, 3.25, 3.25, 1.75], "rotation": 90, "texture": "#0"},
				"down": {"uv": [0, 3.25, 3.25, 1.75], "rotation": 90, "texture": "#0"}
			}
		},
		{
			"from": [4.25, 1.58739, 11.09211],
			"to": [4.75, 7.83739, 12.59211],
			"rotation": {"angle": 0, "axis": "x", "origin": [6.75, 7.58739, 8.59211]},
			"faces": {
				"north": {"uv": [0, 3.25, 6.25, 1.75], "rotation": 90, "texture": "#0"},
				"east": {"uv": [0, 3.25, 6.25, 1.75], "rotation": 90, "texture": "#0"},
				"south": {"uv": [0, 3.25, 6.25, 1.75], "rotation": 90, "texture": "#0"},
				"west": {"uv": [0, 3.25, 6.25, 1.75], "rotation": 90, "texture": "#0"},
				"up": {"uv": [0, 3.25, 6.25, 1.75], "rotation": 90, "texture": "#0"},
				"down": {"uv": [0, 3.25, 6.25, 1.75], "rotation": 90, "texture": "#0"}
			}
		},
		{
			"from": [11, 6.0131, 5.31108],
			"to": [11.5, 8.2631, 6.81108],
			"rotation": {"angle": 0, "axis": "x", "origin": [10, 10.5131, 8.81108]},
			"faces": {
				"north": {"uv": [0, 1.75, 2.25, 3.25], "rotation": 90, "texture": "#0"},
				"east": {"uv": [0, 1.75, 2.25, 3.25], "rotation": 90, "texture": "#0"},
				"south": {"uv": [0, 1.75, 2.25, 3.25], "rotation": 90, "texture": "#0"},
				"west": {"uv": [0, 1.75, 2.25, 3.25], "rotation": 90, "texture": "#0"},
				"up": {"uv": [0, 1.75, 2.25, 3.25], "rotation": 90, "texture": "#0"},
				"down": {"uv": [0, 1.75, 2.25, 3.25], "rotation": 90, "texture": "#0"}
			}
		},
		{
			"from": [10.5, 7.43175, 5.18623],
			"to": [12.75, 9.93175, 6.93623],
			"rotation": {"angle": -22.5, "axis": "x", "origin": [9, 10.93175, 8.93623]},
			"faces": {
				"north": {"uv": [0, 1.75, 2.5, 0], "rotation": 90, "texture": "#0"},
				"east": {"uv": [0, 1.75, 2.5, 0], "rotation": 90, "texture": "#0"},
				"south": {"uv": [0, 1.75, 2.5, 0], "rotation": 90, "texture": "#0"},
				"west": {"uv": [0, 1.75, 2.5, 0], "rotation": 90, "texture": "#0"},
				"up": {"uv": [0, 1.75, 2.5, 0], "rotation": 90, "texture": "#0"},
				"down": {"uv": [0, 1.75, 2.5, 0], "rotation": 90, "texture": "#0"}
			}
		},
		{
			"from": [10.5, 8.30932, 9.60464],
			"to": [12.75, 10.05932, 12.10464],
			"rotation": {"angle": 45, "axis": "x", "origin": [9, 12.05932, 8.60464]},
			"faces": {
				"north": {"uv": [2.5, 0, 0, 1.75], "texture": "#0"},
				"east": {"uv": [2.5, 0, 0, 1.75], "texture": "#0"},
				"south": {"uv": [2.5, 0, 0, 1.75], "texture": "#0"},
				"west": {"uv": [2.5, 0, 0, 1.75], "texture": "#0"},
				"up": {"uv": [2.5, 0, 0, 1.75], "texture": "#0"},
				"down": {"uv": [2.5, 0, 0, 1.75], "texture": "#0"}
			}
		},
		{
			"from": [10.5, 9.07194, 9.63216],
			"to": [12.75, 12.82194, 12.13216],
			"rotation": {"angle": 22.5, "axis": "x", "origin": [9, 14.82194, 8.63216]},
			"faces": {
				"north": {"uv": [2.5, 0, 0, 3.75], "texture": "#0"},
				"east": {"uv": [2.5, 0, 0, 3.75], "texture": "#0"},
				"south": {"uv": [2.5, 0, 0, 3.75], "texture": "#0"},
				"west": {"uv": [2.5, 0, 0, 3.75], "texture": "#0"},
				"up": {"uv": [2.5, 0, 0, 3.75], "texture": "#0"},
				"down": {"uv": [2.5, 0, 0, 3.75], "texture": "#0"}
			}
		},
		{
			"from": [6.25, 14.38612, 4.61253],
			"to": [10.25, 18.38612, 8.61253],
			"rotation": {"angle": -45, "axis": "x", "origin": [8.25, 18.04546, 6.64501]},
			"faces": {
				"north": {"uv": [0, 0, 4, 4], "texture": "#1"},
				"east": {"uv": [0, 0, 4, 4], "texture": "#0"},
				"south": {"uv": [0, 0, 4, 4], "texture": "#0"},
				"west": {"uv": [0, 0, 4, 4], "texture": "#0"},
				"up": {"uv": [0, 0, 4, 4], "texture": "#0"},
				"down": {"uv": [0, 0, 4, 4], "texture": "#0"}
			}
		},
		{
			"from": [5.9, 17.38612, 4.36253],
			"to": [10.6, 18.48612, 5.36253],
			"rotation": {"angle": -45, "axis": "x", "origin": [8.25, 18.04546, 6.64501]},
			"faces": {
				"north": {"uv": [0, 0, 1, 0.75], "texture": "#0"},
				"east": {"uv": [0, 0, 1, 0.75], "texture": "#0"},
				"south": {"uv": [0, 0, 1, 0.75], "texture": "#0"},
				"west": {"uv": [0, 0, 1, 0.75], "texture": "#0"},
				"up": {"uv": [0, 0, 1, 0.75], "texture": "#0"},
				"down": {"uv": [0, 0, 1, 0.75], "texture": "#0"}
			}
		},
		{
			"from": [10, 16.88612, 4.11253],
			"to": [10.75, 17.63612, 5.11253],
			"rotation": {"angle": -45, "axis": "x", "origin": [8.25, 18.04546, 6.64501]},
			"faces": {
				"north": {"uv": [0, 0, 1, 0.75], "texture": "#0"},
				"east": {"uv": [0, 0, 1, 0.75], "texture": "#0"},
				"south": {"uv": [0, 0, 1, 0.75], "texture": "#0"},
				"west": {"uv": [0, 0, 1, 0.75], "texture": "#0"},
				"up": {"uv": [0, 0, 1, 0.75], "texture": "#0"},
				"down": {"uv": [0, 0, 1, 0.75], "texture": "#0"}
			}
		},
		{
			"from": [5.75, 16.88612, 4.11253],
			"to": [6.5, 17.63612, 5.11253],
			"rotation": {"angle": -45, "axis": "x", "origin": [8.25, 18.04546, 6.64501]},
			"faces": {
				"north": {"uv": [1, 0, 2, 0.75], "texture": "#0"},
				"east": {"uv": [1, 0, 2, 0.75], "texture": "#0"},
				"south": {"uv": [1, 0, 2, 0.75], "texture": "#0"},
				"west": {"uv": [1, 0, 2, 0.75], "texture": "#0"},
				"up": {"uv": [1, 0, 2, 0.75], "texture": "#0"},
				"down": {"uv": [1, 0, 2, 0.75], "texture": "#0"}
			}
		},
		{
			"from": [6, 14.38612, 4.86253],
			"to": [10.5, 17.88612, 8.36253],
			"rotation": {"angle": -45, "axis": "x", "origin": [8.25, 18.04546, 6.64501]},
			"faces": {
				"north": {"uv": [0, 0, 3.5, 3.5], "texture": "#0"},
				"east": {"uv": [0, 0, 3.5, 3.5], "texture": "#0"},
				"south": {"uv": [0, 0, 3.5, 3.5], "texture": "#0"},
				"west": {"uv": [0, 0, 3.5, 3.5], "texture": "#0"},
				"up": {"uv": [0, 0, 3.5, 3.5], "texture": "#0"},
				"down": {"uv": [0, 0, 3.5, 3.5], "texture": "#0"}
			}
		},
		{
			"from": [6.5, 17, 5.5],
			"to": [10, 18.75, 9],
			"rotation": {"angle": -22.5, "axis": "x", "origin": [8.25, 18.04546, 6.64501]},
			"faces": {
				"north": {"uv": [0, 0, 3.5, 1.75], "texture": "#0"},
				"east": {"uv": [0, 0, 3.5, 1.75], "texture": "#0"},
				"south": {"uv": [0, 0, 3.5, 1.75], "texture": "#0"},
				"west": {"uv": [0, 0, 3.5, 1.75], "texture": "#0"},
				"up": {"uv": [0, 0, 3.5, 1.75], "texture": "#0"},
				"down": {"uv": [0, 0, 3.5, 1.75], "texture": "#0"}
			}
		},
		{
			"from": [6.75, 18.25819, 5.81754],
			"to": [9.75, 20.00819, 8.56754],
			"rotation": {"angle": 0, "axis": "x", "origin": [8.25, 18.04546, 6.64501]},
			"faces": {
				"north": {"uv": [0, 0, 2.75, 1.75], "texture": "#0"},
				"east": {"uv": [0, 0, 2.75, 1.75], "texture": "#0"},
				"south": {"uv": [0, 0, 2.75, 1.75], "texture": "#0"},
				"west": {"uv": [0, 0, 2.75, 1.75], "texture": "#0"},
				"up": {"uv": [0, 0, 2.75, 1.75], "texture": "#0"},
				"down": {"uv": [0, 0, 2.75, 1.75], "texture": "#0"}
			}
		},
		{
			"from": [7.25, 19.54213, 5.62943],
			"to": [9.25, 21.29213, 7.37943],
			"rotation": {"angle": 22.5, "axis": "x", "origin": [8.25, 18.04546, 6.64501]},
			"faces": {
				"north": {"uv": [0, 0, 1.75, 1.75], "texture": "#0"},
				"east": {"uv": [0, 0, 1.75, 1.75], "texture": "#0"},
				"south": {"uv": [0, 0, 1.75, 1.75], "texture": "#0"},
				"west": {"uv": [0, 0, 1.75, 1.75], "texture": "#0"},
				"up": {"uv": [0, 0, 1.75, 1.75], "texture": "#0"},
				"down": {"uv": [0, 0, 1.75, 1.75], "texture": "#0"}
			}
		},
		{
			"from": [7.5, 20.47842, 7.21565],
			"to": [9, 22.22842, 8.46565],
			"rotation": {"angle": 45, "axis": "x", "origin": [8.25, 20.85342, 8.09065]},
			"faces": {
				"north": {"uv": [0, 0, 1.25, 1.75], "texture": "#0"},
				"east": {"uv": [0, 0, 1.25, 1.75], "texture": "#0"},
				"south": {"uv": [0, 0, 1.25, 1.75], "texture": "#0"},
				"west": {"uv": [0, 0, 1.25, 1.75], "texture": "#0"},
				"up": {"uv": [0, 0, 1.25, 1.75], "texture": "#0"},
				"down": {"uv": [0, 0, 1.25, 1.75], "texture": "#0"}
			}
		},
		{
			"from": [9.5, 12.25, 8],
			"to": [12.5, 13, 11.5],
			"rotation": {"angle": 0, "axis": "y", "origin": [0, 2, 0]},
			"faces": {
				"north": {"uv": [0, 0, 3.5, 0.75], "texture": "#0"},
				"east": {"uv": [0, 0, 3.5, 0.75], "texture": "#0"},
				"south": {"uv": [0, 0, 3.5, 0.75], "texture": "#0"},
				"west": {"uv": [0, 0, 3.5, 0.75], "texture": "#0"},
				"up": {"uv": [0, 0, 3.5, 0.75], "texture": "#0"},
				"down": {"uv": [0, 0, 3.5, 0.75], "texture": "#0"}
			}
		},
		{
			"from": [3.5, 12.25, 8],
			"to": [6.5, 13, 11.5],
			"rotation": {"angle": 0, "axis": "y", "origin": [16, 2, 0]},
			"faces": {
				"north": {"uv": [3.75, 0, 7.25, 0.75], "texture": "#0"},
				"east": {"uv": [3.75, 0, 7.25, 0.75], "texture": "#0"},
				"south": {"uv": [3.75, 0, 7.25, 0.75], "texture": "#0"},
				"west": {"uv": [3.75, 0, 7.25, 0.75], "texture": "#0"},
				"up": {"uv": [3.75, 0, 7.25, 0.75], "texture": "#0"},
				"down": {"uv": [3.75, 0, 7.25, 0.75], "texture": "#0"}
			}
		},
		{
			"from": [4.25, 12, 11.5],
			"to": [12, 12.75, 12.25],
			"rotation": {"angle": 0, "axis": "y", "origin": [16, 2, 0]},
			"faces": {
				"north": {"uv": [3.75, 0, 4.5, 0.75], "texture": "#0"},
				"east": {"uv": [3.75, 0, 4.5, 0.75], "texture": "#0"},
				"south": {"uv": [3.75, 0, 4.5, 0.75], "texture": "#0"},
				"west": {"uv": [3.75, 0, 4.5, 0.75], "texture": "#0"},
				"up": {"uv": [3.75, 0, 4.5, 0.75], "texture": "#0"},
				"down": {"uv": [3.75, 0, 4.5, 0.75], "texture": "#0"}
			}
		},
		{
			"from": [5, 11.75, 12],
			"to": [11.25, 12.5, 12.75],
			"rotation": {"angle": 0, "axis": "y", "origin": [16, 2, 0]},
			"faces": {
				"north": {"uv": [3.75, 0, 4.5, 0.75], "texture": "#0"},
				"east": {"uv": [3.75, 0, 4.5, 0.75], "texture": "#0"},
				"south": {"uv": [3.75, 0, 4.5, 0.75], "texture": "#0"},
				"west": {"uv": [3.75, 0, 4.5, 0.75], "texture": "#0"},
				"up": {"uv": [3.75, 0, 4.5, 0.75], "texture": "#0"},
				"down": {"uv": [3.75, 0, 4.5, 0.75], "texture": "#0"}
			}
		},
		{
			"from": [5.5, 12.5, 11.25],
			"to": [10.5, 13.5, 12],
			"rotation": {"angle": 0, "axis": "y", "origin": [16, 2, 0]},
			"faces": {
				"north": {"uv": [3.75, 0, 4.5, 1], "texture": "#0"},
				"east": {"uv": [3.75, 0, 4.5, 1], "texture": "#0"},
				"south": {"uv": [3.75, 0, 4.5, 1], "texture": "#0"},
				"west": {"uv": [3.75, 0, 4.5, 1], "texture": "#0"},
				"up": {"uv": [3.75, 0, 4.5, 1], "texture": "#0"},
				"down": {"uv": [3.75, 0, 4.5, 1], "texture": "#0"}
			}
		},
		{
			"from": [6.75, 13.25, 11.25],
			"to": [9.25, 14, 12],
			"rotation": {"angle": 0, "axis": "y", "origin": [16, 2, 0]},
			"faces": {
				"north": {"uv": [3.75, 0, 4.5, 0.75], "texture": "#0"},
				"east": {"uv": [3.75, 0, 4.5, 0.75], "texture": "#0"},
				"south": {"uv": [3.75, 0, 4.5, 0.75], "texture": "#0"},
				"west": {"uv": [3.75, 0, 4.5, 0.75], "texture": "#0"},
				"up": {"uv": [3.75, 0, 4.5, 0.75], "texture": "#0"},
				"down": {"uv": [3.75, 0, 4.5, 0.75], "texture": "#0"}
			}
		},
		{
			"from": [5, 13, 7.75],
			"to": [7, 13.75, 11.5],
			"rotation": {"angle": 0, "axis": "y", "origin": [16, 2, 0]},
			"faces": {
				"north": {"uv": [3.75, 0, 7.5, 0.75], "texture": "#0"},
				"east": {"uv": [3.75, 0, 7.5, 0.75], "texture": "#0"},
				"south": {"uv": [3.75, 0, 7.5, 0.75], "texture": "#0"},
				"west": {"uv": [3.75, 0, 7.5, 0.75], "texture": "#0"},
				"up": {"uv": [3.75, 0, 7.5, 0.75], "texture": "#0"},
				"down": {"uv": [3.75, 0, 7.5, 0.75], "texture": "#0"}
			}
		},
		{
			"from": [9, 13, 7.75],
			"to": [11, 13.75, 11.5],
			"rotation": {"angle": 0, "axis": "y", "origin": [0, 2, 0]},
			"faces": {
				"north": {"uv": [7.5, 0, 3.75, 0.75], "texture": "#0"},
				"east": {"uv": [7.5, 0, 3.75, 0.75], "texture": "#0"},
				"south": {"uv": [7.5, 0, 3.75, 0.75], "texture": "#0"},
				"west": {"uv": [7.5, 0, 3.75, 0.75], "texture": "#0"},
				"up": {"uv": [7.5, 0, 3.75, 0.75], "texture": "#0"},
				"down": {"uv": [7.5, 0, 3.75, 0.75], "texture": "#0"}
			}
		},
		{
			"from": [8, 13.75, 7.5],
			"to": [10, 14.5, 11.5],
			"rotation": {"angle": 0, "axis": "y", "origin": [0, 2, 0]},
			"faces": {
				"north": {"uv": [7.5, 0, 11.5, 0.75], "texture": "#0"},
				"east": {"uv": [7.5, 0, 11.5, 0.75], "texture": "#0"},
				"south": {"uv": [7.5, 0, 11.5, 0.75], "texture": "#0"},
				"west": {"uv": [7.5, 0, 11.5, 0.75], "texture": "#0"},
				"up": {"uv": [7.5, 0, 11.5, 0.75], "texture": "#0"},
				"down": {"uv": [7.5, 0, 11.5, 0.75], "texture": "#0"}
			}
		},
		{
			"from": [6.5, 14.5, 9],
			"to": [9.75, 15.25, 10.75],
			"rotation": {"angle": 0, "axis": "y", "origin": [0, 2, 0]},
			"faces": {
				"north": {"uv": [7.5, 0, 9.25, 0.75], "texture": "#0"},
				"east": {"uv": [7.5, 0, 9.25, 0.75], "texture": "#0"},
				"south": {"uv": [7.5, 0, 9.25, 0.75], "texture": "#0"},
				"west": {"uv": [7.5, 0, 9.25, 0.75], "texture": "#0"},
				"up": {"uv": [7.5, 0, 9.25, 0.75], "texture": "#0"},
				"down": {"uv": [7.5, 0, 9.25, 0.75], "texture": "#0"}
			}
		},
		{
			"from": [6, 13.75, 7.5],
			"to": [8, 14.5, 11.5],
			"rotation": {"angle": 0, "axis": "y", "origin": [16, 2, 0]},
			"faces": {
				"north": {"uv": [11.25, 0, 15.25, 0.75], "texture": "#0"},
				"east": {"uv": [11.25, 0, 15.25, 0.75], "texture": "#0"},
				"south": {"uv": [11.25, 0, 15.25, 0.75], "texture": "#0"},
				"west": {"uv": [11.25, 0, 15.25, 0.75], "texture": "#0"},
				"up": {"uv": [11.25, 0, 15.25, 0.75], "texture": "#0"},
				"down": {"uv": [11.25, 0, 15.25, 0.75], "texture": "#0"}
			}
		},
		{
			"from": [4, 8, 5.25],
			"to": [5, 12, 6.25],
			"rotation": {"angle": 0, "axis": "y", "origin": [0, 2, 0]},
			"faces": {
				"north": {"uv": [0, 0, 1, 4], "texture": "#2"},
				"east": {"uv": [0, 0, 1, 4], "texture": "#2"},
				"south": {"uv": [0, 0, 1, 4], "texture": "#2"},
				"west": {"uv": [0, 0, 1, 4], "texture": "#2"},
				"up": {"uv": [0, 0, 1, 4], "texture": "#2"},
				"down": {"uv": [0, 0, 1, 4], "texture": "#2"}
			}
		},
		{
			"from": [11, 8, 5.25],
			"to": [12, 12, 6.25],
			"rotation": {"angle": 0, "axis": "y", "origin": [0, 2, 0]},
			"faces": {
				"north": {"uv": [0, 0, 1, 4], "texture": "#2"},
				"east": {"uv": [0, 0, 1, 4], "texture": "#2"},
				"south": {"uv": [0, 0, 1, 4], "texture": "#2"},
				"west": {"uv": [0, 0, 1, 4], "texture": "#2"},
				"up": {"uv": [0, 0, 1, 4], "texture": "#2"},
				"down": {"uv": [0, 0, 1, 4], "texture": "#2"}
			}
		}
	],
	"display": {
		"gui": {
			"rotation": [20, 142, 0],
			"translation": [-0.25, -2, 0],
			"scale": [0.74, 0.73, 0.7]
		},
		"head": {
			"translation": [0, -10.25, -7],
			"scale": [3.5, 3.5, 3.5]
		}
	},
	"groups": [
		0,
		1,
		2,
		3,
		4,
		5,
		6,
		7,
		8,
		9,
		10,
		11,
		12,
		13,
		14,
		15,
		16,
		17,
		18,
		19,
		20,
		21,
		22,
		23,
		24,
		25,
		26,
		27,
		28,
		29,
		30,
		31,
		32,
		33,
		34,
		35,
		36,
		37,
		38,
		39,
		{
			"name": "group",
			"origin": [7, 18.43801, 7.91197],
			"color": 0,
			"nbt": "{}",
			"children": [40, 41, 42, 43, 44, 45, 46, 47, 48]
		},
		49,
		50,
		51,
		52,
		53,
		54,
		55,
		56,
		57,
		58,
		59,
		60,
		61
	]
}