{
	"credit": "Made by Phantasiacraft",
	"textures": {
		"0": "block/barrel_side",
		"1": "block/fire_1",
		"particle": "block/barrel_side"
	},
	"elements": [
		{
			"from": [7.70163, 5.75, 6.5],
			"to": [8.29837, 9.25, 9.5],
			"rotation": {"angle": -45, "axis": "y", "origin": [8, 8, 8]},
			"faces": {
				"north": {"uv": [3, 11, 4, 13], "texture": "#0"},
				"east": {"uv": [3, 11, 4, 13], "texture": "#0"},
				"south": {"uv": [3, 11, 4, 13], "texture": "#0"},
				"west": {"uv": [3, 11, 4, 13], "texture": "#0"},
				"up": {"uv": [3, 11, 4, 13], "texture": "#0"},
				"down": {"uv": [3, 12, 4, 13], "texture": "#0"}
			}
		},
		{
			"from": [7.70163, 5.75, 6.5],
			"to": [8.29837, 9.25, 9.5],
			"rotation": {"angle": -22.5, "axis": "y", "origin": [8, 8, 8]},
			"faces": {
				"north": {"uv": [3, 11, 4, 13], "texture": "#0"},
				"east": {"uv": [3, 11, 4, 13], "texture": "#0"},
				"south": {"uv": [3, 11, 4, 13], "texture": "#0"},
				"west": {"uv": [3, 11, 4, 13], "texture": "#0"},
				"up": {"uv": [3, 11, 4, 13], "texture": "#0"},
				"down": {"uv": [3, 12, 4, 13], "texture": "#0"}
			}
		},
		{
			"from": [7.70163, 5.75, 6.5],
			"to": [8.29837, 9.25, 9.5],
			"rotation": {"angle": 0, "axis": "y", "origin": [8, 8, 8]},
			"faces": {
				"north": {"uv": [3, 11, 4, 13], "texture": "#0"},
				"east": {"uv": [3, 11, 4, 13], "texture": "#0"},
				"south": {"uv": [3, 11, 4, 13], "texture": "#0"},
				"west": {"uv": [3, 11, 4, 13], "texture": "#0"},
				"up": {"uv": [3, 11, 4, 13], "texture": "#0"},
				"down": {"uv": [3, 12, 4, 13], "texture": "#0"}
			}
		},
		{
			"from": [7.70163, 5.75, 6.5],
			"to": [8.29837, 9.25, 9.5],
			"rotation": {"angle": 22.5, "axis": "y", "origin": [8, 8, 8]},
			"faces": {
				"north": {"uv": [3, 11, 4, 13], "texture": "#0"},
				"east": {"uv": [3, 11, 4, 13], "texture": "#0"},
				"south": {"uv": [3, 11, 4, 13], "texture": "#0"},
				"west": {"uv": [3, 11, 4, 13], "texture": "#0"},
				"up": {"uv": [3, 11, 4, 13], "texture": "#0"},
				"down": {"uv": [3, 12, 4, 13], "texture": "#0"}
			}
		},
		{
			"from": [7.70163, 5.75, 6.5],
			"to": [8.29837, 9.25, 9.5],
			"rotation": {"angle": 45, "axis": "y", "origin": [8, 8, 8]},
			"faces": {
				"north": {"uv": [3, 11, 4, 13], "texture": "#0"},
				"east": {"uv": [3, 11, 4, 13], "texture": "#0"},
				"south": {"uv": [3, 11, 4, 13], "texture": "#0"},
				"west": {"uv": [3, 11, 4, 13], "texture": "#0"},
				"up": {"uv": [3, 11, 4, 13], "texture": "#0"},
				"down": {"uv": [3, 12, 4, 13], "texture": "#0"}
			}
		},
		{
			"from": [6.5, 5.75, 7.70163],
			"to": [9.5, 9.25, 8.29837],
			"rotation": {"angle": -22.5, "axis": "y", "origin": [8, 8, 8]},
			"faces": {
				"north": {"uv": [3, 11, 4, 13], "texture": "#0"},
				"east": {"uv": [3, 11, 4, 13], "texture": "#0"},
				"south": {"uv": [3, 11, 4, 13], "texture": "#0"},
				"west": {"uv": [3, 11, 4, 13], "texture": "#0"},
				"up": {"uv": [3, 11, 4, 13], "texture": "#0"},
				"down": {"uv": [3, 12, 4, 13], "texture": "#0"}
			}
		},
		{
			"from": [6.5, 5.75, 7.70163],
			"to": [9.5, 9.25, 8.29837],
			"rotation": {"angle": 0, "axis": "y", "origin": [8, 8, 8]},
			"faces": {
				"north": {"uv": [3, 11, 4, 13], "texture": "#0"},
				"east": {"uv": [3, 11, 4, 13], "texture": "#0"},
				"south": {"uv": [3, 11, 4, 13], "texture": "#0"},
				"west": {"uv": [3, 11, 4, 13], "texture": "#0"},
				"up": {"uv": [3, 11, 4, 13], "texture": "#0"},
				"down": {"uv": [3, 12, 4, 13], "texture": "#0"}
			}
		},
		{
			"from": [6.5, 5.75, 7.70163],
			"to": [9.5, 9.25, 8.29837],
			"rotation": {"angle": 22.5, "axis": "y", "origin": [8, 8, 8]},
			"faces": {
				"north": {"uv": [3, 11, 4, 13], "texture": "#0"},
				"east": {"uv": [3, 11, 4, 13], "texture": "#0"},
				"south": {"uv": [3, 11, 4, 13], "texture": "#0"},
				"west": {"uv": [3, 11, 4, 13], "texture": "#0"},
				"up": {"uv": [3, 11, 4, 13], "texture": "#0"},
				"down": {"uv": [3, 12, 4, 13], "texture": "#0"}
			}
		},
		{
			"from": [7.60218, 7.75, 6],
			"to": [8.39782, 10.25, 10],
			"rotation": {"angle": -45, "axis": "y", "origin": [8, 9, 8]},
			"faces": {
				"north": {"uv": [3, 11, 4, 13], "texture": "#0"},
				"east": {"uv": [3, 11, 4, 13], "texture": "#0"},
				"south": {"uv": [3, 11, 4, 13], "texture": "#0"},
				"west": {"uv": [3, 11, 4, 13], "texture": "#0"},
				"up": {"uv": [3, 11, 4, 13], "texture": "#0"},
				"down": {"uv": [3, 12, 4, 13], "texture": "#0"}
			}
		},
		{
			"from": [7.60218, 7.75, 6],
			"to": [8.39782, 10.25, 10],
			"rotation": {"angle": -22.5, "axis": "y", "origin": [8, 9, 8]},
			"faces": {
				"north": {"uv": [3, 11, 4, 13], "texture": "#0"},
				"east": {"uv": [3, 11, 4, 13], "texture": "#0"},
				"south": {"uv": [3, 11, 4, 13], "texture": "#0"},
				"west": {"uv": [3, 11, 4, 13], "texture": "#0"},
				"up": {"uv": [3, 11, 4, 13], "texture": "#0"},
				"down": {"uv": [3, 12, 4, 13], "texture": "#0"}
			}
		},
		{
			"from": [7.60218, 7.75, 6],
			"to": [8.39782, 10.25, 10],
			"rotation": {"angle": 0, "axis": "y", "origin": [8, 9, 8]},
			"faces": {
				"north": {"uv": [3, 11, 4, 13], "texture": "#0"},
				"east": {"uv": [3, 11, 4, 13], "texture": "#0"},
				"south": {"uv": [3, 11, 4, 13], "texture": "#0"},
				"west": {"uv": [3, 11, 4, 13], "texture": "#0"},
				"up": {"uv": [3, 11, 4, 13], "texture": "#0"},
				"down": {"uv": [3, 12, 4, 13], "texture": "#0"}
			}
		},
		{
			"from": [7.60218, 7.75, 6],
			"to": [8.39782, 10.25, 10],
			"rotation": {"angle": 22.5, "axis": "y", "origin": [8, 9, 8]},
			"faces": {
				"north": {"uv": [3, 11, 4, 13], "texture": "#0"},
				"east": {"uv": [3, 11, 4, 13], "texture": "#0"},
				"south": {"uv": [3, 11, 4, 13], "texture": "#0"},
				"west": {"uv": [3, 11, 4, 13], "texture": "#0"},
				"up": {"uv": [3, 11, 4, 13], "texture": "#0"},
				"down": {"uv": [3, 12, 4, 13], "texture": "#0"}
			}
		},
		{
			"from": [7.60218, 7.75, 6],
			"to": [8.39782, 10.25, 10],
			"rotation": {"angle": 45, "axis": "y", "origin": [8, 9, 8]},
			"faces": {
				"north": {"uv": [3, 11, 4, 13], "texture": "#0"},
				"east": {"uv": [3, 11, 4, 13], "texture": "#0"},
				"south": {"uv": [3, 11, 4, 13], "texture": "#0"},
				"west": {"uv": [3, 11, 4, 13], "texture": "#0"},
				"up": {"uv": [3, 11, 4, 13], "texture": "#0"},
				"down": {"uv": [3, 12, 4, 13], "texture": "#0"}
			}
		},
		{
			"from": [6, 7.75, 7.60218],
			"to": [10, 10.25, 8.39782],
			"rotation": {"angle": -22.5, "axis": "y", "origin": [8, 9, 8]},
			"faces": {
				"north": {"uv": [3, 11, 4, 13], "texture": "#0"},
				"east": {"uv": [3, 11, 4, 13], "texture": "#0"},
				"south": {"uv": [3, 11, 4, 13], "texture": "#0"},
				"west": {"uv": [3, 11, 4, 13], "texture": "#0"},
				"up": {"uv": [3, 11, 4, 13], "texture": "#0"},
				"down": {"uv": [3, 12, 4, 13], "texture": "#0"}
			}
		},
		{
			"from": [6, 7.75, 7.60218],
			"to": [10, 10.25, 8.39782],
			"rotation": {"angle": 0, "axis": "y", "origin": [8, 9, 8]},
			"faces": {
				"north": {"uv": [3, 11, 4, 13], "texture": "#0"},
				"east": {"uv": [3, 11, 4, 13], "texture": "#0"},
				"south": {"uv": [3, 11, 4, 13], "texture": "#0"},
				"west": {"uv": [3, 11, 4, 13], "texture": "#0"},
				"up": {"uv": [3, 11, 4, 13], "texture": "#0"},
				"down": {"uv": [3, 12, 4, 13], "texture": "#0"}
			}
		},
		{
			"from": [6, 7.75, 7.60218],
			"to": [10, 10.25, 8.39782],
			"rotation": {"angle": 22.5, "axis": "y", "origin": [8, 9, 8]},
			"faces": {
				"north": {"uv": [3, 11, 4, 13], "texture": "#0"},
				"east": {"uv": [3, 11, 4, 13], "texture": "#0"},
				"south": {"uv": [3, 11, 4, 13], "texture": "#0"},
				"west": {"uv": [3, 11, 4, 13], "texture": "#0"},
				"up": {"uv": [3, 11, 4, 13], "texture": "#0"},
				"down": {"uv": [3, 12, 4, 13], "texture": "#0"}
			}
		},
		{
			"from": [7.50272, 9.75, 5.5],
			"to": [8.49728, 13.25, 10.5],
			"rotation": {"angle": -45, "axis": "y", "origin": [8, 11, 8]},
			"faces": {
				"north": {"uv": [3, 11, 4, 13], "texture": "#0"},
				"east": {"uv": [3, 11, 4, 13], "texture": "#0"},
				"south": {"uv": [3, 11, 4, 13], "texture": "#0"},
				"west": {"uv": [3, 11, 4, 13], "texture": "#0"},
				"up": {"uv": [3, 11, 4, 13], "texture": "#0"},
				"down": {"uv": [3, 12, 4, 13], "texture": "#0"}
			}
		},
		{
			"from": [7.50272, 9.75, 5.5],
			"to": [8.49728, 13.25, 10.5],
			"rotation": {"angle": -22.5, "axis": "y", "origin": [8, 11, 8]},
			"faces": {
				"north": {"uv": [3, 11, 4, 13], "texture": "#0"},
				"east": {"uv": [3, 11, 4, 13], "texture": "#0"},
				"south": {"uv": [3, 11, 4, 13], "texture": "#0"},
				"west": {"uv": [3, 11, 4, 13], "texture": "#0"},
				"up": {"uv": [3, 11, 4, 13], "texture": "#0"},
				"down": {"uv": [3, 12, 4, 13], "texture": "#0"}
			}
		},
		{
			"from": [7.50272, 9.75, 5.5],
			"to": [8.49728, 13.25, 10.5],
			"rotation": {"angle": 0, "axis": "y", "origin": [8, 11, 8]},
			"faces": {
				"north": {"uv": [3, 11, 4, 13], "texture": "#0"},
				"east": {"uv": [3, 11, 4, 13], "texture": "#0"},
				"south": {"uv": [3, 11, 4, 13], "texture": "#0"},
				"west": {"uv": [3, 11, 4, 13], "texture": "#0"},
				"up": {"uv": [3, 11, 4, 13], "texture": "#0"},
				"down": {"uv": [3, 12, 4, 13], "texture": "#0"}
			}
		},
		{
			"from": [7.50272, 9.75, 5.5],
			"to": [8.49728, 13.25, 10.5],
			"rotation": {"angle": 22.5, "axis": "y", "origin": [8, 11, 8]},
			"faces": {
				"north": {"uv": [3, 11, 4, 13], "texture": "#0"},
				"east": {"uv": [3, 11, 4, 13], "texture": "#0"},
				"south": {"uv": [3, 11, 4, 13], "texture": "#0"},
				"west": {"uv": [3, 11, 4, 13], "texture": "#0"},
				"up": {"uv": [3, 11, 4, 13], "texture": "#0"},
				"down": {"uv": [3, 12, 4, 13], "texture": "#0"}
			}
		},
		{
			"from": [7.50272, 9.75, 5.5],
			"to": [8.49728, 13.25, 10.5],
			"rotation": {"angle": 45, "axis": "y", "origin": [8, 11, 8]},
			"faces": {
				"north": {"uv": [3, 11, 4, 13], "texture": "#0"},
				"east": {"uv": [3, 11, 4, 13], "texture": "#0"},
				"south": {"uv": [3, 11, 4, 13], "texture": "#0"},
				"west": {"uv": [3, 11, 4, 13], "texture": "#0"},
				"up": {"uv": [3, 11, 4, 13], "texture": "#0"},
				"down": {"uv": [3, 12, 4, 13], "texture": "#0"}
			}
		},
		{
			"from": [5.5, 9.75, 7.50272],
			"to": [10.5, 13.25, 8.49728],
			"rotation": {"angle": -22.5, "axis": "y", "origin": [8, 11, 8]},
			"faces": {
				"north": {"uv": [3, 11, 4, 13], "texture": "#0"},
				"east": {"uv": [3, 11, 4, 13], "texture": "#0"},
				"south": {"uv": [3, 11, 4, 13], "texture": "#0"},
				"west": {"uv": [3, 11, 4, 13], "texture": "#0"},
				"up": {"uv": [3, 11, 4, 13], "texture": "#0"},
				"down": {"uv": [3, 12, 4, 13], "texture": "#0"}
			}
		},
		{
			"from": [5.5, 9.75, 7.50272],
			"to": [10.5, 13.25, 8.49728],
			"rotation": {"angle": 0, "axis": "y", "origin": [8, 11, 8]},
			"faces": {
				"north": {"uv": [3, 11, 4, 13], "texture": "#0"},
				"east": {"uv": [3, 11, 4, 13], "texture": "#0"},
				"south": {"uv": [3, 11, 4, 13], "texture": "#0"},
				"west": {"uv": [3, 11, 4, 13], "texture": "#0"},
				"up": {"uv": [3, 11, 4, 13], "texture": "#0"},
				"down": {"uv": [3, 12, 4, 13], "texture": "#0"}
			}
		},
		{
			"from": [5.5, 9.75, 7.50272],
			"to": [10.5, 13.25, 8.49728],
			"rotation": {"angle": 22.5, "axis": "y", "origin": [8, 11, 8]},
			"faces": {
				"north": {"uv": [3, 11, 4, 13], "texture": "#0"},
				"east": {"uv": [3, 11, 4, 13], "texture": "#0"},
				"south": {"uv": [3, 11, 4, 13], "texture": "#0"},
				"west": {"uv": [3, 11, 4, 13], "texture": "#0"},
				"up": {"uv": [3, 11, 4, 13], "texture": "#0"},
				"down": {"uv": [3, 12, 4, 13], "texture": "#0"}
			}
		},
		{
			"from": [7.40326, 12.75, 5],
			"to": [8.59674, 19.25, 11],
			"rotation": {"angle": -45, "axis": "y", "origin": [8, 13, 8]},
			"faces": {
				"north": {"uv": [3, 11, 4, 13], "texture": "#0"},
				"east": {"uv": [3, 11, 4, 13], "texture": "#0"},
				"south": {"uv": [3, 11, 4, 13], "texture": "#0"},
				"west": {"uv": [3, 11, 4, 13], "texture": "#0"},
				"up": {"uv": [3, 11, 4, 13], "texture": "#0"},
				"down": {"uv": [3, 12, 4, 13], "texture": "#0"}
			}
		},
		{
			"from": [7.40326, 12.75, 5],
			"to": [8.59674, 19.25, 11],
			"rotation": {"angle": -22.5, "axis": "y", "origin": [8, 13, 8]},
			"faces": {
				"north": {"uv": [3, 11, 4, 13], "texture": "#0"},
				"east": {"uv": [3, 11, 4, 13], "texture": "#0"},
				"south": {"uv": [3, 11, 4, 13], "texture": "#0"},
				"west": {"uv": [3, 11, 4, 13], "texture": "#0"},
				"up": {"uv": [3, 11, 4, 13], "texture": "#0"},
				"down": {"uv": [3, 12, 4, 13], "texture": "#0"}
			}
		},
		{
			"from": [7.40326, 12.75, 5],
			"to": [8.59674, 19.25, 11],
			"rotation": {"angle": 0, "axis": "y", "origin": [8, 13, 8]},
			"faces": {
				"north": {"uv": [3, 11, 4, 13], "texture": "#0"},
				"east": {"uv": [3, 11, 4, 13], "texture": "#0"},
				"south": {"uv": [3, 11, 4, 13], "texture": "#0"},
				"west": {"uv": [3, 11, 4, 13], "texture": "#0"},
				"up": {"uv": [3, 11, 4, 13], "texture": "#0"},
				"down": {"uv": [3, 12, 4, 13], "texture": "#0"}
			}
		},
		{
			"from": [7.40326, 12.75, 5],
			"to": [8.59674, 19.25, 11],
			"rotation": {"angle": 22.5, "axis": "y", "origin": [8, 13, 8]},
			"faces": {
				"north": {"uv": [3, 11, 4, 13], "texture": "#0"},
				"east": {"uv": [3, 11, 4, 13], "texture": "#0"},
				"south": {"uv": [3, 11, 4, 13], "texture": "#0"},
				"west": {"uv": [3, 11, 4, 13], "texture": "#0"},
				"up": {"uv": [3, 11, 4, 13], "texture": "#0"},
				"down": {"uv": [3, 12, 4, 13], "texture": "#0"}
			}
		},
		{
			"from": [7.40326, 12.75, 5],
			"to": [8.59674, 19.25, 11],
			"rotation": {"angle": 45, "axis": "y", "origin": [8, 13, 8]},
			"faces": {
				"north": {"uv": [3, 11, 4, 13], "texture": "#0"},
				"east": {"uv": [3, 11, 4, 13], "texture": "#0"},
				"south": {"uv": [3, 11, 4, 13], "texture": "#0"},
				"west": {"uv": [3, 11, 4, 13], "texture": "#0"},
				"up": {"uv": [3, 11, 4, 13], "texture": "#0"},
				"down": {"uv": [3, 12, 4, 13], "texture": "#0"}
			}
		},
		{
			"from": [5, 12.75, 7.40326],
			"to": [11, 19.25, 8.59674],
			"rotation": {"angle": -22.5, "axis": "y", "origin": [8, 13, 8]},
			"faces": {
				"north": {"uv": [3, 11, 4, 13], "texture": "#0"},
				"east": {"uv": [3, 11, 4, 13], "texture": "#0"},
				"south": {"uv": [3, 11, 4, 13], "texture": "#0"},
				"west": {"uv": [3, 11, 4, 13], "texture": "#0"},
				"up": {"uv": [3, 11, 4, 13], "texture": "#0"},
				"down": {"uv": [3, 12, 4, 13], "texture": "#0"}
			}
		},
		{
			"from": [5, 12.75, 7.40326],
			"to": [11, 19.25, 8.59674],
			"rotation": {"angle": 0, "axis": "y", "origin": [8, 13, 8]},
			"faces": {
				"north": {"uv": [3, 11, 4, 13], "texture": "#0"},
				"east": {"uv": [3, 11, 4, 13], "texture": "#0"},
				"south": {"uv": [3, 11, 4, 13], "texture": "#0"},
				"west": {"uv": [3, 11, 4, 13], "texture": "#0"},
				"up": {"uv": [3, 11, 4, 13], "texture": "#0"},
				"down": {"uv": [3, 12, 4, 13], "texture": "#0"}
			}
		},
		{
			"from": [5, 12.75, 7.40326],
			"to": [11, 19.25, 8.59674],
			"rotation": {"angle": 22.5, "axis": "y", "origin": [8, 13, 8]},
			"faces": {
				"north": {"uv": [3, 11, 4, 13], "texture": "#0"},
				"east": {"uv": [3, 11, 4, 13], "texture": "#0"},
				"south": {"uv": [3, 11, 4, 13], "texture": "#0"},
				"west": {"uv": [3, 11, 4, 13], "texture": "#0"},
				"up": {"uv": [3, 11, 4, 13], "texture": "#0"},
				"down": {"uv": [3, 12, 4, 13], "texture": "#0"}
			}
		},
		{
			"from": [7.30381, 17.75, 4.5],
			"to": [8.69619, 26.25, 11.5],
			"rotation": {"angle": -45, "axis": "y", "origin": [8, 18, 8]},
			"faces": {
				"north": {"uv": [3, 11, 4, 13], "texture": "#0"},
				"east": {"uv": [3, 11, 4, 13], "texture": "#0"},
				"south": {"uv": [3, 11, 4, 13], "texture": "#0"},
				"west": {"uv": [3, 11, 4, 13], "texture": "#0"},
				"up": {"uv": [3, 12, 4, 13], "texture": "#0"},
				"down": {"uv": [3, 12, 4, 13], "texture": "#0"}
			}
		},
		{
			"from": [7.30381, 17.75, 4.5],
			"to": [8.69619, 26.25, 11.5],
			"rotation": {"angle": -22.5, "axis": "y", "origin": [8, 18, 8]},
			"faces": {
				"north": {"uv": [3, 11, 4, 13], "texture": "#0"},
				"east": {"uv": [3, 11, 4, 13], "texture": "#0"},
				"south": {"uv": [3, 11, 4, 13], "texture": "#0"},
				"west": {"uv": [3, 11, 4, 13], "texture": "#0"},
				"up": {"uv": [3, 12, 4, 13], "texture": "#0"},
				"down": {"uv": [3, 12, 4, 13], "texture": "#0"}
			}
		},
		{
			"from": [7.30381, 17.75, 4.5],
			"to": [8.69619, 26.25, 11.5],
			"rotation": {"angle": 0, "axis": "y", "origin": [8, 18, 8]},
			"faces": {
				"north": {"uv": [3, 11, 4, 13], "texture": "#0"},
				"east": {"uv": [3, 11, 4, 13], "texture": "#0"},
				"south": {"uv": [3, 11, 4, 13], "texture": "#0"},
				"west": {"uv": [3, 11, 4, 13], "texture": "#0"},
				"up": {"uv": [3, 12, 4, 13], "texture": "#0"},
				"down": {"uv": [3, 12, 4, 13], "texture": "#0"}
			}
		},
		{
			"from": [7.30381, 17.75, 4.5],
			"to": [8.69619, 26.25, 11.5],
			"rotation": {"angle": 22.5, "axis": "y", "origin": [8, 18, 8]},
			"faces": {
				"north": {"uv": [3, 11, 4, 13], "texture": "#0"},
				"east": {"uv": [3, 11, 4, 13], "texture": "#0"},
				"south": {"uv": [3, 11, 4, 13], "texture": "#0"},
				"west": {"uv": [3, 11, 4, 13], "texture": "#0"},
				"up": {"uv": [3, 12, 4, 13], "texture": "#0"},
				"down": {"uv": [3, 12, 4, 13], "texture": "#0"}
			}
		},
		{
			"from": [7.30381, 17.75, 4.5],
			"to": [8.69619, 26.25, 11.5],
			"rotation": {"angle": 45, "axis": "y", "origin": [8, 18, 8]},
			"faces": {
				"north": {"uv": [3, 11, 4, 13], "texture": "#0"},
				"east": {"uv": [3, 11, 4, 13], "texture": "#0"},
				"south": {"uv": [3, 11, 4, 13], "texture": "#0"},
				"west": {"uv": [3, 11, 4, 13], "texture": "#0"},
				"up": {"uv": [3, 12, 4, 13], "texture": "#0"},
				"down": {"uv": [3, 12, 4, 13], "texture": "#0"}
			}
		},
		{
			"from": [4.5, 17.75, 7.30381],
			"to": [11.5, 26.25, 8.69619],
			"rotation": {"angle": -22.5, "axis": "y", "origin": [8, 18, 8]},
			"faces": {
				"north": {"uv": [3, 11, 4, 13], "texture": "#0"},
				"east": {"uv": [3, 11, 4, 13], "texture": "#0"},
				"south": {"uv": [3, 11, 4, 13], "texture": "#0"},
				"west": {"uv": [3, 11, 4, 13], "texture": "#0"},
				"up": {"uv": [3, 12, 4, 13], "texture": "#0"},
				"down": {"uv": [3, 12, 4, 13], "texture": "#0"}
			}
		},
		{
			"from": [4.5, 17.75, 7.30381],
			"to": [11.5, 26.25, 8.69619],
			"rotation": {"angle": 0, "axis": "y", "origin": [8, 18, 8]},
			"faces": {
				"north": {"uv": [3, 11, 4, 13], "texture": "#0"},
				"east": {"uv": [3, 11, 4, 13], "texture": "#0"},
				"south": {"uv": [3, 11, 4, 13], "texture": "#0"},
				"west": {"uv": [3, 11, 4, 13], "texture": "#0"},
				"up": {"uv": [3, 12, 4, 13], "texture": "#0"},
				"down": {"uv": [3, 12, 4, 13], "texture": "#0"}
			}
		},
		{
			"from": [4.5, 17.75, 7.30381],
			"to": [11.5, 26.25, 8.69619],
			"rotation": {"angle": 22.5, "axis": "y", "origin": [8, 18, 8]},
			"faces": {
				"north": {"uv": [3, 11, 4, 13], "texture": "#0"},
				"east": {"uv": [3, 11, 4, 13], "texture": "#0"},
				"south": {"uv": [3, 11, 4, 13], "texture": "#0"},
				"west": {"uv": [3, 11, 4, 13], "texture": "#0"},
				"up": {"uv": [3, 12, 4, 13], "texture": "#0"},
				"down": {"uv": [3, 12, 4, 13], "texture": "#0"}
			}
		},
		{
			"from": [7.40326, 27.25, 5],
			"to": [8.59674, 27.75, 5.2],
			"rotation": {"angle": -45, "axis": "y", "origin": [8, 27.5, 8]},
			"faces": {
				"north": {"uv": [3, 11, 4, 13], "texture": "#0"},
				"east": {"uv": [3, 11, 4, 13], "texture": "#0"},
				"south": {"uv": [3, 11, 4, 13], "texture": "#0"},
				"west": {"uv": [3, 11, 4, 13], "texture": "#0"},
				"up": {"uv": [3, 12, 4, 13], "texture": "#0"},
				"down": {"uv": [3, 11, 4, 13], "texture": "#0"}
			}
		},
		{
			"from": [7.40326, 25.25, 5],
			"to": [8.59674, 27.75, 5.2],
			"rotation": {"angle": -22.5, "axis": "y", "origin": [8, 27.5, 8]},
			"faces": {
				"north": {"uv": [3, 11, 4, 13], "texture": "#0"},
				"east": {"uv": [3, 11, 4, 13], "texture": "#0"},
				"south": {"uv": [3, 11, 4, 13], "texture": "#0"},
				"west": {"uv": [3, 11, 4, 13], "texture": "#0"},
				"up": {"uv": [3, 12, 4, 13], "texture": "#0"},
				"down": {"uv": [3, 11, 4, 13], "texture": "#0"}
			}
		},
		{
			"from": [7.40326, 27.25, 5],
			"to": [8.59674, 27.75, 5.2],
			"rotation": {"angle": 0, "axis": "y", "origin": [8, 27.5, 8]},
			"faces": {
				"north": {"uv": [3, 11, 4, 13], "texture": "#0"},
				"east": {"uv": [3, 11, 4, 13], "texture": "#0"},
				"south": {"uv": [3, 11, 4, 13], "texture": "#0"},
				"west": {"uv": [3, 11, 4, 13], "texture": "#0"},
				"up": {"uv": [3, 12, 4, 13], "texture": "#0"},
				"down": {"uv": [3, 11, 4, 13], "texture": "#0"}
			}
		},
		{
			"from": [7.40326, 25.25, 5],
			"to": [8.59674, 27.75, 5.2],
			"rotation": {"angle": 22.5, "axis": "y", "origin": [8, 27.5, 8]},
			"faces": {
				"north": {"uv": [3, 11, 4, 13], "texture": "#0"},
				"east": {"uv": [3, 11, 4, 13], "texture": "#0"},
				"south": {"uv": [3, 11, 4, 13], "texture": "#0"},
				"west": {"uv": [3, 11, 4, 13], "texture": "#0"},
				"up": {"uv": [3, 12, 4, 13], "texture": "#0"},
				"down": {"uv": [3, 11, 4, 13], "texture": "#0"}
			}
		},
		{
			"from": [7.40326, 27.25, 5],
			"to": [8.59674, 27.75, 5.2],
			"rotation": {"angle": 45, "axis": "y", "origin": [8, 27.5, 8]},
			"faces": {
				"north": {"uv": [3, 11, 4, 13], "texture": "#0"},
				"east": {"uv": [3, 11, 4, 13], "texture": "#0"},
				"south": {"uv": [3, 11, 4, 13], "texture": "#0"},
				"west": {"uv": [3, 11, 4, 13], "texture": "#0"},
				"up": {"uv": [3, 12, 4, 13], "texture": "#0"},
				"down": {"uv": [3, 11, 4, 13], "texture": "#0"}
			}
		},
		{
			"from": [7.40326, 27.25, 10.8],
			"to": [8.59674, 27.75, 11],
			"rotation": {"angle": -45, "axis": "y", "origin": [8, 27.5, 8]},
			"faces": {
				"north": {"uv": [3, 11, 4, 13], "texture": "#0"},
				"east": {"uv": [3, 11, 4, 13], "texture": "#0"},
				"south": {"uv": [3, 11, 4, 13], "texture": "#0"},
				"west": {"uv": [3, 11, 4, 13], "texture": "#0"},
				"up": {"uv": [3, 12, 4, 13], "texture": "#0"},
				"down": {"uv": [3, 11, 4, 13], "texture": "#0"}
			}
		},
		{
			"from": [7.40326, 25.25, 10.8],
			"to": [8.59674, 27.75, 11],
			"rotation": {"angle": -22.5, "axis": "y", "origin": [8, 27.5, 8]},
			"faces": {
				"north": {"uv": [3, 11, 4, 13], "texture": "#0"},
				"east": {"uv": [3, 11, 4, 13], "texture": "#0"},
				"south": {"uv": [3, 11, 4, 13], "texture": "#0"},
				"west": {"uv": [3, 11, 4, 13], "texture": "#0"},
				"up": {"uv": [3, 12, 4, 13], "texture": "#0"},
				"down": {"uv": [3, 11, 4, 13], "texture": "#0"}
			}
		},
		{
			"from": [7.40326, 27.25, 10.8],
			"to": [8.59674, 27.75, 11],
			"rotation": {"angle": 0, "axis": "y", "origin": [8, 27.5, 8]},
			"faces": {
				"north": {"uv": [3, 11, 4, 13], "texture": "#0"},
				"east": {"uv": [3, 11, 4, 13], "texture": "#0"},
				"south": {"uv": [3, 11, 4, 13], "texture": "#0"},
				"west": {"uv": [3, 11, 4, 13], "texture": "#0"},
				"up": {"uv": [3, 12, 4, 13], "texture": "#0"},
				"down": {"uv": [3, 11, 4, 13], "texture": "#0"}
			}
		},
		{
			"from": [7.40326, 25.25, 10.8],
			"to": [8.59674, 27.75, 11],
			"rotation": {"angle": 22.5, "axis": "y", "origin": [8, 27.5, 8]},
			"faces": {
				"north": {"uv": [3, 11, 4, 13], "texture": "#0"},
				"east": {"uv": [3, 11, 4, 13], "texture": "#0"},
				"south": {"uv": [3, 11, 4, 13], "texture": "#0"},
				"west": {"uv": [3, 11, 4, 13], "texture": "#0"},
				"up": {"uv": [3, 12, 4, 13], "texture": "#0"},
				"down": {"uv": [3, 11, 4, 13], "texture": "#0"}
			}
		},
		{
			"from": [7.40326, 27.25, 10.8],
			"to": [8.59674, 27.75, 11],
			"rotation": {"angle": 45, "axis": "y", "origin": [8, 27.5, 8]},
			"faces": {
				"north": {"uv": [3, 11, 4, 13], "texture": "#0"},
				"east": {"uv": [3, 11, 4, 13], "texture": "#0"},
				"south": {"uv": [3, 11, 4, 13], "texture": "#0"},
				"west": {"uv": [3, 11, 4, 13], "texture": "#0"},
				"up": {"uv": [3, 12, 4, 13], "texture": "#0"},
				"down": {"uv": [3, 11, 4, 13], "texture": "#0"}
			}
		},
		{
			"from": [5, 25.25, 7.40326],
			"to": [5.2, 27.75, 8.59674],
			"rotation": {"angle": -22.5, "axis": "y", "origin": [8, 27.5, 8]},
			"faces": {
				"north": {"uv": [3, 11, 4, 13], "texture": "#0"},
				"east": {"uv": [3, 11, 4, 13], "texture": "#0"},
				"south": {"uv": [3, 11, 4, 13], "texture": "#0"},
				"west": {"uv": [3, 11, 4, 13], "texture": "#0"},
				"up": {"uv": [3, 12, 4, 13], "texture": "#0"},
				"down": {"uv": [3, 11, 4, 13], "texture": "#0"}
			}
		},
		{
			"from": [5, 27.25, 7.40326],
			"to": [5.2, 27.75, 8.59674],
			"rotation": {"angle": 0, "axis": "y", "origin": [8, 27.5, 8]},
			"faces": {
				"north": {"uv": [3, 11, 4, 13], "texture": "#0"},
				"east": {"uv": [3, 11, 4, 13], "texture": "#0"},
				"south": {"uv": [3, 11, 4, 13], "texture": "#0"},
				"west": {"uv": [3, 11, 4, 13], "texture": "#0"},
				"up": {"uv": [3, 12, 4, 13], "texture": "#0"},
				"down": {"uv": [3, 11, 4, 13], "texture": "#0"}
			}
		},
		{
			"from": [5, 26.25, 7.40326],
			"to": [5.2, 27.75, 8.59674],
			"rotation": {"angle": 22.5, "axis": "y", "origin": [8, 27.5, 8]},
			"faces": {
				"north": {"uv": [3, 11, 4, 13], "texture": "#0"},
				"east": {"uv": [3, 11, 4, 13], "texture": "#0"},
				"south": {"uv": [3, 11, 4, 13], "texture": "#0"},
				"west": {"uv": [3, 11, 4, 13], "texture": "#0"},
				"up": {"uv": [3, 12, 4, 13], "texture": "#0"},
				"down": {"uv": [3, 11, 4, 13], "texture": "#0"}
			}
		},
		{
			"from": [10.8, 25.25, 7.40326],
			"to": [11, 27.75, 8.59674],
			"rotation": {"angle": -22.5, "axis": "y", "origin": [8, 27.5, 8]},
			"faces": {
				"north": {"uv": [3, 11, 4, 13], "texture": "#0"},
				"east": {"uv": [3, 11, 4, 13], "texture": "#0"},
				"south": {"uv": [3, 11, 4, 13], "texture": "#0"},
				"west": {"uv": [3, 11, 4, 13], "texture": "#0"},
				"up": {"uv": [3, 12, 4, 13], "texture": "#0"},
				"down": {"uv": [3, 11, 4, 13], "texture": "#0"}
			}
		},
		{
			"from": [10.8, 27.25, 7.40326],
			"to": [11, 27.75, 8.59674],
			"rotation": {"angle": 0, "axis": "y", "origin": [8, 27.5, 8]},
			"faces": {
				"north": {"uv": [3, 11, 4, 13], "texture": "#0"},
				"east": {"uv": [3, 11, 4, 13], "texture": "#0"},
				"south": {"uv": [3, 11, 4, 13], "texture": "#0"},
				"west": {"uv": [3, 11, 4, 13], "texture": "#0"},
				"up": {"uv": [3, 12, 4, 13], "texture": "#0"},
				"down": {"uv": [3, 11, 4, 13], "texture": "#0"}
			}
		},
		{
			"from": [10.8, 25.25, 7.40326],
			"to": [11, 27.75, 8.59674],
			"rotation": {"angle": 22.5, "axis": "y", "origin": [8, 27.5, 8]},
			"faces": {
				"north": {"uv": [3, 11, 4, 13], "texture": "#0"},
				"east": {"uv": [3, 11, 4, 13], "texture": "#0"},
				"south": {"uv": [3, 11, 4, 13], "texture": "#0"},
				"west": {"uv": [3, 11, 4, 13], "texture": "#0"},
				"up": {"uv": [3, 12, 4, 13], "texture": "#0"},
				"down": {"uv": [3, 11, 4, 13], "texture": "#0"}
			}
		},
		{
			"from": [5.25, 26, 7.75],
			"to": [10.5, 31, 8.25],
			"rotation": {"angle": 0, "axis": "y", "origin": [8, 28.5, 8]},
			"faces": {
				"north": {"uv": [5, 3, 12, 16], "texture": "#1"},
				"east": {"uv": [1, 0, 4, 3], "texture": "#1"},
				"south": {"uv": [5, 3, 12, 16], "texture": "#1"},
				"west": {"uv": [1, 0, 4, 3], "texture": "#1"},
				"up": {"uv": [1, 0, 4, 3], "texture": "#1"},
				"down": {"uv": [1, 0, 4, 3], "texture": "#1"}
			}
		},
		{
			"from": [5.25, 26, 7.75],
			"to": [10.5, 31, 8.25],
			"rotation": {"angle": -45, "axis": "y", "origin": [8, 28.5, 8]},
			"faces": {
				"north": {"uv": [5, 3, 12, 16], "texture": "#1"},
				"east": {"uv": [1, 0, 4, 3], "texture": "#1"},
				"south": {"uv": [5, 3, 12, 16], "texture": "#1"},
				"west": {"uv": [1, 0, 4, 3], "texture": "#1"},
				"up": {"uv": [1, 0, 4, 3], "texture": "#1"},
				"down": {"uv": [1, 0, 4, 3], "texture": "#1"}
			}
		},
		{
			"from": [7.75, 26, 5.25],
			"to": [8.25, 31, 10.5],
			"rotation": {"angle": 0, "axis": "y", "origin": [8, 28.5, 8]},
			"faces": {
				"north": {"uv": [1, 0, 4, 3], "texture": "#1"},
				"east": {"uv": [5, 3, 12, 16], "texture": "#1"},
				"south": {"uv": [1, 0, 4, 3], "texture": "#1"},
				"west": {"uv": [5, 3, 12, 16], "texture": "#1"},
				"up": {"uv": [1, 0, 4, 3], "rotation": 90, "texture": "#1"},
				"down": {"uv": [1, 0, 4, 3], "rotation": 270, "texture": "#1"}
			}
		},
		{
			"from": [7.75, 26, 5.25],
			"to": [8.25, 31, 10.5],
			"rotation": {"angle": -45, "axis": "y", "origin": [8, 28.5, 8]},
			"faces": {
				"north": {"uv": [1, 0, 4, 3], "texture": "#1"},
				"east": {"uv": [5, 3, 12, 16], "texture": "#1"},
				"south": {"uv": [1, 0, 4, 3], "texture": "#1"},
				"west": {"uv": [5, 3, 12, 16], "texture": "#1"},
				"up": {"uv": [1, 0, 4, 3], "rotation": 90, "texture": "#1"},
				"down": {"uv": [1, 0, 4, 3], "rotation": 270, "texture": "#1"}
			}
		}
	],
	"display": {
		"thirdperson_lefthand": {
			"scale": [0.5, 0.5, 0.5]
		},
		"gui": {
			"rotation": [30, -20, 0],
			"translation": [0, -6.5, 0],
			"scale": [0.76, 0.74, 0.75]
		},
		"head": {
			"translation": [0, -42.75, 0],
			"scale": [2, 2, 2]
		},
		"fixed": {
			"translation": [0, -7.5, 0]
		}
	},
	"groups": [
		{
			"name": "hexadecagon",
			"origin": [8, 8, 8],
			"color": 0,
			"nbt": "{}",
			"children": [0, 1, 2, 3, 4, 5, 6, 7]
		},
		{
			"name": "hexadecagon",
			"origin": [8, 8, 8],
			"color": 0,
			"nbt": "{}",
			"children": [8, 9, 10, 11, 12, 13, 14, 15]
		},
		{
			"name": "hexadecagon",
			"origin": [8, 8, 8],
			"color": 0,
			"nbt": "{}",
			"children": [16, 17, 18, 19, 20, 21, 22, 23]
		},
		{
			"name": "hexadecagon",
			"origin": [8, 8, 8],
			"color": 0,
			"nbt": "{}",
			"children": [24, 25, 26, 27, 28, 29, 30, 31]
		},
		{
			"name": "hexadecagon",
			"origin": [8, 8, 8],
			"color": 0,
			"nbt": "{}",
			"children": [32, 33, 34, 35, 36, 37, 38, 39]
		},
		{
			"name": "hexadecagon",
			"origin": [8, 8, 8],
			"color": 0,
			"nbt": "{}",
			"children": [40, 41, 42, 43, 44, 45, 46, 47, 48, 49, 50, 51, 52, 53, 54, 55]
		},
		56,
		57,
		58,
		59
	]
}