{
	"credit": "Made with Blockbench",
	"texture_size": [128, 128],
	"textures": {
		"0": "block/custom/wetfloor",
		"particle": "block/custom/wetfloor"
	},
	"elements": [
		{
			"from": [-2.13625, 0.65903, -4.46411],
			"to": [18.24775, 27.17903, -1.90411],
			"rotation": {"angle": 22.5, "axis": "x", "origin": [-2.16825, -1.90097, -1.90411]},
			"faces": {
				"north": {"uv": [5.625, 0, 8.1875, 3.4375], "texture": "#0"},
				"east": {"uv": [5.625, 7, 5.9375, 10.4375], "texture": "#0"},
				"south": {"uv": [5.625, 3.5, 8.1875, 6.9375], "texture": "#0"},
				"west": {"uv": [6, 7, 6.3125, 10.4375], "texture": "#0"},
				"up": {"uv": [8.9375, 7.3125, 6.375, 7], "texture": "#0"},
				"down": {"uv": [8.9375, 7.375, 6.375, 7.6875], "texture": "#0"}
			}
		},
		{
			"from": [14.50375, -3.18097, -4.46411],
			"to": [18.24775, 0.65903, -1.90411],
			"rotation": {"angle": 22.5, "axis": "x", "origin": [-2.16825, -1.90097, -1.90411]},
			"faces": {
				"north": {"uv": [8.25, 0, 8.6875, 0.5], "texture": "#0"},
				"east": {"uv": [8.25, 4.5, 8.5625, 5], "texture": "#0"},
				"south": {"uv": [8.25, 0.5, 8.6875, 1], "texture": "#0"},
				"west": {"uv": [8.25, 5, 8.5625, 5.5], "texture": "#0"},
				"up": {"uv": [6.8125, 8.5625, 6.375, 8.25], "texture": "#0"},
				"down": {"uv": [8.6875, 6.5, 8.25, 6.8125], "texture": "#0"}
			}
		},
		{
			"from": [-2.10425, -3.18097, -4.46411],
			"to": [1.63975, 0.65903, -1.90411],
			"rotation": {"angle": 22.5, "axis": "x", "origin": [18.31175, -1.90097, -1.90411]},
			"faces": {
				"north": {"uv": [8.25, 1, 8.6875, 1.5], "texture": "#0"},
				"east": {"uv": [8.25, 5.5, 8.5625, 6], "texture": "#0"},
				"south": {"uv": [8.25, 1.5, 8.6875, 2], "texture": "#0"},
				"west": {"uv": [8.25, 6, 8.5625, 6.5], "texture": "#0"},
				"up": {"uv": [7.3125, 8.5625, 6.875, 8.25], "texture": "#0"},
				"down": {"uv": [7.8125, 8.25, 7.375, 8.5625], "texture": "#0"}
			}
		},
		{
			"from": [-2.24775, -3.18097, 17.90411],
			"to": [1.49625, 0.65903, 20.46411],
			"rotation": {"angle": -22.5, "axis": "x", "origin": [18.16825, -1.90097, 17.90411]},
			"faces": {
				"north": {"uv": [8.25, 0.5, 8.6875, 1], "texture": "#0"},
				"east": {"uv": [8.25, 5, 8.5625, 5.5], "texture": "#0"},
				"south": {"uv": [8.25, 0, 8.6875, 0.5], "texture": "#0"},
				"west": {"uv": [8.25, 4.5, 8.5625, 5], "texture": "#0"},
				"up": {"uv": [6.375, 8.25, 6.8125, 8.5625], "texture": "#0"},
				"down": {"uv": [8.25, 6.8125, 8.6875, 6.5], "texture": "#0"}
			}
		},
		{
			"from": [14.36025, -3.18097, 17.90411],
			"to": [18.10425, 0.65903, 20.46411],
			"rotation": {"angle": -22.5, "axis": "x", "origin": [-2.31175, -1.90097, 17.90411]},
			"faces": {
				"north": {"uv": [8.25, 1.5, 8.6875, 2], "texture": "#0"},
				"east": {"uv": [8.25, 6, 8.5625, 6.5], "texture": "#0"},
				"south": {"uv": [8.25, 1, 8.6875, 1.5], "texture": "#0"},
				"west": {"uv": [8.25, 5.5, 8.5625, 6], "texture": "#0"},
				"up": {"uv": [6.875, 8.25, 7.3125, 8.5625], "texture": "#0"},
				"down": {"uv": [7.375, 8.5625, 7.8125, 8.25], "texture": "#0"}
			}
		},
		{
			"from": [-2.24775, 0.65903, 17.90411],
			"to": [18.13625, 27.17903, 20.46411],
			"rotation": {"angle": -22.5, "axis": "x", "origin": [18.16825, -1.90097, 17.90411]},
			"faces": {
				"north": {"uv": [5.625, 3.5, 8.1875, 6.9375], "texture": "#0"},
				"east": {"uv": [6, 7, 6.3125, 10.4375], "texture": "#0"},
				"south": {"uv": [5.625, 0, 8.1875, 3.4375], "texture": "#0"},
				"west": {"uv": [5.625, 7, 5.9375, 10.4375], "texture": "#0"},
				"up": {"uv": [6.375, 7, 8.9375, 7.3125], "texture": "#0"},
				"down": {"uv": [6.375, 7.6875, 8.9375, 7.375], "texture": "#0"}
			}
		},
		{
			"from": [-1.52825, 14.99931, 4.83112],
			"to": [-0.24825, 16.27931, 12.51112],
			"rotation": {"angle": 0, "axis": "x", "origin": [-0.88825, 15.63931, 6.11112]},
			"faces": {
				"north": {"uv": [7.875, 8.25, 8.0625, 8.4375], "texture": "#0"},
				"east": {"uv": [8.25, 2, 9.1875, 2.1875], "texture": "#0"},
				"south": {"uv": [8.125, 8.25, 8.3125, 8.4375], "texture": "#0"},
				"west": {"uv": [8.25, 2.25, 9.1875, 2.4375], "texture": "#0"},
				"up": {"uv": [8.4375, 3.4375, 8.25, 2.5], "texture": "#0"},
				"down": {"uv": [8.4375, 3.5, 8.25, 4.4375], "texture": "#0"}
			}
		},
		{
			"from": [-14.32825, -2.22097, -14.06411],
			"to": [30.47175, -1.90097, 30.73589],
			"rotation": {"angle": 0, "axis": "y", "origin": [-4.08825, -1.90097, 2.57589]},
			"faces": {
				"north": {"uv": [6.375, 7.75, 12, 7.8125], "texture": "#0"},
				"east": {"uv": [6.375, 7.875, 12, 7.9375], "texture": "#0"},
				"south": {"uv": [6.375, 8, 12, 8.0625], "texture": "#0"},
				"west": {"uv": [6.375, 8.125, 12, 8.1875], "texture": "#0"},
				"up": {"uv": [5.625, 5.625, 0, 0], "texture": "#0"},
				"down": {"uv": [5.625, 5.625, 0, 11.25], "texture": "#0"}
			}
		}
	],
	"display": {
		"gui": {
			"rotation": [31, -29, 0],
			"scale": [0.44, 0.44, 0.44]
		},
		"head": {
			"translation": [0, -23.5, 0]
		}
	}
}