{
	"credit": "Made with Blockbench",
	"texture_size": [64, 64],
	"textures": {
		"1": "block/custom/fnaf_emergencyexit",
		"particle": "block/custom/posters/employeesonly"
	},
	"elements": [
		{
			"from": [-4, 0, 0],
			"to": [21, 24, 2],
			"faces": {
				"north": {"uv": [0, 0, 6.25, 6], "texture": "#1"},
				"east": {"uv": [8.5, 1.5, 9, 7.5], "texture": "#1"},
				"south": {"uv": [0, 6, 6.25, 12], "texture": "#1"},
				"west": {"uv": [7, 8.75, 7.5, 14.75], "texture": "#1"},
				"up": {"uv": [13.25, 8.25, 7, 7.75], "texture": "#1"},
				"down": {"uv": [13.25, 8.25, 7, 8.75], "texture": "#1"}
			}
		},
		{
			"from": [20, 0, -2],
			"to": [21, 24, 0],
			"faces": {
				"north": {"uv": [10, 9.75, 10.25, 15.75], "texture": "#1"},
				"east": {"uv": [7.5, 8.75, 8, 14.75], "texture": "#1"},
				"south": {"uv": [10.25, 9.75, 10.5, 15.75], "texture": "#1"},
				"west": {"uv": [8, 8.75, 8.5, 14.75], "texture": "#1"},
				"up": {"uv": [9.75, 6.25, 9.5, 5.75], "texture": "#1"},
				"down": {"uv": [9.75, 6.25, 9.5, 6.75], "texture": "#1"}
			}
		},
		{
			"from": [21, 0, -3],
			"to": [22, 25, 0],
			"faces": {
				"north": {"uv": [9, 9.75, 9.25, 16], "texture": "#1"},
				"east": {"uv": [6.25, 1.5, 7, 7.75], "texture": "#1"},
				"south": {"uv": [9.25, 9.75, 9.5, 16], "texture": "#1"},
				"west": {"uv": [7, 1.5, 7.75, 7.75], "texture": "#1"},
				"up": {"uv": [9.75, 3.5, 9.5, 2.75], "texture": "#1"},
				"down": {"uv": [9.75, 3.5, 9.5, 4.25], "texture": "#1"}
			}
		},
		{
			"from": [-5, 0, -3],
			"to": [-4, 25, 0],
			"faces": {
				"north": {"uv": [9.5, 9.75, 9.75, 16], "texture": "#1"},
				"east": {"uv": [7.75, 1.5, 8.5, 7.75], "texture": "#1"},
				"south": {"uv": [9.75, 9.75, 10, 16], "texture": "#1"},
				"west": {"uv": [6.25, 7.75, 7, 14], "texture": "#1"},
				"up": {"uv": [9.75, 5, 9.5, 4.25], "texture": "#1"},
				"down": {"uv": [9.75, 5, 9.5, 5.75], "texture": "#1"}
			}
		},
		{
			"from": [-4, 24, -3],
			"to": [21, 25, 0],
			"faces": {
				"north": {"uv": [8.5, 7.5, 14.75, 7.75], "texture": "#1"},
				"east": {"uv": [9.5, 2.25, 10.25, 2.5], "texture": "#1"},
				"south": {"uv": [9.5, 1.5, 15.75, 1.75], "texture": "#1"},
				"west": {"uv": [9.5, 2.5, 10.25, 2.75], "texture": "#1"},
				"up": {"uv": [12.5, 0.75, 6.25, 0], "texture": "#1"},
				"down": {"uv": [12.5, 0.75, 6.25, 1.5], "texture": "#1"}
			}
		},
		{
			"from": [-4, 0, -2],
			"to": [-3, 24, 0],
			"faces": {
				"north": {"uv": [10.5, 9.75, 10.75, 15.75], "texture": "#1"},
				"east": {"uv": [8.5, 8.75, 9, 14.75], "texture": "#1"},
				"south": {"uv": [10.75, 9.75, 11, 15.75], "texture": "#1"},
				"west": {"uv": [9, 1.5, 9.5, 7.5], "texture": "#1"},
				"up": {"uv": [9.75, 7.25, 9.5, 6.75], "texture": "#1"},
				"down": {"uv": [10, 2.75, 9.75, 3.25], "texture": "#1"}
			}
		},
		{
			"from": [-3, 23, -2],
			"to": [20, 24, 0],
			"faces": {
				"north": {"uv": [9.5, 1.75, 15.25, 2], "texture": "#1"},
				"east": {"uv": [9.5, 7.25, 10, 7.5], "texture": "#1"},
				"south": {"uv": [9.5, 2, 15.25, 2.25], "texture": "#1"},
				"west": {"uv": [9.75, 3.25, 10.25, 3.5], "texture": "#1"},
				"up": {"uv": [14.75, 9.25, 9, 8.75], "texture": "#1"},
				"down": {"uv": [14.75, 9.25, 9, 9.75], "texture": "#1"}
			}
		}
	],
	"display": {
		"gui": {
			"rotation": [21, 158, 0],
			"translation": [2, -1, 0],
			"scale": [0.52, 0.54, 0.53]
		},
		"head": {
			"translation": [0, -17, 34.25],
			"scale": [3, 3, 3]
		}
	}
}