{
	"credit": "Made with Blockbench",
	"texture_size": [64, 64],
	"textures": {
		"0": "block/custom/fnaf_chair",
		"particle": "block/custom/fnaf_chair"
	},
	"elements": [
		{
			"name": "octagon",
			"from": [5.92893, 0, 3],
			"to": [10.07107, 0.8, 13],
			"rotation": {"angle": 45, "axis": "y", "origin": [8, 2.5, 8]},
			"faces": {
				"north": {"uv": [4, 3, 5, 3.25], "texture": "#0"},
				"east": {"uv": [4, 9, 6.5, 9.25], "texture": "#0"},
				"south": {"uv": [5, 8.75, 6, 9], "texture": "#0"},
				"west": {"uv": [9, 8, 11.5, 8.25], "texture": "#0"},
				"up": {"uv": [2.5, 8.75, 1.5, 6.25], "texture": "#0"},
				"down": {"uv": [3.5, 6.25, 2.5, 8.75], "texture": "#0"}
			}
		},
		{
			"name": "octagon",
			"from": [5.92893, 0, 3],
			"to": [10.07107, 0.8, 13],
			"rotation": {"angle": 0, "axis": "y", "origin": [8, 2.5, 8]},
			"faces": {
				"north": {"uv": [4.75, 10, 5.75, 10.25], "texture": "#0"},
				"east": {"uv": [9, 8.25, 11.5, 8.5], "texture": "#0"},
				"south": {"uv": [10, 5, 11, 5.25], "texture": "#0"},
				"west": {"uv": [9, 8.5, 11.5, 8.75], "texture": "#0"},
				"up": {"uv": [4.5, 8.75, 3.5, 6.25], "texture": "#0"},
				"down": {"uv": [7.5, 5, 6.5, 7.5], "texture": "#0"}
			}
		},
		{
			"name": "octagon",
			"from": [3, 0, 5.92893],
			"to": [13, 0.8, 10.07107],
			"rotation": {"angle": 45, "axis": "y", "origin": [8, 2.5, 8]},
			"faces": {
				"north": {"uv": [9, 8.75, 11.5, 9], "texture": "#0"},
				"east": {"uv": [10, 5.25, 11, 5.5], "texture": "#0"},
				"south": {"uv": [9, 9, 11.5, 9.25], "texture": "#0"},
				"west": {"uv": [10, 5.5, 11, 5.75], "texture": "#0"},
				"up": {"uv": [9.5, 1, 7, 0], "texture": "#0"},
				"down": {"uv": [9.5, 1, 7, 2], "texture": "#0"}
			}
		},
		{
			"name": "octagon",
			"from": [3, 0, 5.92893],
			"to": [13, 0.8, 10.07107],
			"rotation": {"angle": 0, "axis": "y", "origin": [8, 2.5, 8]},
			"faces": {
				"north": {"uv": [4, 9.25, 6.5, 9.5], "texture": "#0"},
				"east": {"uv": [10, 5.75, 11, 6], "texture": "#0"},
				"south": {"uv": [9, 9.25, 11.5, 9.5], "texture": "#0"},
				"west": {"uv": [10, 6, 11, 6.25], "texture": "#0"},
				"up": {"uv": [10, 6, 7.5, 5], "texture": "#0"},
				"down": {"uv": [10, 6, 7.5, 7], "texture": "#0"}
			}
		},
		{
			"from": [7, 0.75, 7],
			"to": [9, 10, 9],
			"rotation": {"angle": 0, "axis": "y", "origin": [7, 0, 7]},
			"faces": {
				"north": {"uv": [8, 8, 8.5, 10.25], "texture": "#0"},
				"east": {"uv": [8.5, 8, 9, 10.25], "texture": "#0"},
				"south": {"uv": [1.5, 8.75, 2, 11], "texture": "#0"},
				"west": {"uv": [2, 8.75, 2.5, 11], "texture": "#0"},
				"up": {"uv": [6.25, 10.5, 5.75, 10], "texture": "#0"},
				"down": {"uv": [10.5, 6.25, 10, 6.75], "texture": "#0"}
			}
		},
		{
			"from": [7, 11.5, 12.25],
			"to": [9, 22.75, 14],
			"rotation": {"angle": 0, "axis": "y", "origin": [5.65, -0.25, 7]},
			"faces": {
				"north": {"uv": [4.5, 6.25, 5, 9], "texture": "#0"},
				"east": {"uv": [6.5, 8, 7, 10.75], "texture": "#0"},
				"south": {"uv": [7, 8, 7.5, 10.75], "texture": "#0"},
				"west": {"uv": [7.5, 8, 8, 10.75], "texture": "#0"},
				"up": {"uv": [9.5, 10.5, 9, 10], "texture": "#0"},
				"down": {"uv": [10, 10, 9.5, 10.5], "texture": "#0"}
			}
		},
		{
			"from": [4, 13.5, 12],
			"to": [12, 26.75, 13],
			"rotation": {"angle": 0, "axis": "y", "origin": [5.65, -1.25, 7]},
			"faces": {
				"north": {"uv": [0, 0, 2, 3.25], "texture": "#0"},
				"east": {"uv": [3.5, 8.75, 3.75, 12], "texture": "#0"},
				"south": {"uv": [2, 0, 4, 3.25], "texture": "#0"},
				"west": {"uv": [3.75, 8.75, 4, 12], "texture": "#0"},
				"up": {"uv": [12, 2.25, 10, 2], "texture": "#0"},
				"down": {"uv": [12, 2.25, 10, 2.5], "texture": "#0"}
			}
		},
		{
			"from": [6.98119, 13.75, 11.88353],
			"to": [9.98119, 28.75, 12.88353],
			"rotation": {"angle": 45, "axis": "y", "origin": [9.63119, -1.25, 6.88353]},
			"faces": {
				"north": {"uv": [5, 5, 5.75, 8.75], "texture": "#0"},
				"east": {"uv": [2.5, 8.75, 2.75, 12.5], "texture": "#0"},
				"south": {"uv": [5.75, 5, 6.5, 8.75], "texture": "#0"},
				"west": {"uv": [2.75, 8.75, 3, 12.5], "texture": "#0"},
				"up": {"uv": [11, 9.75, 10.25, 9.5], "texture": "#0"},
				"down": {"uv": [11, 9.75, 10.25, 10], "texture": "#0"}
			}
		},
		{
			"from": [6.01881, 13.75, 11.88353],
			"to": [9.01881, 28.75, 12.88353],
			"rotation": {"angle": -45, "axis": "y", "origin": [6.36881, -1.25, 6.88353]},
			"faces": {
				"north": {"uv": [0, 6.25, 0.75, 10], "texture": "#0"},
				"east": {"uv": [3, 8.75, 3.25, 12.5], "texture": "#0"},
				"south": {"uv": [0.75, 6.25, 1.5, 10], "texture": "#0"},
				"west": {"uv": [3.25, 8.75, 3.5, 12.5], "texture": "#0"},
				"up": {"uv": [10.75, 10.5, 10, 10.25], "texture": "#0"},
				"down": {"uv": [0.75, 10.5, 0, 10.75], "texture": "#0"}
			}
		},
		{
			"from": [4, 26.75, 12],
			"to": [7, 29, 13],
			"rotation": {"angle": 0, "axis": "y", "origin": [5.65, -1, 7]},
			"faces": {
				"north": {"uv": [4, 2.5, 4.75, 3], "texture": "#0"},
				"east": {"uv": [4.75, 2.5, 5, 3], "texture": "#0"},
				"south": {"uv": [0, 10, 0.75, 10.5], "texture": "#0"},
				"west": {"uv": [6.25, 10, 6.5, 10.5], "texture": "#0"},
				"up": {"uv": [10.75, 7, 10, 6.75], "texture": "#0"},
				"down": {"uv": [10.75, 10, 10, 10.25], "texture": "#0"}
			}
		},
		{
			"from": [9, 26.75, 12],
			"to": [12, 29, 13],
			"rotation": {"angle": 0, "axis": "y", "origin": [10.35, -1, 7]},
			"faces": {
				"north": {"uv": [0.75, 10, 1.5, 10.5], "texture": "#0"},
				"east": {"uv": [5.5, 10.25, 5.75, 10.75], "texture": "#0"},
				"south": {"uv": [4, 10, 4.75, 10.5], "texture": "#0"},
				"west": {"uv": [8.75, 10.25, 9, 10.75], "texture": "#0"},
				"up": {"uv": [5.5, 10.5, 4.75, 10.25], "texture": "#0"},
				"down": {"uv": [8.75, 10.25, 8, 10.5], "texture": "#0"}
			}
		},
		{
			"name": "octagon",
			"from": [5.51472, 9.5, 2],
			"to": [10.48528, 11.5, 14],
			"rotation": {"angle": 45, "axis": "y", "origin": [8, 12, 8]},
			"faces": {
				"north": {"uv": [9.5, 0, 10.75, 0.5], "texture": "#0"},
				"east": {"uv": [7, 2, 10, 2.5], "texture": "#0"},
				"south": {"uv": [9.5, 0.5, 10.75, 1], "texture": "#0"},
				"west": {"uv": [6.5, 7.5, 9.5, 8], "texture": "#0"},
				"up": {"uv": [1.25, 6.25, 0, 3.25], "texture": "#0"},
				"down": {"uv": [2.5, 3.25, 1.25, 6.25], "texture": "#0"}
			}
		},
		{
			"name": "octagon",
			"from": [5.51472, 9.5, 2],
			"to": [10.48528, 11.5, 14],
			"rotation": {"angle": 0, "axis": "y", "origin": [8, 12, 8]},
			"faces": {
				"north": {"uv": [9.5, 1, 10.75, 1.5], "texture": "#0"},
				"east": {"uv": [7.5, 7, 10.5, 7.5], "texture": "#0"},
				"south": {"uv": [9.5, 1.5, 10.75, 2], "texture": "#0"},
				"west": {"uv": [8, 2.5, 11, 3], "texture": "#0"},
				"up": {"uv": [3.75, 6.25, 2.5, 3.25], "texture": "#0"},
				"down": {"uv": [5, 3.25, 3.75, 6.25], "texture": "#0"}
			}
		},
		{
			"name": "octagon",
			"from": [2, 9.5, 5.51472],
			"to": [14, 11.5, 10.48528],
			"rotation": {"angle": 45, "axis": "y", "origin": [8, 12, 8]},
			"faces": {
				"north": {"uv": [8, 3, 11, 3.5], "texture": "#0"},
				"east": {"uv": [4, 9.5, 5.25, 10], "texture": "#0"},
				"south": {"uv": [8, 3.5, 11, 4], "texture": "#0"},
				"west": {"uv": [5.25, 9.5, 6.5, 10], "texture": "#0"},
				"up": {"uv": [7, 1.25, 4, 0], "texture": "#0"},
				"down": {"uv": [7, 1.25, 4, 2.5], "texture": "#0"}
			}
		},
		{
			"name": "octagon",
			"from": [2, 9.5, 5.51472],
			"to": [14, 11.5, 10.48528],
			"rotation": {"angle": 0, "axis": "y", "origin": [8, 12, 8]},
			"faces": {
				"north": {"uv": [8, 4, 11, 4.5], "texture": "#0"},
				"east": {"uv": [9.5, 7.5, 10.75, 8], "texture": "#0"},
				"south": {"uv": [8, 4.5, 11, 5], "texture": "#0"},
				"west": {"uv": [9, 9.5, 10.25, 10], "texture": "#0"},
				"up": {"uv": [8, 3.75, 5, 2.5], "texture": "#0"},
				"down": {"uv": [8, 3.75, 5, 5], "texture": "#0"}
			}
		}
	],
	"display": {
		"gui": {
			"rotation": [27, 139, 0],
			"translation": [0, -2.75, 0],
			"scale": [0.44, 0.45, 0.41]
		},
		"head": {
			"translation": [0, -21.25, 0],
			"scale": [1.5, 1.5, 1.5]
		}
	},
	"groups": [
		{
			"name": "octagon",
			"origin": [8, 8, 8],
			"color": 0,
			"nbt": "{}",
			"children": [0, 1, 2, 3, 4, 5, 6, 7, 8, 9, 10]
		},
		{
			"name": "octagon",
			"origin": [8, 8, 8],
			"color": 0,
			"nbt": "{}",
			"children": [11, 12, 13, 14]
		}
	]
}