{
	"credit": "Made with Blockbench",
	"texture_size": [128, 128],
	"textures": {
		"0": "block/custom/fnaf_arcade",
		"particle": "block/custom/fnaf_arcade"
	},
	"elements": [
		{
			"from": [14, 0, 0],
			"to": [16, 11, 16],
			"rotation": {"angle": 0, "axis": "y", "origin": [14, 0, 0]},
			"faces": {
				"north": {"uv": [3.5, 8.5, 3.75, 9.875], "texture": "#0"},
				"east": {"uv": [4.5, 0, 6.5, 1.375], "texture": "#0"},
				"south": {"uv": [3.75, 8.5, 4, 9.875], "texture": "#0"},
				"west": {"uv": [4.5, 1.375, 6.5, 2.75], "texture": "#0"},
				"up": {"uv": [8.25, 2.75, 8, 0.75], "texture": "#0"},
				"down": {"uv": [8.25, 2.75, 8, 4.75], "texture": "#0"}
			}
		},
		{
			"from": [2, 0, 11],
			"to": [14, 30, 16],
			"rotation": {"angle": 0, "axis": "y", "origin": [14, 0, 0]},
			"faces": {
				"north": {"uv": [0, 0, 1.5, 3.75], "texture": "#0"},
				"east": {"uv": [3, 4.75, 3.625, 8.5], "texture": "#0"},
				"south": {"uv": [1.5, 0, 3, 3.75], "texture": "#0"},
				"west": {"uv": [3.625, 4.75, 4.25, 8.5], "texture": "#0"},
				"up": {"uv": [8.75, 7.625, 7.25, 7], "texture": "#0"},
				"down": {"uv": [1.5, 7.5, 0, 8.125], "texture": "#0"}
			}
		},
		{
			"from": [2, 24, 4],
			"to": [14, 30, 11],
			"rotation": {"angle": 0, "axis": "y", "origin": [14, 0, 0]},
			"faces": {
				"north": {"uv": [6.5, 4, 8, 4.75], "texture": "#0"},
				"east": {"uv": [4.875, 7.75, 5.75, 8.5], "texture": "#0"},
				"south": {"uv": [6.5, 4.75, 8, 5.5], "texture": "#0"},
				"west": {"uv": [5.75, 7.75, 6.625, 8.5], "texture": "#0"},
				"up": {"uv": [8, 3.125, 6.5, 2.25], "texture": "#0"},
				"down": {"uv": [8, 3.125, 6.5, 4], "texture": "#0"}
			}
		},
		{
			"from": [2, 20.64645, 5.09619],
			"to": [14, 26.64645, 15.84619],
			"rotation": {"angle": 45, "axis": "x", "origin": [8, 23.64645, 8.59619]},
			"faces": {
				"north": {"uv": [4.25, 7, 5.75, 7.75], "texture": "#0"},
				"east": {"uv": [7.25, 5.5, 8.625, 6.25], "texture": "#0"},
				"south": {"uv": [5.75, 7, 7.25, 7.75], "texture": "#0"},
				"west": {"uv": [7.25, 6.25, 8.625, 7], "texture": "#0"},
				"up": {"uv": [1.5, 7.5, 0, 6.125], "texture": "#0"},
				"down": {"uv": [3, 6.125, 1.5, 7.5], "texture": "#0"}
			}
		},
		{
			"from": [2, 11.33534, 2.81174],
			"to": [14, 12.33534, 3.81174],
			"rotation": {"angle": -22.5, "axis": "x", "origin": [8, 13.83534, 1.43674]},
			"faces": {
				"north": {"uv": [8.25, 4.5, 9.75, 4.625], "texture": "#0"},
				"east": {"uv": [8.75, 3.75, 8.875, 3.875], "texture": "#0"},
				"south": {"uv": [8.25, 4.625, 9.75, 4.75], "texture": "#0"},
				"west": {"uv": [8.75, 3.875, 8.875, 4], "texture": "#0"},
				"up": {"uv": [10.125, 5.625, 8.625, 5.5], "texture": "#0"},
				"down": {"uv": [10.125, 5.625, 8.625, 5.75], "texture": "#0"}
			}
		},
		{
			"from": [2, 11.08534, -0.18826],
			"to": [14, 12.08534, 2.81174],
			"rotation": {"angle": -22.5, "axis": "x", "origin": [8, 13.83534, 1.43674]},
			"faces": {
				"north": {"uv": [8.625, 6.5, 10.125, 6.625], "texture": "#0"},
				"east": {"uv": [8.75, 3.5, 9.125, 3.625], "texture": "#0"},
				"south": {"uv": [8.625, 6.625, 10.125, 6.75], "texture": "#0"},
				"west": {"uv": [8.75, 3.625, 9.125, 3.75], "texture": "#0"},
				"up": {"uv": [9.5, 0.375, 8, 0], "texture": "#0"},
				"down": {"uv": [9.5, 0.375, 8, 0.75], "texture": "#0"}
			}
		},
		{
			"from": [2, 11.33534, -1.18826],
			"to": [14, 12.33534, -0.18826],
			"rotation": {"angle": -22.5, "axis": "x", "origin": [8, 13.83534, 1.43674]},
			"faces": {
				"north": {"uv": [8.625, 6, 10.125, 6.125], "texture": "#0"},
				"east": {"uv": [8.75, 4, 8.875, 4.125], "texture": "#0"},
				"south": {"uv": [8.625, 6.125, 10.125, 6.25], "texture": "#0"},
				"west": {"uv": [8.75, 4.125, 8.875, 4.25], "texture": "#0"},
				"up": {"uv": [10.125, 6.375, 8.625, 6.25], "texture": "#0"},
				"down": {"uv": [10.125, 6.375, 8.625, 6.5], "texture": "#0"}
			}
		},
		{
			"from": [2, -0.00502, 0.38558],
			"to": [14, 11.44498, 0.58558],
			"rotation": {"angle": 0, "axis": "x", "origin": [8, 13.06998, 6.08558]},
			"faces": {
				"north": {"uv": [4.25, 5.5, 5.75, 6.9375], "texture": "#0"},
				"east": {"uv": [7.125, 7.75, 7.1875, 9.1875], "texture": "#0"},
				"south": {"uv": [5.75, 5.5, 7.25, 6.9375], "texture": "#0"},
				"west": {"uv": [8.75, 1.5, 8.8125, 2.9375], "texture": "#0"},
				"up": {"uv": [10.25, 1.3125, 8.75, 1.25], "texture": "#0"},
				"down": {"uv": [10.25, 1.375, 8.75, 1.4375], "texture": "#0"}
			}
		},
		{
			"from": [2, 10.83534, 3.06174],
			"to": [14, 11.83534, 11.81174],
			"rotation": {"angle": -22.5, "axis": "x", "origin": [8, 13.83534, 1.43674]},
			"faces": {
				"north": {"uv": [8.625, 5.75, 10.125, 5.875], "texture": "#0"},
				"east": {"uv": [8.625, 6.75, 9.6875, 6.875], "texture": "#0"},
				"south": {"uv": [8.625, 5.875, 10.125, 6], "texture": "#0"},
				"west": {"uv": [8.625, 6.875, 9.6875, 7], "texture": "#0"},
				"up": {"uv": [8, 1.0625, 6.5, 0], "texture": "#0"},
				"down": {"uv": [8, 1.125, 6.5, 2.1875], "texture": "#0"}
			}
		},
		{
			"from": [14, 11, 4],
			"to": [16, 30, 16],
			"rotation": {"angle": 0, "axis": "y", "origin": [14, 0, 0]},
			"faces": {
				"north": {"uv": [2.75, 7.5, 3, 9.875], "texture": "#0"},
				"east": {"uv": [3, 0, 4.5, 2.375], "texture": "#0"},
				"south": {"uv": [6.625, 7.75, 6.875, 10.125], "texture": "#0"},
				"west": {"uv": [3, 2.375, 4.5, 4.75], "texture": "#0"},
				"up": {"uv": [0.75, 9.625, 0.5, 8.125], "texture": "#0"},
				"down": {"uv": [1, 8.125, 0.75, 9.625], "texture": "#0"}
			}
		},
		{
			"from": [14.025, 7.98075, 3.17877],
			"to": [15.975, 18.98075, 8.17877],
			"rotation": {"angle": 22.5, "axis": "x", "origin": [15, 17.48075, 9.17877]},
			"faces": {
				"north": {"uv": [3, 8.5, 3.25, 9.875], "texture": "#0"},
				"east": {"uv": [1.5, 7.5, 2.125, 8.875], "texture": "#0"},
				"south": {"uv": [3.25, 8.5, 3.5, 9.875], "texture": "#0"},
				"west": {"uv": [2.125, 7.5, 2.75, 8.875], "texture": "#0"},
				"up": {"uv": [6.125, 9.125, 5.875, 8.5], "texture": "#0"},
				"down": {"uv": [6.375, 8.5, 6.125, 9.125], "texture": "#0"}
			}
		},
		{
			"from": [14.025, 5.98075, 5.17877],
			"to": [15.975, 11.73075, 9.17877],
			"rotation": {"angle": 45, "axis": "x", "origin": [15, 17.48075, 9.17877]},
			"faces": {
				"north": {"uv": [4.25, 4.75, 4.5, 5.5], "texture": "#0"},
				"east": {"uv": [1, 8.125, 1.5, 8.875], "texture": "#0"},
				"south": {"uv": [8.25, 3.75, 8.5, 4.5], "texture": "#0"},
				"west": {"uv": [8.125, 7.875, 8.625, 8.625], "texture": "#0"},
				"up": {"uv": [8.375, 9.125, 8.125, 8.625], "texture": "#0"},
				"down": {"uv": [8.625, 8.625, 8.375, 9.125], "texture": "#0"}
			}
		},
		{
			"from": [0.025, 29.14645, 2.76777],
			"to": [15.975, 31.14645, 4.76777],
			"rotation": {"angle": -45, "axis": "x", "origin": [1, 29.64645, 5.76777]},
			"faces": {
				"north": {"uv": [8, 4.75, 10, 5], "texture": "#0"},
				"east": {"uv": [8.75, 3, 9, 3.25], "texture": "#0"},
				"south": {"uv": [8, 5, 10, 5.25], "texture": "#0"},
				"west": {"uv": [8.75, 3.25, 9, 3.5], "texture": "#0"},
				"up": {"uv": [10, 5.5, 8, 5.25], "texture": "#0"},
				"down": {"uv": [10.125, 7.625, 8.125, 7.875], "texture": "#0"}
			}
		},
		{
			"from": [0.025, 7.98075, 3.17877],
			"to": [1.975, 18.98075, 8.17877],
			"rotation": {"angle": 22.5, "axis": "x", "origin": [1, 17.48075, 9.17877]},
			"faces": {
				"north": {"uv": [5.125, 8.5, 5.375, 9.875], "texture": "#0"},
				"east": {"uv": [7.25, 7.625, 7.875, 9], "texture": "#0"},
				"south": {"uv": [5.375, 8.5, 5.625, 9.875], "texture": "#0"},
				"west": {"uv": [4.25, 7.75, 4.875, 9.125], "texture": "#0"},
				"up": {"uv": [6.625, 9.125, 6.375, 8.5], "texture": "#0"},
				"down": {"uv": [8.875, 7.875, 8.625, 8.5], "texture": "#0"}
			}
		},
		{
			"from": [0, 11, 4],
			"to": [2, 30, 16],
			"faces": {
				"north": {"uv": [6.875, 7.75, 7.125, 10.125], "texture": "#0"},
				"east": {"uv": [0, 3.75, 1.5, 6.125], "texture": "#0"},
				"south": {"uv": [7.875, 7.625, 8.125, 10], "texture": "#0"},
				"west": {"uv": [1.5, 3.75, 3, 6.125], "texture": "#0"},
				"up": {"uv": [8.5, 3.75, 8.25, 2.25], "texture": "#0"},
				"down": {"uv": [8.75, 2.25, 8.5, 3.75], "texture": "#0"}
			}
		},
		{
			"from": [0, 0, 0],
			"to": [2, 11, 16],
			"faces": {
				"north": {"uv": [4, 8.5, 4.25, 9.875], "texture": "#0"},
				"east": {"uv": [4.5, 2.75, 6.5, 4.125], "texture": "#0"},
				"south": {"uv": [4.875, 8.5, 5.125, 9.875], "texture": "#0"},
				"west": {"uv": [4.5, 4.125, 6.5, 5.5], "texture": "#0"},
				"up": {"uv": [0.25, 10.125, 0, 8.125], "texture": "#0"},
				"down": {"uv": [0.5, 8.125, 0.25, 10.125], "texture": "#0"}
			}
		},
		{
			"from": [0.025, 5.98075, 5.17877],
			"to": [1.975, 11.73075, 9.17877],
			"rotation": {"angle": 45, "axis": "x", "origin": [1, 17.48075, 9.17877]},
			"faces": {
				"north": {"uv": [8.5, 3.75, 8.75, 4.5], "texture": "#0"},
				"east": {"uv": [8.25, 0.75, 8.75, 1.5], "texture": "#0"},
				"south": {"uv": [5.625, 8.5, 5.875, 9.25], "texture": "#0"},
				"west": {"uv": [8.25, 1.5, 8.75, 2.25], "texture": "#0"},
				"up": {"uv": [8.875, 9, 8.625, 8.5], "texture": "#0"},
				"down": {"uv": [9, 0.75, 8.75, 1.25], "texture": "#0"}
			}
		}
	],
	"display": {
		"gui": {
			"rotation": [14, 149, 0],
			"translation": [0, -3.75, 0],
			"scale": [0.5, 0.49, 0.5]
		},
		"head": {
			"translation": [0, -18.75, 0],
			"scale": [2.2, 2.2, 2.2]
		}
	}
}