{
	"parent": "item/handheld",
	"textures": {
		"layer0": "item/gold_nugget"
	},
	"overrides": [
		{ "predicate": {"custom_model_data":1}, "model": "item/npc/robijnentaart"},
		{ "predicate": {"custom_model_data":2}, "model": "item/npc/hoofd_robijnentaart"},
		{ "predicate": {"custom_model_data":3}, "model": "item/npc/body_robijnentaart"},
		{ "predicate": {"custom_model_data":4}, "model": "item/npc/l_arm_robijnentaart"},
		{ "predicate": {"custom_model_data":5}, "model": "item/npc/r_arm_robijnentaart"},
		{ "predicate": {"custom_model_data":6}, "model": "item/npc/l_leg_robijnentaart"},
		{ "predicate": {"custom_model_data":7}, "model": "item/npc/r_leg_robijnentaart"},
		{ "predicate": {"custom_model_data":8}, "model": "item/npc/hoofd_pater"},
		{ "predicate": {"custom_model_data":9}, "model": "item/npc/body_pater"},
		{ "predicate": {"custom_model_data":10}, "model": "item/npc/l_arm_pater"},
		{ "predicate": {"custom_model_data":11}, "model": "item/npc/r_arm_pater"},
		{ "predicate": {"custom_model_data":12}, "model": "item/npc/l_leg_pater"},
		{ "predicate": {"custom_model_data":13}, "model": "item/npc/r_leg_pater"}

	]
}
