{
	"credit": "Made with Blockbench",
	"texture_size": [64, 64],
	"textures": {
		"0": "block/custom/gear",
		"particle": "block/custom/gear"
	},
	"elements": [
		{
			"from": [0, 0, 0],
			"to": [16, 17, 2],
			"faces": {
				"north": {"uv": [0, 0, 4, 4.25], "texture": "#0"},
				"east": {"uv": [0, 4.25, 0.5, 8.5], "texture": "#0"},
				"south": {"uv": [4, 0, 8, 4.25], "texture": "#0"},
				"west": {"uv": [0.5, 4.25, 1, 8.5], "texture": "#0"},
				"up": {"uv": [5, 4.75, 1, 4.25], "texture": "#0"},
				"down": {"uv": [5, 4.75, 1, 5.25], "texture": "#0"}
			}
		}
	],
	"display": {
		"gui": {
			"rotation": [0, 180, 0],
			"translation": [0.5, -0.5, 0]
		}
	}
}