{
	"credit": "Made with Blockbench",
	"textures": {
		"0": "block/custom/tomato",
		"particle": "block/custom/tomato"
	},
	"elements": [
		{
			"from": [6, 9, 6],
			"to": [10, 13, 10],
			"rotation": {"angle": 0, "axis": "y", "origin": [7, 0, 7]},
			"faces": {
				"north": {"uv": [4, 0, 8, 4], "texture": "#0"},
				"east": {"uv": [4, 4, 8, 8], "texture": "#0"},
				"south": {"uv": [0, 8, 4, 12], "texture": "#0"},
				"west": {"uv": [8, 0, 12, 4], "texture": "#0"},
				"up": {"uv": [8, 12, 4, 8], "texture": "#0"},
				"down": {"uv": [12, 4, 8, 8], "texture": "#0"}
			}
		},
		{
			"from": [8, 13, 6],
			"to": [8.1, 17, 10],
			"rotation": {"angle": 0, "axis": "y", "origin": [7, 0, 7]},
			"faces": {
				"north": {"uv": [8, 8, 9, 12], "texture": "#0"},
				"east": {"uv": [0, 0, 4, 4], "texture": "#0"},
				"south": {"uv": [9, 8, 10, 12], "texture": "#0"},
				"west": {"uv": [0, 4, 4, 8], "texture": "#0"},
				"up": {"uv": [11, 12, 10, 8], "texture": "#0"},
				"down": {"uv": [12, 8, 11, 12], "texture": "#0"}
			}
		},
		{
			"from": [6.05, 13, 7.95],
			"to": [10.05, 17, 8.05],
			"rotation": {"angle": 0, "axis": "y", "origin": [8.05, 13, 8]},
			"faces": {
				"north": {"uv": [0, 4, 4, 8], "texture": "#0"},
				"east": {"uv": [8, 8, 9, 12], "texture": "#0"},
				"south": {"uv": [0, 0, 4, 4], "texture": "#0"},
				"west": {"uv": [9, 8, 10, 12], "texture": "#0"},
				"up": {"uv": [11, 12, 10, 8], "rotation": 90, "texture": "#0"},
				"down": {"uv": [12, 8, 11, 12], "rotation": 270, "texture": "#0"}
			}
		}
	],
	"display": {
		"gui": {
			"rotation": [33, 46, 0],
			"translation": [0, -6.5, 0],
			"scale": [2.08, 1.97, 2.18]
		},
		"head": {
			"scale": [2, 2, 2]
		}
	}
}