{
	"credit": "Made with Blockbench",
	"texture_size": [64, 64],
	"textures": {
		"0": "block/custom/baron1898",
		"particle": "block/custom/baron1898"
	},
	"elements": [
		{
			"from": [26.22537, 23.65844, 10.38836],
			"to": [27.29862, 24.45344, 11.97836],
			"rotation": {"angle": 0, "axis": "y", "origin": [17.55988, 2.19344, 1.84211]},
			"faces": {
				"north": {"uv": [5.75, 9.75, 6.0625, 10], "texture": "#0"},
				"east": {"uv": [8.25, 3, 8.75, 3.25], "texture": "#0"},
				"south": {"uv": [9.75, 5.75, 10.0625, 6], "texture": "#0"},
				"west": {"uv": [3.5, 9.75, 4, 10], "texture": "#0"},
				"up": {"uv": [9.5625, 1.5, 9.25, 1], "texture": "#0"},
				"down": {"uv": [1.8125, 9.25, 1.5, 9.75], "texture": "#0"}
			}
		},
		{
			"from": [22.13112, 23.65844, 10.38836],
			"to": [23.20438, 24.45344, 11.97836],
			"rotation": {"angle": 0, "axis": "y", "origin": [31.86988, 2.19344, 1.84211]},
			"faces": {
				"north": {"uv": [9.75, 6, 10.0625, 6.25], "texture": "#0"},
				"east": {"uv": [4, 9.75, 4.5, 10], "texture": "#0"},
				"south": {"uv": [6.25, 9.75, 6.5625, 10], "texture": "#0"},
				"west": {"uv": [4.5, 9.75, 5, 10], "texture": "#0"},
				"up": {"uv": [2.3125, 9.75, 2, 9.25], "texture": "#0"},
				"down": {"uv": [9.5625, 2, 9.25, 2.5], "texture": "#0"}
			}
		},
		{
			"from": [21.93237, 23.34044, 9.43436],
			"to": [23.32363, 24.73169, 10.38836],
			"rotation": {"angle": 0, "axis": "y", "origin": [31.86988, 2.19344, 1.84211]},
			"faces": {
				"north": {"uv": [3.5, 1.75, 3.9375, 2.1875], "texture": "#0"},
				"east": {"uv": [2.5, 9.25, 2.8125, 9.6875], "texture": "#0"},
				"south": {"uv": [8.25, 1, 8.6875, 1.4375], "texture": "#0"},
				"west": {"uv": [9.25, 2.5, 9.5625, 2.9375], "texture": "#0"},
				"up": {"uv": [3.4375, 9.5625, 3, 9.25], "texture": "#0"},
				"down": {"uv": [9.6875, 3, 9.25, 3.3125], "texture": "#0"}
			}
		},
		{
			"from": [21.93237, 23.21085, 8.78287],
			"to": [23.32363, 24.6021, 9.73687],
			"rotation": {"angle": -22.5, "axis": "x", "origin": [22.42925, 23.90648, 9.25987]},
			"faces": {
				"north": {"uv": [4, 8.25, 4.4375, 8.6875], "texture": "#0"},
				"east": {"uv": [3.5, 9.25, 3.8125, 9.6875], "texture": "#0"},
				"south": {"uv": [4.5, 8.25, 4.9375, 8.6875], "texture": "#0"},
				"west": {"uv": [9.25, 3.5, 9.5625, 3.9375], "texture": "#0"},
				"up": {"uv": [4.4375, 9.5625, 4, 9.25], "texture": "#0"},
				"down": {"uv": [4.9375, 9.25, 4.5, 9.5625], "texture": "#0"}
			}
		},
		{
			"from": [21.93237, 22.84182, 8.23057],
			"to": [23.32363, 24.23307, 9.18457],
			"rotation": {"angle": -45, "axis": "x", "origin": [22.42925, 23.53744, 8.70757]},
			"faces": {
				"north": {"uv": [5, 8.25, 5.4375, 8.6875], "texture": "#0"},
				"east": {"uv": [5, 9.25, 5.3125, 9.6875], "texture": "#0"},
				"south": {"uv": [8.25, 5.25, 8.6875, 5.6875], "texture": "#0"},
				"west": {"uv": [9.25, 5, 9.5625, 5.4375], "texture": "#0"},
				"up": {"uv": [5.9375, 9.5625, 5.5, 9.25], "texture": "#0"},
				"down": {"uv": [9.6875, 5.5, 9.25, 5.8125], "texture": "#0"}
			}
		},
		{
			"from": [21.93237, 20.71939, 7.64291],
			"to": [23.32363, 23.46214, 9.03416],
			"rotation": {"angle": 22.5, "axis": "x", "origin": [22.628, 22.98514, 8.33853]},
			"faces": {
				"north": {"uv": [8, 4.25, 8.4375, 5.125], "texture": "#0"},
				"east": {"uv": [8, 6.75, 8.4375, 7.625], "texture": "#0"},
				"south": {"uv": [8, 7.75, 8.4375, 8.625], "texture": "#0"},
				"west": {"uv": [0, 8.25, 0.4375, 9.125], "texture": "#0"},
				"up": {"uv": [5.9375, 8.6875, 5.5, 8.25], "texture": "#0"},
				"down": {"uv": [8.6875, 5.75, 8.25, 6.1875], "texture": "#0"}
			}
		},
		{
			"from": [-0.1885, 20.4639, 6.49019],
			"to": [0.40775, 22.7104, 6.88769],
			"rotation": {"angle": 22.5, "axis": "x", "origin": [8.01656, 21.78237, 7.0749]},
			"faces": {
				"north": {"uv": [3.25, 9.75, 3.4375, 10.4375], "texture": "#0"},
				"east": {"uv": [5.25, 9.75, 5.375, 10.4375], "texture": "#0"},
				"south": {"uv": [9.75, 3.25, 9.9375, 3.9375], "texture": "#0"},
				"west": {"uv": [5.5, 9.75, 5.625, 10.4375], "texture": "#0"},
				"up": {"uv": [7.6875, 9.875, 7.5, 9.75], "texture": "#0"},
				"down": {"uv": [7.9375, 9.75, 7.75, 9.875], "texture": "#0"}
			}
		},
		{
			"from": [-0.1135, 20.5139, 6.88769],
			"to": [0.30775, 20.87165, 7.53519],
			"rotation": {"angle": 22.5, "axis": "x", "origin": [8.01656, 21.78237, 7.0749]},
			"faces": {
				"north": {"uv": [9.75, 6.25, 9.9375, 6.375], "texture": "#0"},
				"east": {"uv": [10, 2.5, 10.125, 2.625], "texture": "#0"},
				"south": {"uv": [6.75, 9.75, 6.9375, 9.875], "texture": "#0"},
				"west": {"uv": [10, 2.75, 10.125, 2.875], "texture": "#0"},
				"up": {"uv": [7.1875, 9.875, 7, 9.75], "texture": "#0"},
				"down": {"uv": [7.4375, 9.75, 7.25, 9.875], "texture": "#0"}
			}
		},
		{
			"from": [-0.1135, 22.25265, 6.88769],
			"to": [0.30775, 22.6104, 7.28519],
			"rotation": {"angle": 22.5, "axis": "x", "origin": [8.01656, 21.78237, 7.0749]},
			"faces": {
				"north": {"uv": [8, 9.75, 8.1875, 9.875], "texture": "#0"},
				"east": {"uv": [10, 3, 10.125, 3.125], "texture": "#0"},
				"south": {"uv": [8.25, 9.75, 8.4375, 9.875], "texture": "#0"},
				"west": {"uv": [10, 3.25, 10.125, 3.375], "texture": "#0"},
				"up": {"uv": [8.6875, 9.875, 8.5, 9.75], "texture": "#0"},
				"down": {"uv": [8.9375, 9.75, 8.75, 9.875], "texture": "#0"}
			}
		},
		{
			"from": [-4.36225, 20.4639, 6.49019],
			"to": [-3.766, 22.7104, 6.88769],
			"rotation": {"angle": 22.5, "axis": "x", "origin": [8.01656, 21.78237, 7.0749]},
			"faces": {
				"north": {"uv": [9.75, 2.5, 9.9375, 3.1875], "texture": "#0"},
				"east": {"uv": [5, 9.75, 5.125, 10.4375], "texture": "#0"},
				"south": {"uv": [3, 9.75, 3.1875, 10.4375], "texture": "#0"},
				"west": {"uv": [9.75, 5, 9.875, 5.6875], "texture": "#0"},
				"up": {"uv": [3.4375, 1.875, 3.25, 1.75], "texture": "#0"},
				"down": {"uv": [4.1875, 1.75, 4, 1.875], "texture": "#0"}
			}
		},
		{
			"from": [-4.28725, 22.25265, 6.88769],
			"to": [-3.866, 22.6104, 7.28519],
			"rotation": {"angle": 22.5, "axis": "x", "origin": [8.01656, 21.78237, 7.0749]},
			"faces": {
				"north": {"uv": [4, 2, 4.1875, 2.125], "texture": "#0"},
				"east": {"uv": [9, 9.75, 9.125, 9.875], "texture": "#0"},
				"south": {"uv": [3.5, 8, 3.6875, 8.125], "texture": "#0"},
				"west": {"uv": [9.25, 9.75, 9.375, 9.875], "texture": "#0"},
				"up": {"uv": [8.1875, 5.375, 8, 5.25], "texture": "#0"},
				"down": {"uv": [8.1875, 5.75, 8, 5.875], "texture": "#0"}
			}
		},
		{
			"from": [-4.28725, 20.5139, 6.88769],
			"to": [-3.866, 20.87165, 7.53519],
			"rotation": {"angle": 22.5, "axis": "x", "origin": [8.01656, 21.78237, 7.0749]},
			"faces": {
				"north": {"uv": [8.25, 1.5, 8.4375, 1.625], "texture": "#0"},
				"east": {"uv": [10, 1.5, 10.125, 1.625], "texture": "#0"},
				"south": {"uv": [8.75, 4, 8.9375, 4.125], "texture": "#0"},
				"west": {"uv": [10, 1.75, 10.125, 1.875], "texture": "#0"},
				"up": {"uv": [9.1875, 5.125, 9, 5], "texture": "#0"},
				"down": {"uv": [9.4375, 6.5, 9.25, 6.625], "texture": "#0"}
			}
		},
		{
			"from": [-6.818, 20.5139, 6.88769],
			"to": [-6.39675, 20.87165, 7.53519],
			"rotation": {"angle": 22.5, "axis": "x", "origin": [8.01656, 21.78237, 7.0749]},
			"faces": {
				"north": {"uv": [9.75, 6.25, 9.9375, 6.375], "texture": "#0"},
				"east": {"uv": [10, 2.5, 10.125, 2.625], "texture": "#0"},
				"south": {"uv": [6.75, 9.75, 6.9375, 9.875], "texture": "#0"},
				"west": {"uv": [10, 2.75, 10.125, 2.875], "texture": "#0"},
				"up": {"uv": [7.1875, 9.875, 7, 9.75], "texture": "#0"},
				"down": {"uv": [7.4375, 9.75, 7.25, 9.875], "texture": "#0"}
			}
		},
		{
			"from": [-6.893, 20.4639, 6.49019],
			"to": [-6.29675, 22.7104, 6.88769],
			"rotation": {"angle": 22.5, "axis": "x", "origin": [8.01656, 21.78237, 7.0749]},
			"faces": {
				"north": {"uv": [3.25, 9.75, 3.4375, 10.4375], "texture": "#0"},
				"east": {"uv": [5.25, 9.75, 5.375, 10.4375], "texture": "#0"},
				"south": {"uv": [9.75, 3.25, 9.9375, 3.9375], "texture": "#0"},
				"west": {"uv": [5.5, 9.75, 5.625, 10.4375], "texture": "#0"},
				"up": {"uv": [7.6875, 9.875, 7.5, 9.75], "texture": "#0"},
				"down": {"uv": [7.9375, 9.75, 7.75, 9.875], "texture": "#0"}
			}
		},
		{
			"from": [-6.818, 22.25265, 6.88769],
			"to": [-6.39675, 22.6104, 7.28519],
			"rotation": {"angle": 22.5, "axis": "x", "origin": [8.01656, 21.78237, 7.0749]},
			"faces": {
				"north": {"uv": [8, 9.75, 8.1875, 9.875], "texture": "#0"},
				"east": {"uv": [10, 3, 10.125, 3.125], "texture": "#0"},
				"south": {"uv": [8.25, 9.75, 8.4375, 9.875], "texture": "#0"},
				"west": {"uv": [10, 3.25, 10.125, 3.375], "texture": "#0"},
				"up": {"uv": [8.6875, 9.875, 8.5, 9.75], "texture": "#0"},
				"down": {"uv": [8.9375, 9.75, 8.75, 9.875], "texture": "#0"}
			}
		},
		{
			"from": [-11.06675, 20.4639, 6.49019],
			"to": [-10.4705, 22.7104, 6.88769],
			"rotation": {"angle": 22.5, "axis": "x", "origin": [8.01656, 21.78237, 7.0749]},
			"faces": {
				"north": {"uv": [9.75, 2.5, 9.9375, 3.1875], "texture": "#0"},
				"east": {"uv": [5, 9.75, 5.125, 10.4375], "texture": "#0"},
				"south": {"uv": [3, 9.75, 3.1875, 10.4375], "texture": "#0"},
				"west": {"uv": [9.75, 5, 9.875, 5.6875], "texture": "#0"},
				"up": {"uv": [3.4375, 1.875, 3.25, 1.75], "texture": "#0"},
				"down": {"uv": [4.1875, 1.75, 4, 1.875], "texture": "#0"}
			}
		},
		{
			"from": [-10.99175, 20.5139, 6.88769],
			"to": [-10.5705, 20.87165, 7.53519],
			"rotation": {"angle": 22.5, "axis": "x", "origin": [8.01656, 21.78237, 7.0749]},
			"faces": {
				"north": {"uv": [8.25, 1.5, 8.4375, 1.625], "texture": "#0"},
				"east": {"uv": [10, 1.5, 10.125, 1.625], "texture": "#0"},
				"south": {"uv": [8.75, 4, 8.9375, 4.125], "texture": "#0"},
				"west": {"uv": [10, 1.75, 10.125, 1.875], "texture": "#0"},
				"up": {"uv": [9.1875, 5.125, 9, 5], "texture": "#0"},
				"down": {"uv": [9.4375, 6.5, 9.25, 6.625], "texture": "#0"}
			}
		},
		{
			"from": [-10.99175, 22.25265, 6.88769],
			"to": [-10.5705, 22.6104, 7.28519],
			"rotation": {"angle": 22.5, "axis": "x", "origin": [8.01656, 21.78237, 7.0749]},
			"faces": {
				"north": {"uv": [4, 2, 4.1875, 2.125], "texture": "#0"},
				"east": {"uv": [9, 9.75, 9.125, 9.875], "texture": "#0"},
				"south": {"uv": [3.5, 8, 3.6875, 8.125], "texture": "#0"},
				"west": {"uv": [9.25, 9.75, 9.375, 9.875], "texture": "#0"},
				"up": {"uv": [8.1875, 5.375, 8, 5.25], "texture": "#0"},
				"down": {"uv": [8.1875, 5.75, 8, 5.875], "texture": "#0"}
			}
		},
		{
			"from": [2.31575, 20.4639, 6.49019],
			"to": [2.912, 22.7104, 6.88769],
			"rotation": {"angle": 22.5, "axis": "x", "origin": [8.01656, 21.78237, 7.0749]},
			"faces": {
				"north": {"uv": [9.75, 2.5, 9.9375, 3.1875], "texture": "#0"},
				"east": {"uv": [5, 9.75, 5.125, 10.4375], "texture": "#0"},
				"south": {"uv": [3, 9.75, 3.1875, 10.4375], "texture": "#0"},
				"west": {"uv": [9.75, 5, 9.875, 5.6875], "texture": "#0"},
				"up": {"uv": [3.4375, 1.875, 3.25, 1.75], "texture": "#0"},
				"down": {"uv": [4.1875, 1.75, 4, 1.875], "texture": "#0"}
			}
		},
		{
			"from": [2.39075, 20.5139, 6.88769],
			"to": [2.812, 20.87165, 7.53519],
			"rotation": {"angle": 22.5, "axis": "x", "origin": [8.01656, 21.78237, 7.0749]},
			"faces": {
				"north": {"uv": [8.25, 1.5, 8.4375, 1.625], "texture": "#0"},
				"east": {"uv": [10, 1.5, 10.125, 1.625], "texture": "#0"},
				"south": {"uv": [8.75, 4, 8.9375, 4.125], "texture": "#0"},
				"west": {"uv": [10, 1.75, 10.125, 1.875], "texture": "#0"},
				"up": {"uv": [9.1875, 5.125, 9, 5], "texture": "#0"},
				"down": {"uv": [9.4375, 6.5, 9.25, 6.625], "texture": "#0"}
			}
		},
		{
			"from": [2.39075, 22.25265, 6.88769],
			"to": [2.812, 22.6104, 7.28519],
			"rotation": {"angle": 22.5, "axis": "x", "origin": [8.01656, 21.78237, 7.0749]},
			"faces": {
				"north": {"uv": [4, 2, 4.1875, 2.125], "texture": "#0"},
				"east": {"uv": [9, 9.75, 9.125, 9.875], "texture": "#0"},
				"south": {"uv": [3.5, 8, 3.6875, 8.125], "texture": "#0"},
				"west": {"uv": [9.25, 9.75, 9.375, 9.875], "texture": "#0"},
				"up": {"uv": [8.1875, 5.375, 8, 5.25], "texture": "#0"},
				"down": {"uv": [8.1875, 5.75, 8, 5.875], "texture": "#0"}
			}
		},
		{
			"from": [6.4895, 20.4639, 6.49019],
			"to": [7.08575, 22.7104, 6.88769],
			"rotation": {"angle": 22.5, "axis": "x", "origin": [8.01656, 21.78237, 7.0749]},
			"faces": {
				"north": {"uv": [3.25, 9.75, 3.4375, 10.4375], "texture": "#0"},
				"east": {"uv": [5.25, 9.75, 5.375, 10.4375], "texture": "#0"},
				"south": {"uv": [9.75, 3.25, 9.9375, 3.9375], "texture": "#0"},
				"west": {"uv": [5.5, 9.75, 5.625, 10.4375], "texture": "#0"},
				"up": {"uv": [7.6875, 9.875, 7.5, 9.75], "texture": "#0"},
				"down": {"uv": [7.9375, 9.75, 7.75, 9.875], "texture": "#0"}
			}
		},
		{
			"from": [6.5645, 20.5139, 6.88769],
			"to": [6.98575, 20.87165, 7.53519],
			"rotation": {"angle": 22.5, "axis": "x", "origin": [8.01656, 21.78237, 7.0749]},
			"faces": {
				"north": {"uv": [9.75, 6.25, 9.9375, 6.375], "texture": "#0"},
				"east": {"uv": [10, 2.5, 10.125, 2.625], "texture": "#0"},
				"south": {"uv": [6.75, 9.75, 6.9375, 9.875], "texture": "#0"},
				"west": {"uv": [10, 2.75, 10.125, 2.875], "texture": "#0"},
				"up": {"uv": [7.1875, 9.875, 7, 9.75], "texture": "#0"},
				"down": {"uv": [7.4375, 9.75, 7.25, 9.875], "texture": "#0"}
			}
		},
		{
			"from": [6.5645, 22.25265, 6.88769],
			"to": [6.98575, 22.6104, 7.28519],
			"rotation": {"angle": 22.5, "axis": "x", "origin": [8.01656, 21.78237, 7.0749]},
			"faces": {
				"north": {"uv": [8, 9.75, 8.1875, 9.875], "texture": "#0"},
				"east": {"uv": [10, 3, 10.125, 3.125], "texture": "#0"},
				"south": {"uv": [8.25, 9.75, 8.4375, 9.875], "texture": "#0"},
				"west": {"uv": [10, 3.25, 10.125, 3.375], "texture": "#0"},
				"up": {"uv": [8.6875, 9.875, 8.5, 9.75], "texture": "#0"},
				"down": {"uv": [8.9375, 9.75, 8.75, 9.875], "texture": "#0"}
			}
		},
		{
			"from": [8.954, 20.4639, 6.49019],
			"to": [9.55025, 22.7104, 6.88769],
			"rotation": {"angle": 22.5, "axis": "x", "origin": [8.01656, 21.78237, 7.0749]},
			"faces": {
				"north": {"uv": [9.75, 2.5, 9.9375, 3.1875], "texture": "#0"},
				"east": {"uv": [5, 9.75, 5.125, 10.4375], "texture": "#0"},
				"south": {"uv": [3, 9.75, 3.1875, 10.4375], "texture": "#0"},
				"west": {"uv": [9.75, 5, 9.875, 5.6875], "texture": "#0"},
				"up": {"uv": [3.4375, 1.875, 3.25, 1.75], "texture": "#0"},
				"down": {"uv": [4.1875, 1.75, 4, 1.875], "texture": "#0"}
			}
		},
		{
			"from": [9.029, 22.25265, 6.88769],
			"to": [9.45025, 22.6104, 7.28519],
			"rotation": {"angle": 22.5, "axis": "x", "origin": [8.01656, 21.78237, 7.0749]},
			"faces": {
				"north": {"uv": [4, 2, 4.1875, 2.125], "texture": "#0"},
				"east": {"uv": [9, 9.75, 9.125, 9.875], "texture": "#0"},
				"south": {"uv": [3.5, 8, 3.6875, 8.125], "texture": "#0"},
				"west": {"uv": [9.25, 9.75, 9.375, 9.875], "texture": "#0"},
				"up": {"uv": [8.1875, 5.375, 8, 5.25], "texture": "#0"},
				"down": {"uv": [8.1875, 5.75, 8, 5.875], "texture": "#0"}
			}
		},
		{
			"from": [9.029, 20.5139, 6.88769],
			"to": [9.45025, 20.87165, 7.53519],
			"rotation": {"angle": 22.5, "axis": "x", "origin": [8.01656, 21.78237, 7.0749]},
			"faces": {
				"north": {"uv": [8.25, 1.5, 8.4375, 1.625], "texture": "#0"},
				"east": {"uv": [10, 1.5, 10.125, 1.625], "texture": "#0"},
				"south": {"uv": [8.75, 4, 8.9375, 4.125], "texture": "#0"},
				"west": {"uv": [10, 1.75, 10.125, 1.875], "texture": "#0"},
				"up": {"uv": [9.1875, 5.125, 9, 5], "texture": "#0"},
				"down": {"uv": [9.4375, 6.5, 9.25, 6.625], "texture": "#0"}
			}
		},
		{
			"from": [13.12775, 20.4639, 6.49019],
			"to": [13.724, 22.7104, 6.88769],
			"rotation": {"angle": 22.5, "axis": "x", "origin": [8.01656, 21.78237, 7.0749]},
			"faces": {
				"north": {"uv": [3.25, 9.75, 3.4375, 10.4375], "texture": "#0"},
				"east": {"uv": [5.25, 9.75, 5.375, 10.4375], "texture": "#0"},
				"south": {"uv": [9.75, 3.25, 9.9375, 3.9375], "texture": "#0"},
				"west": {"uv": [5.5, 9.75, 5.625, 10.4375], "texture": "#0"},
				"up": {"uv": [7.6875, 9.875, 7.5, 9.75], "texture": "#0"},
				"down": {"uv": [7.9375, 9.75, 7.75, 9.875], "texture": "#0"}
			}
		},
		{
			"from": [13.20275, 20.5139, 6.88769],
			"to": [13.624, 20.87165, 7.53519],
			"rotation": {"angle": 22.5, "axis": "x", "origin": [8.01656, 21.78237, 7.0749]},
			"faces": {
				"north": {"uv": [9.75, 6.25, 9.9375, 6.375], "texture": "#0"},
				"east": {"uv": [10, 2.5, 10.125, 2.625], "texture": "#0"},
				"south": {"uv": [6.75, 9.75, 6.9375, 9.875], "texture": "#0"},
				"west": {"uv": [10, 2.75, 10.125, 2.875], "texture": "#0"},
				"up": {"uv": [7.1875, 9.875, 7, 9.75], "texture": "#0"},
				"down": {"uv": [7.4375, 9.75, 7.25, 9.875], "texture": "#0"}
			}
		},
		{
			"from": [13.20275, 22.25265, 6.88769],
			"to": [13.624, 22.6104, 7.28519],
			"rotation": {"angle": 22.5, "axis": "x", "origin": [8.01656, 21.78237, 7.0749]},
			"faces": {
				"north": {"uv": [8, 9.75, 8.1875, 9.875], "texture": "#0"},
				"east": {"uv": [10, 3, 10.125, 3.125], "texture": "#0"},
				"south": {"uv": [8.25, 9.75, 8.4375, 9.875], "texture": "#0"},
				"west": {"uv": [10, 3.25, 10.125, 3.375], "texture": "#0"},
				"up": {"uv": [8.6875, 9.875, 8.5, 9.75], "texture": "#0"},
				"down": {"uv": [8.9375, 9.75, 8.75, 9.875], "texture": "#0"}
			}
		},
		{
			"from": [15.61213, 20.4639, 6.49019],
			"to": [16.20838, 22.7104, 6.88769],
			"rotation": {"angle": 22.5, "axis": "x", "origin": [8.01656, 21.78237, 7.0749]},
			"faces": {
				"north": {"uv": [9.75, 2.5, 9.9375, 3.1875], "texture": "#0"},
				"east": {"uv": [5, 9.75, 5.125, 10.4375], "texture": "#0"},
				"south": {"uv": [3, 9.75, 3.1875, 10.4375], "texture": "#0"},
				"west": {"uv": [9.75, 5, 9.875, 5.6875], "texture": "#0"},
				"up": {"uv": [3.4375, 1.875, 3.25, 1.75], "texture": "#0"},
				"down": {"uv": [4.1875, 1.75, 4, 1.875], "texture": "#0"}
			}
		},
		{
			"from": [15.68713, 22.25265, 6.88769],
			"to": [16.10838, 22.6104, 7.28519],
			"rotation": {"angle": 22.5, "axis": "x", "origin": [8.01656, 21.78237, 7.0749]},
			"faces": {
				"north": {"uv": [4, 2, 4.1875, 2.125], "texture": "#0"},
				"east": {"uv": [9, 9.75, 9.125, 9.875], "texture": "#0"},
				"south": {"uv": [3.5, 8, 3.6875, 8.125], "texture": "#0"},
				"west": {"uv": [9.25, 9.75, 9.375, 9.875], "texture": "#0"},
				"up": {"uv": [8.1875, 5.375, 8, 5.25], "texture": "#0"},
				"down": {"uv": [8.1875, 5.75, 8, 5.875], "texture": "#0"}
			}
		},
		{
			"from": [15.68713, 20.5139, 6.88769],
			"to": [16.10838, 20.87165, 7.53519],
			"rotation": {"angle": 22.5, "axis": "x", "origin": [8.01656, 21.78237, 7.0749]},
			"faces": {
				"north": {"uv": [8.25, 1.5, 8.4375, 1.625], "texture": "#0"},
				"east": {"uv": [10, 1.5, 10.125, 1.625], "texture": "#0"},
				"south": {"uv": [8.75, 4, 8.9375, 4.125], "texture": "#0"},
				"west": {"uv": [10, 1.75, 10.125, 1.875], "texture": "#0"},
				"up": {"uv": [9.1875, 5.125, 9, 5], "texture": "#0"},
				"down": {"uv": [9.4375, 6.5, 9.25, 6.625], "texture": "#0"}
			}
		},
		{
			"from": [19.78587, 20.4639, 6.49019],
			"to": [20.38212, 22.7104, 6.88769],
			"rotation": {"angle": 22.5, "axis": "x", "origin": [8.01656, 21.78237, 7.0749]},
			"faces": {
				"north": {"uv": [3.25, 9.75, 3.4375, 10.4375], "texture": "#0"},
				"east": {"uv": [5.25, 9.75, 5.375, 10.4375], "texture": "#0"},
				"south": {"uv": [9.75, 3.25, 9.9375, 3.9375], "texture": "#0"},
				"west": {"uv": [5.5, 9.75, 5.625, 10.4375], "texture": "#0"},
				"up": {"uv": [7.6875, 9.875, 7.5, 9.75], "texture": "#0"},
				"down": {"uv": [7.9375, 9.75, 7.75, 9.875], "texture": "#0"}
			}
		},
		{
			"from": [19.86087, 20.5139, 6.88769],
			"to": [20.28212, 20.87165, 7.53519],
			"rotation": {"angle": 22.5, "axis": "x", "origin": [8.01656, 21.78237, 7.0749]},
			"faces": {
				"north": {"uv": [9.75, 6.25, 9.9375, 6.375], "texture": "#0"},
				"east": {"uv": [10, 2.5, 10.125, 2.625], "texture": "#0"},
				"south": {"uv": [6.75, 9.75, 6.9375, 9.875], "texture": "#0"},
				"west": {"uv": [10, 2.75, 10.125, 2.875], "texture": "#0"},
				"up": {"uv": [7.1875, 9.875, 7, 9.75], "texture": "#0"},
				"down": {"uv": [7.4375, 9.75, 7.25, 9.875], "texture": "#0"}
			}
		},
		{
			"from": [19.86087, 22.25265, 6.88769],
			"to": [20.28212, 22.6104, 7.28519],
			"rotation": {"angle": 22.5, "axis": "x", "origin": [8.01656, 21.78237, 7.0749]},
			"faces": {
				"north": {"uv": [8, 9.75, 8.1875, 9.875], "texture": "#0"},
				"east": {"uv": [10, 3, 10.125, 3.125], "texture": "#0"},
				"south": {"uv": [8.25, 9.75, 8.4375, 9.875], "texture": "#0"},
				"west": {"uv": [10, 3.25, 10.125, 3.375], "texture": "#0"},
				"up": {"uv": [8.6875, 9.875, 8.5, 9.75], "texture": "#0"},
				"down": {"uv": [8.9375, 9.75, 8.75, 9.875], "texture": "#0"}
			}
		},
		{
			"from": [22.32988, 20.4639, 6.49019],
			"to": [22.92613, 22.7104, 6.88769],
			"rotation": {"angle": 22.5, "axis": "x", "origin": [8.01656, 21.78237, 7.0749]},
			"faces": {
				"north": {"uv": [9.75, 2.5, 9.9375, 3.1875], "texture": "#0"},
				"east": {"uv": [5, 9.75, 5.125, 10.4375], "texture": "#0"},
				"south": {"uv": [3, 9.75, 3.1875, 10.4375], "texture": "#0"},
				"west": {"uv": [9.75, 5, 9.875, 5.6875], "texture": "#0"},
				"up": {"uv": [3.4375, 1.875, 3.25, 1.75], "texture": "#0"},
				"down": {"uv": [4.1875, 1.75, 4, 1.875], "texture": "#0"}
			}
		},
		{
			"from": [22.40488, 22.25265, 6.88769],
			"to": [22.82613, 22.6104, 7.28519],
			"rotation": {"angle": 22.5, "axis": "x", "origin": [8.01656, 21.78237, 7.0749]},
			"faces": {
				"north": {"uv": [4, 2, 4.1875, 2.125], "texture": "#0"},
				"east": {"uv": [9, 9.75, 9.125, 9.875], "texture": "#0"},
				"south": {"uv": [3.5, 8, 3.6875, 8.125], "texture": "#0"},
				"west": {"uv": [9.25, 9.75, 9.375, 9.875], "texture": "#0"},
				"up": {"uv": [8.1875, 5.375, 8, 5.25], "texture": "#0"},
				"down": {"uv": [8.1875, 5.75, 8, 5.875], "texture": "#0"}
			}
		},
		{
			"from": [22.40488, 20.5139, 6.88769],
			"to": [22.82613, 20.87165, 7.53519],
			"rotation": {"angle": 22.5, "axis": "x", "origin": [8.01656, 21.78237, 7.0749]},
			"faces": {
				"north": {"uv": [8.25, 1.5, 8.4375, 1.625], "texture": "#0"},
				"east": {"uv": [10, 1.5, 10.125, 1.625], "texture": "#0"},
				"south": {"uv": [8.75, 4, 8.9375, 4.125], "texture": "#0"},
				"west": {"uv": [10, 1.75, 10.125, 1.875], "texture": "#0"},
				"up": {"uv": [9.1875, 5.125, 9, 5], "texture": "#0"},
				"down": {"uv": [9.4375, 6.5, 9.25, 6.625], "texture": "#0"}
			}
		},
		{
			"from": [26.50362, 20.4639, 6.49019],
			"to": [27.09987, 22.7104, 6.88769],
			"rotation": {"angle": 22.5, "axis": "x", "origin": [8.01656, 21.78237, 7.0749]},
			"faces": {
				"north": {"uv": [3.25, 9.75, 3.4375, 10.4375], "texture": "#0"},
				"east": {"uv": [5.25, 9.75, 5.375, 10.4375], "texture": "#0"},
				"south": {"uv": [9.75, 3.25, 9.9375, 3.9375], "texture": "#0"},
				"west": {"uv": [5.5, 9.75, 5.625, 10.4375], "texture": "#0"},
				"up": {"uv": [7.6875, 9.875, 7.5, 9.75], "texture": "#0"},
				"down": {"uv": [7.9375, 9.75, 7.75, 9.875], "texture": "#0"}
			}
		},
		{
			"from": [26.57862, 20.5139, 6.88769],
			"to": [26.99987, 20.87165, 7.53519],
			"rotation": {"angle": 22.5, "axis": "x", "origin": [8.01656, 21.78237, 7.0749]},
			"faces": {
				"north": {"uv": [9.75, 6.25, 9.9375, 6.375], "texture": "#0"},
				"east": {"uv": [10, 2.5, 10.125, 2.625], "texture": "#0"},
				"south": {"uv": [6.75, 9.75, 6.9375, 9.875], "texture": "#0"},
				"west": {"uv": [10, 2.75, 10.125, 2.875], "texture": "#0"},
				"up": {"uv": [7.1875, 9.875, 7, 9.75], "texture": "#0"},
				"down": {"uv": [7.4375, 9.75, 7.25, 9.875], "texture": "#0"}
			}
		},
		{
			"from": [26.57862, 22.25265, 6.88769],
			"to": [26.99987, 22.6104, 7.28519],
			"rotation": {"angle": 22.5, "axis": "x", "origin": [8.01656, 21.78237, 7.0749]},
			"faces": {
				"north": {"uv": [8, 9.75, 8.1875, 9.875], "texture": "#0"},
				"east": {"uv": [10, 3, 10.125, 3.125], "texture": "#0"},
				"south": {"uv": [8.25, 9.75, 8.4375, 9.875], "texture": "#0"},
				"west": {"uv": [10, 3.25, 10.125, 3.375], "texture": "#0"},
				"up": {"uv": [8.6875, 9.875, 8.5, 9.75], "texture": "#0"},
				"down": {"uv": [8.9375, 9.75, 8.75, 9.875], "texture": "#0"}
			}
		},
		{
			"from": [21.93237, 19.80656, 6.82879],
			"to": [23.32363, 21.15806, 8.22004],
			"rotation": {"angle": 0, "axis": "x", "origin": [22.628, 20.68106, 7.52442]},
			"faces": {
				"north": {"uv": [6, 8.25, 6.4375, 8.6875], "texture": "#0"},
				"east": {"uv": [8.25, 6.25, 8.6875, 6.6875], "texture": "#0"},
				"south": {"uv": [6.5, 8.25, 6.9375, 8.6875], "texture": "#0"},
				"west": {"uv": [7, 8.25, 7.4375, 8.6875], "texture": "#0"},
				"up": {"uv": [7.9375, 8.6875, 7.5, 8.25], "texture": "#0"},
				"down": {"uv": [8.9375, 1.5, 8.5, 1.9375], "texture": "#0"}
			}
		},
		{
			"from": [22.06196, 18.75758, 6.82879],
			"to": [23.45321, 20.10908, 8.22004],
			"rotation": {"angle": 22.5, "axis": "z", "origin": [22.75759, 19.63208, 7.52442]},
			"faces": {
				"north": {"uv": [8.5, 4.25, 8.9375, 4.6875], "texture": "#0"},
				"east": {"uv": [8.5, 4.75, 8.9375, 5.1875], "texture": "#0"},
				"south": {"uv": [8.5, 6.75, 8.9375, 7.1875], "texture": "#0"},
				"west": {"uv": [8.5, 7.25, 8.9375, 7.6875], "texture": "#0"},
				"up": {"uv": [8.9375, 8.1875, 8.5, 7.75], "texture": "#0"},
				"down": {"uv": [8.9375, 8.25, 8.5, 8.6875], "texture": "#0"}
			}
		},
		{
			"from": [22.58312, 18.23553, 6.82879],
			"to": [23.97437, 19.18953, 8.22004],
			"rotation": {"angle": 45, "axis": "z", "origin": [23.27874, 18.71253, 7.52442]},
			"faces": {
				"north": {"uv": [6, 9.25, 6.4375, 9.5625], "texture": "#0"},
				"east": {"uv": [9.25, 6, 9.6875, 6.3125], "texture": "#0"},
				"south": {"uv": [6.5, 9.25, 6.9375, 9.5625], "texture": "#0"},
				"west": {"uv": [7, 9.25, 7.4375, 9.5625], "texture": "#0"},
				"up": {"uv": [9.1875, 0.4375, 8.75, 0], "texture": "#0"},
				"down": {"uv": [9.1875, 0.5, 8.75, 0.9375], "texture": "#0"}
			}
		},
		{
			"from": [23.35405, 17.64787, 6.82879],
			"to": [24.30805, 19.03912, 8.22004],
			"rotation": {"angle": -22.5, "axis": "z", "origin": [23.83105, 18.34349, 7.52442]},
			"faces": {
				"north": {"uv": [7.5, 9.25, 7.8125, 9.6875], "texture": "#0"},
				"east": {"uv": [8.75, 1, 9.1875, 1.4375], "texture": "#0"},
				"south": {"uv": [8, 9.25, 8.3125, 9.6875], "texture": "#0"},
				"west": {"uv": [1.5, 8.75, 1.9375, 9.1875], "texture": "#0"},
				"up": {"uv": [8.8125, 9.6875, 8.5, 9.25], "texture": "#0"},
				"down": {"uv": [9.3125, 9.25, 9, 9.6875], "texture": "#0"}
			}
		},
		{
			"from": [25.1217, 17.64787, 6.82879],
			"to": [26.0757, 19.03912, 8.22004],
			"rotation": {"angle": 22.5, "axis": "z", "origin": [25.5987, 18.34349, 7.52442]},
			"faces": {
				"north": {"uv": [9.5, 1.5, 9.8125, 1.9375], "texture": "#0"},
				"east": {"uv": [8.75, 2, 9.1875, 2.4375], "texture": "#0"},
				"south": {"uv": [9.5, 4, 9.8125, 4.4375], "texture": "#0"},
				"west": {"uv": [8.75, 2.5, 9.1875, 2.9375], "texture": "#0"},
				"up": {"uv": [9.8125, 4.9375, 9.5, 4.5], "texture": "#0"},
				"down": {"uv": [9.8125, 6.5, 9.5, 6.9375], "texture": "#0"}
			}
		},
		{
			"from": [25.45538, 18.23553, 6.82879],
			"to": [26.84663, 19.18953, 8.22004],
			"rotation": {"angle": -45, "axis": "z", "origin": [26.15101, 18.71253, 7.52442]},
			"faces": {
				"north": {"uv": [9.5, 7, 9.9375, 7.3125], "texture": "#0"},
				"east": {"uv": [9.5, 7.5, 9.9375, 7.8125], "texture": "#0"},
				"south": {"uv": [9.5, 8, 9.9375, 8.3125], "texture": "#0"},
				"west": {"uv": [9.5, 8.5, 9.9375, 8.8125], "texture": "#0"},
				"up": {"uv": [9.1875, 3.4375, 8.75, 3], "texture": "#0"},
				"down": {"uv": [9.1875, 3.5, 8.75, 3.9375], "texture": "#0"}
			}
		},
		{
			"from": [23.98566, 17.51828, 6.82879],
			"to": [25.41666, 18.90953, 8.22004],
			"rotation": {"angle": 0, "axis": "z", "origin": [24.08503, 18.2139, 7.52442]},
			"faces": {
				"north": {"uv": [4, 8.75, 4.4375, 9.1875], "texture": "#0"},
				"east": {"uv": [4.5, 8.75, 4.9375, 9.1875], "texture": "#0"},
				"south": {"uv": [5, 8.75, 5.4375, 9.1875], "texture": "#0"},
				"west": {"uv": [8.75, 5.25, 9.1875, 5.6875], "texture": "#0"},
				"up": {"uv": [5.9375, 9.1875, 5.5, 8.75], "texture": "#0"},
				"down": {"uv": [9.1875, 5.75, 8.75, 6.1875], "texture": "#0"}
			}
		},
		{
			"from": [26.10612, 20.71939, 7.64291],
			"to": [27.49737, 23.46214, 9.03416],
			"rotation": {"angle": 22.5, "axis": "x", "origin": [26.80175, 22.98514, 8.33853]},
			"faces": {
				"north": {"uv": [8.25, 0, 8.6875, 0.875], "texture": "#0"},
				"east": {"uv": [0.5, 8.25, 0.9375, 9.125], "texture": "#0"},
				"south": {"uv": [1, 8.25, 1.4375, 9.125], "texture": "#0"},
				"west": {"uv": [3.5, 8.25, 3.9375, 9.125], "texture": "#0"},
				"up": {"uv": [6.4375, 9.1875, 6, 8.75], "texture": "#0"},
				"down": {"uv": [9.1875, 6.25, 8.75, 6.6875], "texture": "#0"}
			}
		},
		{
			"from": [26.10612, 22.84182, 8.23057],
			"to": [27.49737, 24.23307, 9.18457],
			"rotation": {"angle": -45, "axis": "x", "origin": [27.0005, 23.53744, 8.70757]},
			"faces": {
				"north": {"uv": [6.5, 8.75, 6.9375, 9.1875], "texture": "#0"},
				"east": {"uv": [9.5, 9, 9.8125, 9.4375], "texture": "#0"},
				"south": {"uv": [7, 8.75, 7.4375, 9.1875], "texture": "#0"},
				"west": {"uv": [9.5, 9.5, 9.8125, 9.9375], "texture": "#0"},
				"up": {"uv": [0.4375, 10.0625, 0, 9.75], "texture": "#0"},
				"down": {"uv": [10.1875, 0, 9.75, 0.3125], "texture": "#0"}
			}
		},
		{
			"from": [26.10612, 19.80656, 6.82879],
			"to": [27.49737, 21.15806, 8.22004],
			"rotation": {"angle": 0, "axis": "x", "origin": [26.80175, 20.68106, 7.52442]},
			"faces": {
				"north": {"uv": [7.5, 8.75, 7.9375, 9.1875], "texture": "#0"},
				"east": {"uv": [8, 8.75, 8.4375, 9.1875], "texture": "#0"},
				"south": {"uv": [8.5, 8.75, 8.9375, 9.1875], "texture": "#0"},
				"west": {"uv": [9, 1.5, 9.4375, 1.9375], "texture": "#0"},
				"up": {"uv": [9.4375, 4.4375, 9, 4], "texture": "#0"},
				"down": {"uv": [9.4375, 4.5, 9, 4.9375], "texture": "#0"}
			}
		},
		{
			"from": [25.97654, 18.75758, 6.82879],
			"to": [27.36779, 20.10908, 8.22004],
			"rotation": {"angle": -22.5, "axis": "z", "origin": [26.67216, 19.63208, 7.52442]},
			"faces": {
				"north": {"uv": [9, 6.75, 9.4375, 7.1875], "texture": "#0"},
				"east": {"uv": [9, 7.25, 9.4375, 7.6875], "texture": "#0"},
				"south": {"uv": [9, 7.75, 9.4375, 8.1875], "texture": "#0"},
				"west": {"uv": [9, 8.25, 9.4375, 8.6875], "texture": "#0"},
				"up": {"uv": [9.4375, 9.1875, 9, 8.75], "texture": "#0"},
				"down": {"uv": [0.4375, 9.25, 0, 9.6875], "texture": "#0"}
			}
		},
		{
			"from": [26.10612, 23.21085, 8.78287],
			"to": [27.49737, 24.6021, 9.73687],
			"rotation": {"angle": -22.5, "axis": "x", "origin": [27.0005, 23.90648, 9.25987]},
			"faces": {
				"north": {"uv": [9.25, 0, 9.6875, 0.4375], "texture": "#0"},
				"east": {"uv": [0.5, 9.75, 0.8125, 10.1875], "texture": "#0"},
				"south": {"uv": [0.5, 9.25, 0.9375, 9.6875], "texture": "#0"},
				"west": {"uv": [9.75, 0.5, 10.0625, 0.9375], "texture": "#0"},
				"up": {"uv": [1.4375, 10.0625, 1, 9.75], "texture": "#0"},
				"down": {"uv": [10.1875, 1, 9.75, 1.3125], "texture": "#0"}
			}
		},
		{
			"from": [26.10612, 23.34044, 9.43436],
			"to": [27.49737, 24.73169, 10.38836],
			"rotation": {"angle": 0, "axis": "y", "origin": [17.55988, 2.19344, 1.84211]},
			"faces": {
				"north": {"uv": [9.25, 0.5, 9.6875, 0.9375], "texture": "#0"},
				"east": {"uv": [1.5, 9.75, 1.8125, 10.1875], "texture": "#0"},
				"south": {"uv": [1, 9.25, 1.4375, 9.6875], "texture": "#0"},
				"west": {"uv": [2, 9.75, 2.3125, 10.1875], "texture": "#0"},
				"up": {"uv": [10.1875, 2.3125, 9.75, 2], "texture": "#0"},
				"down": {"uv": [2.9375, 9.75, 2.5, 10.0625], "texture": "#0"}
			}
		},
		{
			"from": [19.50762, 23.65844, 10.38836],
			"to": [20.58087, 24.45344, 11.97836],
			"rotation": {"angle": 0, "axis": "y", "origin": [10.84213, 2.19344, 1.84211]},
			"faces": {
				"north": {"uv": [5.75, 9.75, 6.0625, 10], "texture": "#0"},
				"east": {"uv": [8.25, 3, 8.75, 3.25], "texture": "#0"},
				"south": {"uv": [9.75, 5.75, 10.0625, 6], "texture": "#0"},
				"west": {"uv": [3.5, 9.75, 4, 10], "texture": "#0"},
				"up": {"uv": [9.5625, 1.5, 9.25, 1], "texture": "#0"},
				"down": {"uv": [1.8125, 9.25, 1.5, 9.75], "texture": "#0"}
			}
		},
		{
			"from": [15.41338, 23.65844, 10.38836],
			"to": [16.48663, 24.45344, 11.97836],
			"rotation": {"angle": 0, "axis": "y", "origin": [25.15212, 2.19344, 1.84211]},
			"faces": {
				"north": {"uv": [9.75, 6, 10.0625, 6.25], "texture": "#0"},
				"east": {"uv": [4, 9.75, 4.5, 10], "texture": "#0"},
				"south": {"uv": [6.25, 9.75, 6.5625, 10], "texture": "#0"},
				"west": {"uv": [4.5, 9.75, 5, 10], "texture": "#0"},
				"up": {"uv": [2.3125, 9.75, 2, 9.25], "texture": "#0"},
				"down": {"uv": [9.5625, 2, 9.25, 2.5], "texture": "#0"}
			}
		},
		{
			"from": [15.21462, 23.34044, 9.43436],
			"to": [16.60588, 24.73169, 10.38836],
			"rotation": {"angle": 0, "axis": "y", "origin": [25.15212, 2.19344, 1.84211]},
			"faces": {
				"north": {"uv": [3.5, 1.75, 3.9375, 2.1875], "texture": "#0"},
				"east": {"uv": [2.5, 9.25, 2.8125, 9.6875], "texture": "#0"},
				"south": {"uv": [8.25, 1, 8.6875, 1.4375], "texture": "#0"},
				"west": {"uv": [9.25, 2.5, 9.5625, 2.9375], "texture": "#0"},
				"up": {"uv": [3.4375, 9.5625, 3, 9.25], "texture": "#0"},
				"down": {"uv": [9.6875, 3, 9.25, 3.3125], "texture": "#0"}
			}
		},
		{
			"from": [15.21462, 23.21085, 8.78287],
			"to": [16.60588, 24.6021, 9.73687],
			"rotation": {"angle": -22.5, "axis": "x", "origin": [15.7115, 23.90648, 9.25987]},
			"faces": {
				"north": {"uv": [4, 8.25, 4.4375, 8.6875], "texture": "#0"},
				"east": {"uv": [3.5, 9.25, 3.8125, 9.6875], "texture": "#0"},
				"south": {"uv": [4.5, 8.25, 4.9375, 8.6875], "texture": "#0"},
				"west": {"uv": [9.25, 3.5, 9.5625, 3.9375], "texture": "#0"},
				"up": {"uv": [4.4375, 9.5625, 4, 9.25], "texture": "#0"},
				"down": {"uv": [4.9375, 9.25, 4.5, 9.5625], "texture": "#0"}
			}
		},
		{
			"from": [15.21462, 22.84182, 8.23057],
			"to": [16.60588, 24.23307, 9.18457],
			"rotation": {"angle": -45, "axis": "x", "origin": [15.7115, 23.53744, 8.70757]},
			"faces": {
				"north": {"uv": [5, 8.25, 5.4375, 8.6875], "texture": "#0"},
				"east": {"uv": [5, 9.25, 5.3125, 9.6875], "texture": "#0"},
				"south": {"uv": [8.25, 5.25, 8.6875, 5.6875], "texture": "#0"},
				"west": {"uv": [9.25, 5, 9.5625, 5.4375], "texture": "#0"},
				"up": {"uv": [5.9375, 9.5625, 5.5, 9.25], "texture": "#0"},
				"down": {"uv": [9.6875, 5.5, 9.25, 5.8125], "texture": "#0"}
			}
		},
		{
			"from": [15.21462, 20.71939, 7.64291],
			"to": [16.60588, 23.46214, 9.03416],
			"rotation": {"angle": 22.5, "axis": "x", "origin": [15.91025, 22.98514, 8.33853]},
			"faces": {
				"north": {"uv": [8, 4.25, 8.4375, 5.125], "texture": "#0"},
				"east": {"uv": [8, 6.75, 8.4375, 7.625], "texture": "#0"},
				"south": {"uv": [8, 7.75, 8.4375, 8.625], "texture": "#0"},
				"west": {"uv": [0, 8.25, 0.4375, 9.125], "texture": "#0"},
				"up": {"uv": [5.9375, 8.6875, 5.5, 8.25], "texture": "#0"},
				"down": {"uv": [8.6875, 5.75, 8.25, 6.1875], "texture": "#0"}
			}
		},
		{
			"from": [15.21462, 19.80656, 6.82879],
			"to": [16.60588, 21.15806, 8.22004],
			"rotation": {"angle": 0, "axis": "x", "origin": [15.91025, 20.68106, 7.52442]},
			"faces": {
				"north": {"uv": [6, 8.25, 6.4375, 8.6875], "texture": "#0"},
				"east": {"uv": [8.25, 6.25, 8.6875, 6.6875], "texture": "#0"},
				"south": {"uv": [6.5, 8.25, 6.9375, 8.6875], "texture": "#0"},
				"west": {"uv": [7, 8.25, 7.4375, 8.6875], "texture": "#0"},
				"up": {"uv": [7.9375, 8.6875, 7.5, 8.25], "texture": "#0"},
				"down": {"uv": [8.9375, 1.5, 8.5, 1.9375], "texture": "#0"}
			}
		},
		{
			"from": [15.34421, 18.75758, 6.82879],
			"to": [16.73546, 20.10908, 8.22004],
			"rotation": {"angle": 22.5, "axis": "z", "origin": [16.03984, 19.63208, 7.52442]},
			"faces": {
				"north": {"uv": [8.5, 4.25, 8.9375, 4.6875], "texture": "#0"},
				"east": {"uv": [8.5, 4.75, 8.9375, 5.1875], "texture": "#0"},
				"south": {"uv": [8.5, 6.75, 8.9375, 7.1875], "texture": "#0"},
				"west": {"uv": [8.5, 7.25, 8.9375, 7.6875], "texture": "#0"},
				"up": {"uv": [8.9375, 8.1875, 8.5, 7.75], "texture": "#0"},
				"down": {"uv": [8.9375, 8.25, 8.5, 8.6875], "texture": "#0"}
			}
		},
		{
			"from": [15.86537, 18.23553, 6.82879],
			"to": [17.25662, 19.18953, 8.22004],
			"rotation": {"angle": 45, "axis": "z", "origin": [16.56099, 18.71253, 7.52442]},
			"faces": {
				"north": {"uv": [6, 9.25, 6.4375, 9.5625], "texture": "#0"},
				"east": {"uv": [9.25, 6, 9.6875, 6.3125], "texture": "#0"},
				"south": {"uv": [6.5, 9.25, 6.9375, 9.5625], "texture": "#0"},
				"west": {"uv": [7, 9.25, 7.4375, 9.5625], "texture": "#0"},
				"up": {"uv": [9.1875, 0.4375, 8.75, 0], "texture": "#0"},
				"down": {"uv": [9.1875, 0.5, 8.75, 0.9375], "texture": "#0"}
			}
		},
		{
			"from": [16.6363, 17.64787, 6.82879],
			"to": [17.5903, 19.03912, 8.22004],
			"rotation": {"angle": -22.5, "axis": "z", "origin": [17.1133, 18.34349, 7.52442]},
			"faces": {
				"north": {"uv": [7.5, 9.25, 7.8125, 9.6875], "texture": "#0"},
				"east": {"uv": [8.75, 1, 9.1875, 1.4375], "texture": "#0"},
				"south": {"uv": [8, 9.25, 8.3125, 9.6875], "texture": "#0"},
				"west": {"uv": [1.5, 8.75, 1.9375, 9.1875], "texture": "#0"},
				"up": {"uv": [8.8125, 9.6875, 8.5, 9.25], "texture": "#0"},
				"down": {"uv": [9.3125, 9.25, 9, 9.6875], "texture": "#0"}
			}
		},
		{
			"from": [18.40395, 17.64787, 6.82879],
			"to": [19.35795, 19.03912, 8.22004],
			"rotation": {"angle": 22.5, "axis": "z", "origin": [18.88095, 18.34349, 7.52442]},
			"faces": {
				"north": {"uv": [9.5, 1.5, 9.8125, 1.9375], "texture": "#0"},
				"east": {"uv": [8.75, 2, 9.1875, 2.4375], "texture": "#0"},
				"south": {"uv": [9.5, 4, 9.8125, 4.4375], "texture": "#0"},
				"west": {"uv": [8.75, 2.5, 9.1875, 2.9375], "texture": "#0"},
				"up": {"uv": [9.8125, 4.9375, 9.5, 4.5], "texture": "#0"},
				"down": {"uv": [9.8125, 6.5, 9.5, 6.9375], "texture": "#0"}
			}
		},
		{
			"from": [18.73763, 18.23553, 6.82879],
			"to": [20.12888, 19.18953, 8.22004],
			"rotation": {"angle": -45, "axis": "z", "origin": [19.43326, 18.71253, 7.52442]},
			"faces": {
				"north": {"uv": [9.5, 7, 9.9375, 7.3125], "texture": "#0"},
				"east": {"uv": [9.5, 7.5, 9.9375, 7.8125], "texture": "#0"},
				"south": {"uv": [9.5, 8, 9.9375, 8.3125], "texture": "#0"},
				"west": {"uv": [9.5, 8.5, 9.9375, 8.8125], "texture": "#0"},
				"up": {"uv": [9.1875, 3.4375, 8.75, 3], "texture": "#0"},
				"down": {"uv": [9.1875, 3.5, 8.75, 3.9375], "texture": "#0"}
			}
		},
		{
			"from": [17.26791, 17.51828, 6.82879],
			"to": [18.69891, 18.90953, 8.22004],
			"rotation": {"angle": 0, "axis": "z", "origin": [17.36728, 18.2139, 7.52442]},
			"faces": {
				"north": {"uv": [4, 8.75, 4.4375, 9.1875], "texture": "#0"},
				"east": {"uv": [4.5, 8.75, 4.9375, 9.1875], "texture": "#0"},
				"south": {"uv": [5, 8.75, 5.4375, 9.1875], "texture": "#0"},
				"west": {"uv": [8.75, 5.25, 9.1875, 5.6875], "texture": "#0"},
				"up": {"uv": [5.9375, 9.1875, 5.5, 8.75], "texture": "#0"},
				"down": {"uv": [9.1875, 5.75, 8.75, 6.1875], "texture": "#0"}
			}
		},
		{
			"from": [19.38837, 20.71939, 7.64291],
			"to": [20.77962, 23.46214, 9.03416],
			"rotation": {"angle": 22.5, "axis": "x", "origin": [20.084, 22.98514, 8.33853]},
			"faces": {
				"north": {"uv": [8.25, 0, 8.6875, 0.875], "texture": "#0"},
				"east": {"uv": [0.5, 8.25, 0.9375, 9.125], "texture": "#0"},
				"south": {"uv": [1, 8.25, 1.4375, 9.125], "texture": "#0"},
				"west": {"uv": [3.5, 8.25, 3.9375, 9.125], "texture": "#0"},
				"up": {"uv": [6.4375, 9.1875, 6, 8.75], "texture": "#0"},
				"down": {"uv": [9.1875, 6.25, 8.75, 6.6875], "texture": "#0"}
			}
		},
		{
			"from": [19.38837, 22.84182, 8.23057],
			"to": [20.77962, 24.23307, 9.18457],
			"rotation": {"angle": -45, "axis": "x", "origin": [20.28275, 23.53744, 8.70757]},
			"faces": {
				"north": {"uv": [6.5, 8.75, 6.9375, 9.1875], "texture": "#0"},
				"east": {"uv": [9.5, 9, 9.8125, 9.4375], "texture": "#0"},
				"south": {"uv": [7, 8.75, 7.4375, 9.1875], "texture": "#0"},
				"west": {"uv": [9.5, 9.5, 9.8125, 9.9375], "texture": "#0"},
				"up": {"uv": [0.4375, 10.0625, 0, 9.75], "texture": "#0"},
				"down": {"uv": [10.1875, 0, 9.75, 0.3125], "texture": "#0"}
			}
		},
		{
			"from": [19.38837, 19.80656, 6.82879],
			"to": [20.77962, 21.15806, 8.22004],
			"rotation": {"angle": 0, "axis": "x", "origin": [20.084, 20.68106, 7.52442]},
			"faces": {
				"north": {"uv": [7.5, 8.75, 7.9375, 9.1875], "texture": "#0"},
				"east": {"uv": [8, 8.75, 8.4375, 9.1875], "texture": "#0"},
				"south": {"uv": [8.5, 8.75, 8.9375, 9.1875], "texture": "#0"},
				"west": {"uv": [9, 1.5, 9.4375, 1.9375], "texture": "#0"},
				"up": {"uv": [9.4375, 4.4375, 9, 4], "texture": "#0"},
				"down": {"uv": [9.4375, 4.5, 9, 4.9375], "texture": "#0"}
			}
		},
		{
			"from": [19.25879, 18.75758, 6.82879],
			"to": [20.65004, 20.10908, 8.22004],
			"rotation": {"angle": -22.5, "axis": "z", "origin": [19.95441, 19.63208, 7.52442]},
			"faces": {
				"north": {"uv": [9, 6.75, 9.4375, 7.1875], "texture": "#0"},
				"east": {"uv": [9, 7.25, 9.4375, 7.6875], "texture": "#0"},
				"south": {"uv": [9, 7.75, 9.4375, 8.1875], "texture": "#0"},
				"west": {"uv": [9, 8.25, 9.4375, 8.6875], "texture": "#0"},
				"up": {"uv": [9.4375, 9.1875, 9, 8.75], "texture": "#0"},
				"down": {"uv": [0.4375, 9.25, 0, 9.6875], "texture": "#0"}
			}
		},
		{
			"from": [19.38837, 23.21085, 8.78287],
			"to": [20.77962, 24.6021, 9.73687],
			"rotation": {"angle": -22.5, "axis": "x", "origin": [20.28275, 23.90648, 9.25987]},
			"faces": {
				"north": {"uv": [9.25, 0, 9.6875, 0.4375], "texture": "#0"},
				"east": {"uv": [0.5, 9.75, 0.8125, 10.1875], "texture": "#0"},
				"south": {"uv": [0.5, 9.25, 0.9375, 9.6875], "texture": "#0"},
				"west": {"uv": [9.75, 0.5, 10.0625, 0.9375], "texture": "#0"},
				"up": {"uv": [1.4375, 10.0625, 1, 9.75], "texture": "#0"},
				"down": {"uv": [10.1875, 1, 9.75, 1.3125], "texture": "#0"}
			}
		},
		{
			"from": [19.38837, 23.34044, 9.43436],
			"to": [20.77962, 24.73169, 10.38836],
			"rotation": {"angle": 0, "axis": "y", "origin": [10.84213, 2.19344, 1.84211]},
			"faces": {
				"north": {"uv": [9.25, 0.5, 9.6875, 0.9375], "texture": "#0"},
				"east": {"uv": [1.5, 9.75, 1.8125, 10.1875], "texture": "#0"},
				"south": {"uv": [1, 9.25, 1.4375, 9.6875], "texture": "#0"},
				"west": {"uv": [2, 9.75, 2.3125, 10.1875], "texture": "#0"},
				"up": {"uv": [10.1875, 2.3125, 9.75, 2], "texture": "#0"},
				"down": {"uv": [2.9375, 9.75, 2.5, 10.0625], "texture": "#0"}
			}
		},
		{
			"from": [12.8495, 23.65844, 10.38836],
			"to": [13.92275, 24.45344, 11.97836],
			"rotation": {"angle": 0, "axis": "y", "origin": [4.184, 2.19344, 1.84211]},
			"faces": {
				"north": {"uv": [5.75, 9.75, 6.0625, 10], "texture": "#0"},
				"east": {"uv": [8.25, 3, 8.75, 3.25], "texture": "#0"},
				"south": {"uv": [9.75, 5.75, 10.0625, 6], "texture": "#0"},
				"west": {"uv": [3.5, 9.75, 4, 10], "texture": "#0"},
				"up": {"uv": [9.5625, 1.5, 9.25, 1], "texture": "#0"},
				"down": {"uv": [1.8125, 9.25, 1.5, 9.75], "texture": "#0"}
			}
		},
		{
			"from": [8.75525, 23.65844, 10.38836],
			"to": [9.8285, 24.45344, 11.97836],
			"rotation": {"angle": 0, "axis": "y", "origin": [18.494, 2.19344, 1.84211]},
			"faces": {
				"north": {"uv": [9.75, 6, 10.0625, 6.25], "texture": "#0"},
				"east": {"uv": [4, 9.75, 4.5, 10], "texture": "#0"},
				"south": {"uv": [6.25, 9.75, 6.5625, 10], "texture": "#0"},
				"west": {"uv": [4.5, 9.75, 5, 10], "texture": "#0"},
				"up": {"uv": [2.3125, 9.75, 2, 9.25], "texture": "#0"},
				"down": {"uv": [9.5625, 2, 9.25, 2.5], "texture": "#0"}
			}
		},
		{
			"from": [8.5565, 23.34044, 9.43436],
			"to": [9.94775, 24.73169, 10.38836],
			"rotation": {"angle": 0, "axis": "y", "origin": [18.494, 2.19344, 1.84211]},
			"faces": {
				"north": {"uv": [3.5, 1.75, 3.9375, 2.1875], "texture": "#0"},
				"east": {"uv": [2.5, 9.25, 2.8125, 9.6875], "texture": "#0"},
				"south": {"uv": [8.25, 1, 8.6875, 1.4375], "texture": "#0"},
				"west": {"uv": [9.25, 2.5, 9.5625, 2.9375], "texture": "#0"},
				"up": {"uv": [3.4375, 9.5625, 3, 9.25], "texture": "#0"},
				"down": {"uv": [9.6875, 3, 9.25, 3.3125], "texture": "#0"}
			}
		},
		{
			"from": [8.5565, 23.21085, 8.78287],
			"to": [9.94775, 24.6021, 9.73687],
			"rotation": {"angle": -22.5, "axis": "x", "origin": [9.05337, 23.90648, 9.25987]},
			"faces": {
				"north": {"uv": [4, 8.25, 4.4375, 8.6875], "texture": "#0"},
				"east": {"uv": [3.5, 9.25, 3.8125, 9.6875], "texture": "#0"},
				"south": {"uv": [4.5, 8.25, 4.9375, 8.6875], "texture": "#0"},
				"west": {"uv": [9.25, 3.5, 9.5625, 3.9375], "texture": "#0"},
				"up": {"uv": [4.4375, 9.5625, 4, 9.25], "texture": "#0"},
				"down": {"uv": [4.9375, 9.25, 4.5, 9.5625], "texture": "#0"}
			}
		},
		{
			"from": [8.5565, 22.84182, 8.23057],
			"to": [9.94775, 24.23307, 9.18457],
			"rotation": {"angle": -45, "axis": "x", "origin": [9.05337, 23.53744, 8.70757]},
			"faces": {
				"north": {"uv": [5, 8.25, 5.4375, 8.6875], "texture": "#0"},
				"east": {"uv": [5, 9.25, 5.3125, 9.6875], "texture": "#0"},
				"south": {"uv": [8.25, 5.25, 8.6875, 5.6875], "texture": "#0"},
				"west": {"uv": [9.25, 5, 9.5625, 5.4375], "texture": "#0"},
				"up": {"uv": [5.9375, 9.5625, 5.5, 9.25], "texture": "#0"},
				"down": {"uv": [9.6875, 5.5, 9.25, 5.8125], "texture": "#0"}
			}
		},
		{
			"from": [8.5565, 20.71939, 7.64291],
			"to": [9.94775, 23.46214, 9.03416],
			"rotation": {"angle": 22.5, "axis": "x", "origin": [9.25213, 22.98514, 8.33853]},
			"faces": {
				"north": {"uv": [8, 4.25, 8.4375, 5.125], "texture": "#0"},
				"east": {"uv": [8, 6.75, 8.4375, 7.625], "texture": "#0"},
				"south": {"uv": [8, 7.75, 8.4375, 8.625], "texture": "#0"},
				"west": {"uv": [0, 8.25, 0.4375, 9.125], "texture": "#0"},
				"up": {"uv": [5.9375, 8.6875, 5.5, 8.25], "texture": "#0"},
				"down": {"uv": [8.6875, 5.75, 8.25, 6.1875], "texture": "#0"}
			}
		},
		{
			"from": [8.5565, 19.80656, 6.82879],
			"to": [9.94775, 21.15806, 8.22004],
			"rotation": {"angle": 0, "axis": "x", "origin": [9.25213, 20.68106, 7.52442]},
			"faces": {
				"north": {"uv": [6, 8.25, 6.4375, 8.6875], "texture": "#0"},
				"east": {"uv": [8.25, 6.25, 8.6875, 6.6875], "texture": "#0"},
				"south": {"uv": [6.5, 8.25, 6.9375, 8.6875], "texture": "#0"},
				"west": {"uv": [7, 8.25, 7.4375, 8.6875], "texture": "#0"},
				"up": {"uv": [7.9375, 8.6875, 7.5, 8.25], "texture": "#0"},
				"down": {"uv": [8.9375, 1.5, 8.5, 1.9375], "texture": "#0"}
			}
		},
		{
			"from": [8.68609, 18.75758, 6.82879],
			"to": [10.07734, 20.10908, 8.22004],
			"rotation": {"angle": 22.5, "axis": "z", "origin": [9.38171, 19.63208, 7.52442]},
			"faces": {
				"north": {"uv": [8.5, 4.25, 8.9375, 4.6875], "texture": "#0"},
				"east": {"uv": [8.5, 4.75, 8.9375, 5.1875], "texture": "#0"},
				"south": {"uv": [8.5, 6.75, 8.9375, 7.1875], "texture": "#0"},
				"west": {"uv": [8.5, 7.25, 8.9375, 7.6875], "texture": "#0"},
				"up": {"uv": [8.9375, 8.1875, 8.5, 7.75], "texture": "#0"},
				"down": {"uv": [8.9375, 8.25, 8.5, 8.6875], "texture": "#0"}
			}
		},
		{
			"from": [9.20724, 18.23553, 6.82879],
			"to": [10.59849, 19.18953, 8.22004],
			"rotation": {"angle": 45, "axis": "z", "origin": [9.90287, 18.71253, 7.52442]},
			"faces": {
				"north": {"uv": [6, 9.25, 6.4375, 9.5625], "texture": "#0"},
				"east": {"uv": [9.25, 6, 9.6875, 6.3125], "texture": "#0"},
				"south": {"uv": [6.5, 9.25, 6.9375, 9.5625], "texture": "#0"},
				"west": {"uv": [7, 9.25, 7.4375, 9.5625], "texture": "#0"},
				"up": {"uv": [9.1875, 0.4375, 8.75, 0], "texture": "#0"},
				"down": {"uv": [9.1875, 0.5, 8.75, 0.9375], "texture": "#0"}
			}
		},
		{
			"from": [9.97817, 17.64787, 6.82879],
			"to": [10.93217, 19.03912, 8.22004],
			"rotation": {"angle": -22.5, "axis": "z", "origin": [10.45517, 18.34349, 7.52442]},
			"faces": {
				"north": {"uv": [7.5, 9.25, 7.8125, 9.6875], "texture": "#0"},
				"east": {"uv": [8.75, 1, 9.1875, 1.4375], "texture": "#0"},
				"south": {"uv": [8, 9.25, 8.3125, 9.6875], "texture": "#0"},
				"west": {"uv": [1.5, 8.75, 1.9375, 9.1875], "texture": "#0"},
				"up": {"uv": [8.8125, 9.6875, 8.5, 9.25], "texture": "#0"},
				"down": {"uv": [9.3125, 9.25, 9, 9.6875], "texture": "#0"}
			}
		},
		{
			"from": [11.74583, 17.64787, 6.82879],
			"to": [12.69983, 19.03912, 8.22004],
			"rotation": {"angle": 22.5, "axis": "z", "origin": [12.22283, 18.34349, 7.52442]},
			"faces": {
				"north": {"uv": [9.5, 1.5, 9.8125, 1.9375], "texture": "#0"},
				"east": {"uv": [8.75, 2, 9.1875, 2.4375], "texture": "#0"},
				"south": {"uv": [9.5, 4, 9.8125, 4.4375], "texture": "#0"},
				"west": {"uv": [8.75, 2.5, 9.1875, 2.9375], "texture": "#0"},
				"up": {"uv": [9.8125, 4.9375, 9.5, 4.5], "texture": "#0"},
				"down": {"uv": [9.8125, 6.5, 9.5, 6.9375], "texture": "#0"}
			}
		},
		{
			"from": [12.07951, 18.23553, 6.82879],
			"to": [13.47076, 19.18953, 8.22004],
			"rotation": {"angle": -45, "axis": "z", "origin": [12.77513, 18.71253, 7.52442]},
			"faces": {
				"north": {"uv": [9.5, 7, 9.9375, 7.3125], "texture": "#0"},
				"east": {"uv": [9.5, 7.5, 9.9375, 7.8125], "texture": "#0"},
				"south": {"uv": [9.5, 8, 9.9375, 8.3125], "texture": "#0"},
				"west": {"uv": [9.5, 8.5, 9.9375, 8.8125], "texture": "#0"},
				"up": {"uv": [9.1875, 3.4375, 8.75, 3], "texture": "#0"},
				"down": {"uv": [9.1875, 3.5, 8.75, 3.9375], "texture": "#0"}
			}
		},
		{
			"from": [10.60978, 17.51828, 6.82879],
			"to": [12.04078, 18.90953, 8.22004],
			"rotation": {"angle": 0, "axis": "z", "origin": [10.70916, 18.2139, 7.52442]},
			"faces": {
				"north": {"uv": [4, 8.75, 4.4375, 9.1875], "texture": "#0"},
				"east": {"uv": [4.5, 8.75, 4.9375, 9.1875], "texture": "#0"},
				"south": {"uv": [5, 8.75, 5.4375, 9.1875], "texture": "#0"},
				"west": {"uv": [8.75, 5.25, 9.1875, 5.6875], "texture": "#0"},
				"up": {"uv": [5.9375, 9.1875, 5.5, 8.75], "texture": "#0"},
				"down": {"uv": [9.1875, 5.75, 8.75, 6.1875], "texture": "#0"}
			}
		},
		{
			"from": [12.73025, 20.71939, 7.64291],
			"to": [14.1215, 23.46214, 9.03416],
			"rotation": {"angle": 22.5, "axis": "x", "origin": [13.42588, 22.98514, 8.33853]},
			"faces": {
				"north": {"uv": [8.25, 0, 8.6875, 0.875], "texture": "#0"},
				"east": {"uv": [0.5, 8.25, 0.9375, 9.125], "texture": "#0"},
				"south": {"uv": [1, 8.25, 1.4375, 9.125], "texture": "#0"},
				"west": {"uv": [3.5, 8.25, 3.9375, 9.125], "texture": "#0"},
				"up": {"uv": [6.4375, 9.1875, 6, 8.75], "texture": "#0"},
				"down": {"uv": [9.1875, 6.25, 8.75, 6.6875], "texture": "#0"}
			}
		},
		{
			"from": [12.73025, 22.84182, 8.23057],
			"to": [14.1215, 24.23307, 9.18457],
			"rotation": {"angle": -45, "axis": "x", "origin": [13.62463, 23.53744, 8.70757]},
			"faces": {
				"north": {"uv": [6.5, 8.75, 6.9375, 9.1875], "texture": "#0"},
				"east": {"uv": [9.5, 9, 9.8125, 9.4375], "texture": "#0"},
				"south": {"uv": [7, 8.75, 7.4375, 9.1875], "texture": "#0"},
				"west": {"uv": [9.5, 9.5, 9.8125, 9.9375], "texture": "#0"},
				"up": {"uv": [0.4375, 10.0625, 0, 9.75], "texture": "#0"},
				"down": {"uv": [10.1875, 0, 9.75, 0.3125], "texture": "#0"}
			}
		},
		{
			"from": [12.73025, 19.80656, 6.82879],
			"to": [14.1215, 21.15806, 8.22004],
			"rotation": {"angle": 0, "axis": "x", "origin": [13.42588, 20.68106, 7.52442]},
			"faces": {
				"north": {"uv": [7.5, 8.75, 7.9375, 9.1875], "texture": "#0"},
				"east": {"uv": [8, 8.75, 8.4375, 9.1875], "texture": "#0"},
				"south": {"uv": [8.5, 8.75, 8.9375, 9.1875], "texture": "#0"},
				"west": {"uv": [9, 1.5, 9.4375, 1.9375], "texture": "#0"},
				"up": {"uv": [9.4375, 4.4375, 9, 4], "texture": "#0"},
				"down": {"uv": [9.4375, 4.5, 9, 4.9375], "texture": "#0"}
			}
		},
		{
			"from": [12.60066, 18.75758, 6.82879],
			"to": [13.99191, 20.10908, 8.22004],
			"rotation": {"angle": -22.5, "axis": "z", "origin": [13.29629, 19.63208, 7.52442]},
			"faces": {
				"north": {"uv": [9, 6.75, 9.4375, 7.1875], "texture": "#0"},
				"east": {"uv": [9, 7.25, 9.4375, 7.6875], "texture": "#0"},
				"south": {"uv": [9, 7.75, 9.4375, 8.1875], "texture": "#0"},
				"west": {"uv": [9, 8.25, 9.4375, 8.6875], "texture": "#0"},
				"up": {"uv": [9.4375, 9.1875, 9, 8.75], "texture": "#0"},
				"down": {"uv": [0.4375, 9.25, 0, 9.6875], "texture": "#0"}
			}
		},
		{
			"from": [12.73025, 23.21085, 8.78287],
			"to": [14.1215, 24.6021, 9.73687],
			"rotation": {"angle": -22.5, "axis": "x", "origin": [13.62463, 23.90648, 9.25987]},
			"faces": {
				"north": {"uv": [9.25, 0, 9.6875, 0.4375], "texture": "#0"},
				"east": {"uv": [0.5, 9.75, 0.8125, 10.1875], "texture": "#0"},
				"south": {"uv": [0.5, 9.25, 0.9375, 9.6875], "texture": "#0"},
				"west": {"uv": [9.75, 0.5, 10.0625, 0.9375], "texture": "#0"},
				"up": {"uv": [1.4375, 10.0625, 1, 9.75], "texture": "#0"},
				"down": {"uv": [10.1875, 1, 9.75, 1.3125], "texture": "#0"}
			}
		},
		{
			"from": [12.73025, 23.34044, 9.43436],
			"to": [14.1215, 24.73169, 10.38836],
			"rotation": {"angle": 0, "axis": "y", "origin": [4.184, 2.19344, 1.84211]},
			"faces": {
				"north": {"uv": [9.25, 0.5, 9.6875, 0.9375], "texture": "#0"},
				"east": {"uv": [1.5, 9.75, 1.8125, 10.1875], "texture": "#0"},
				"south": {"uv": [1, 9.25, 1.4375, 9.6875], "texture": "#0"},
				"west": {"uv": [2, 9.75, 2.3125, 10.1875], "texture": "#0"},
				"up": {"uv": [10.1875, 2.3125, 9.75, 2], "texture": "#0"},
				"down": {"uv": [2.9375, 9.75, 2.5, 10.0625], "texture": "#0"}
			}
		},
		{
			"from": [6.21125, 23.65844, 10.38836],
			"to": [7.2845, 24.45344, 11.97836],
			"rotation": {"angle": 0, "axis": "y", "origin": [-2.45425, 2.19344, 1.84211]},
			"faces": {
				"north": {"uv": [5.75, 9.75, 6.0625, 10], "texture": "#0"},
				"east": {"uv": [8.25, 3, 8.75, 3.25], "texture": "#0"},
				"south": {"uv": [9.75, 5.75, 10.0625, 6], "texture": "#0"},
				"west": {"uv": [3.5, 9.75, 4, 10], "texture": "#0"},
				"up": {"uv": [9.5625, 1.5, 9.25, 1], "texture": "#0"},
				"down": {"uv": [1.8125, 9.25, 1.5, 9.75], "texture": "#0"}
			}
		},
		{
			"from": [2.117, 23.65844, 10.38836],
			"to": [3.19025, 24.45344, 11.97836],
			"rotation": {"angle": 0, "axis": "y", "origin": [11.85575, 2.19344, 1.84211]},
			"faces": {
				"north": {"uv": [9.75, 6, 10.0625, 6.25], "texture": "#0"},
				"east": {"uv": [4, 9.75, 4.5, 10], "texture": "#0"},
				"south": {"uv": [6.25, 9.75, 6.5625, 10], "texture": "#0"},
				"west": {"uv": [4.5, 9.75, 5, 10], "texture": "#0"},
				"up": {"uv": [2.3125, 9.75, 2, 9.25], "texture": "#0"},
				"down": {"uv": [9.5625, 2, 9.25, 2.5], "texture": "#0"}
			}
		},
		{
			"from": [1.91825, 23.34044, 9.43436],
			"to": [3.3095, 24.73169, 10.38836],
			"rotation": {"angle": 0, "axis": "y", "origin": [11.85575, 2.19344, 1.84211]},
			"faces": {
				"north": {"uv": [3.5, 1.75, 3.9375, 2.1875], "texture": "#0"},
				"east": {"uv": [2.5, 9.25, 2.8125, 9.6875], "texture": "#0"},
				"south": {"uv": [8.25, 1, 8.6875, 1.4375], "texture": "#0"},
				"west": {"uv": [9.25, 2.5, 9.5625, 2.9375], "texture": "#0"},
				"up": {"uv": [3.4375, 9.5625, 3, 9.25], "texture": "#0"},
				"down": {"uv": [9.6875, 3, 9.25, 3.3125], "texture": "#0"}
			}
		},
		{
			"from": [1.91825, 23.21085, 8.78287],
			"to": [3.3095, 24.6021, 9.73687],
			"rotation": {"angle": -22.5, "axis": "x", "origin": [2.41512, 23.90648, 9.25987]},
			"faces": {
				"north": {"uv": [4, 8.25, 4.4375, 8.6875], "texture": "#0"},
				"east": {"uv": [3.5, 9.25, 3.8125, 9.6875], "texture": "#0"},
				"south": {"uv": [4.5, 8.25, 4.9375, 8.6875], "texture": "#0"},
				"west": {"uv": [9.25, 3.5, 9.5625, 3.9375], "texture": "#0"},
				"up": {"uv": [4.4375, 9.5625, 4, 9.25], "texture": "#0"},
				"down": {"uv": [4.9375, 9.25, 4.5, 9.5625], "texture": "#0"}
			}
		},
		{
			"from": [1.91825, 22.84182, 8.23057],
			"to": [3.3095, 24.23307, 9.18457],
			"rotation": {"angle": -45, "axis": "x", "origin": [2.41512, 23.53744, 8.70757]},
			"faces": {
				"north": {"uv": [5, 8.25, 5.4375, 8.6875], "texture": "#0"},
				"east": {"uv": [5, 9.25, 5.3125, 9.6875], "texture": "#0"},
				"south": {"uv": [8.25, 5.25, 8.6875, 5.6875], "texture": "#0"},
				"west": {"uv": [9.25, 5, 9.5625, 5.4375], "texture": "#0"},
				"up": {"uv": [5.9375, 9.5625, 5.5, 9.25], "texture": "#0"},
				"down": {"uv": [9.6875, 5.5, 9.25, 5.8125], "texture": "#0"}
			}
		},
		{
			"from": [1.91825, 20.71939, 7.64291],
			"to": [3.3095, 23.46214, 9.03416],
			"rotation": {"angle": 22.5, "axis": "x", "origin": [2.61387, 22.98514, 8.33853]},
			"faces": {
				"north": {"uv": [8, 4.25, 8.4375, 5.125], "texture": "#0"},
				"east": {"uv": [8, 6.75, 8.4375, 7.625], "texture": "#0"},
				"south": {"uv": [8, 7.75, 8.4375, 8.625], "texture": "#0"},
				"west": {"uv": [0, 8.25, 0.4375, 9.125], "texture": "#0"},
				"up": {"uv": [5.9375, 8.6875, 5.5, 8.25], "texture": "#0"},
				"down": {"uv": [8.6875, 5.75, 8.25, 6.1875], "texture": "#0"}
			}
		},
		{
			"from": [1.91825, 19.80656, 6.82879],
			"to": [3.3095, 21.15806, 8.22004],
			"rotation": {"angle": 0, "axis": "x", "origin": [2.61387, 20.68106, 7.52442]},
			"faces": {
				"north": {"uv": [6, 8.25, 6.4375, 8.6875], "texture": "#0"},
				"east": {"uv": [8.25, 6.25, 8.6875, 6.6875], "texture": "#0"},
				"south": {"uv": [6.5, 8.25, 6.9375, 8.6875], "texture": "#0"},
				"west": {"uv": [7, 8.25, 7.4375, 8.6875], "texture": "#0"},
				"up": {"uv": [7.9375, 8.6875, 7.5, 8.25], "texture": "#0"},
				"down": {"uv": [8.9375, 1.5, 8.5, 1.9375], "texture": "#0"}
			}
		},
		{
			"from": [2.04784, 18.75758, 6.82879],
			"to": [3.43909, 20.10908, 8.22004],
			"rotation": {"angle": 22.5, "axis": "z", "origin": [2.74346, 19.63208, 7.52442]},
			"faces": {
				"north": {"uv": [8.5, 4.25, 8.9375, 4.6875], "texture": "#0"},
				"east": {"uv": [8.5, 4.75, 8.9375, 5.1875], "texture": "#0"},
				"south": {"uv": [8.5, 6.75, 8.9375, 7.1875], "texture": "#0"},
				"west": {"uv": [8.5, 7.25, 8.9375, 7.6875], "texture": "#0"},
				"up": {"uv": [8.9375, 8.1875, 8.5, 7.75], "texture": "#0"},
				"down": {"uv": [8.9375, 8.25, 8.5, 8.6875], "texture": "#0"}
			}
		},
		{
			"from": [2.56899, 18.23553, 6.82879],
			"to": [3.96024, 19.18953, 8.22004],
			"rotation": {"angle": 45, "axis": "z", "origin": [3.26462, 18.71253, 7.52442]},
			"faces": {
				"north": {"uv": [6, 9.25, 6.4375, 9.5625], "texture": "#0"},
				"east": {"uv": [9.25, 6, 9.6875, 6.3125], "texture": "#0"},
				"south": {"uv": [6.5, 9.25, 6.9375, 9.5625], "texture": "#0"},
				"west": {"uv": [7, 9.25, 7.4375, 9.5625], "texture": "#0"},
				"up": {"uv": [9.1875, 0.4375, 8.75, 0], "texture": "#0"},
				"down": {"uv": [9.1875, 0.5, 8.75, 0.9375], "texture": "#0"}
			}
		},
		{
			"from": [3.33992, 17.64787, 6.82879],
			"to": [4.29392, 19.03912, 8.22004],
			"rotation": {"angle": -22.5, "axis": "z", "origin": [3.81692, 18.34349, 7.52442]},
			"faces": {
				"north": {"uv": [7.5, 9.25, 7.8125, 9.6875], "texture": "#0"},
				"east": {"uv": [8.75, 1, 9.1875, 1.4375], "texture": "#0"},
				"south": {"uv": [8, 9.25, 8.3125, 9.6875], "texture": "#0"},
				"west": {"uv": [1.5, 8.75, 1.9375, 9.1875], "texture": "#0"},
				"up": {"uv": [8.8125, 9.6875, 8.5, 9.25], "texture": "#0"},
				"down": {"uv": [9.3125, 9.25, 9, 9.6875], "texture": "#0"}
			}
		},
		{
			"from": [5.10758, 17.64787, 6.82879],
			"to": [6.06158, 19.03912, 8.22004],
			"rotation": {"angle": 22.5, "axis": "z", "origin": [5.58458, 18.34349, 7.52442]},
			"faces": {
				"north": {"uv": [9.5, 1.5, 9.8125, 1.9375], "texture": "#0"},
				"east": {"uv": [8.75, 2, 9.1875, 2.4375], "texture": "#0"},
				"south": {"uv": [9.5, 4, 9.8125, 4.4375], "texture": "#0"},
				"west": {"uv": [8.75, 2.5, 9.1875, 2.9375], "texture": "#0"},
				"up": {"uv": [9.8125, 4.9375, 9.5, 4.5], "texture": "#0"},
				"down": {"uv": [9.8125, 6.5, 9.5, 6.9375], "texture": "#0"}
			}
		},
		{
			"from": [5.44126, 18.23553, 6.82879],
			"to": [6.83251, 19.18953, 8.22004],
			"rotation": {"angle": -45, "axis": "z", "origin": [6.13688, 18.71253, 7.52442]},
			"faces": {
				"north": {"uv": [9.5, 7, 9.9375, 7.3125], "texture": "#0"},
				"east": {"uv": [9.5, 7.5, 9.9375, 7.8125], "texture": "#0"},
				"south": {"uv": [9.5, 8, 9.9375, 8.3125], "texture": "#0"},
				"west": {"uv": [9.5, 8.5, 9.9375, 8.8125], "texture": "#0"},
				"up": {"uv": [9.1875, 3.4375, 8.75, 3], "texture": "#0"},
				"down": {"uv": [9.1875, 3.5, 8.75, 3.9375], "texture": "#0"}
			}
		},
		{
			"from": [3.97153, 17.51828, 6.82879],
			"to": [5.40253, 18.90953, 8.22004],
			"rotation": {"angle": 0, "axis": "z", "origin": [4.07091, 18.2139, 7.52442]},
			"faces": {
				"north": {"uv": [4, 8.75, 4.4375, 9.1875], "texture": "#0"},
				"east": {"uv": [4.5, 8.75, 4.9375, 9.1875], "texture": "#0"},
				"south": {"uv": [5, 8.75, 5.4375, 9.1875], "texture": "#0"},
				"west": {"uv": [8.75, 5.25, 9.1875, 5.6875], "texture": "#0"},
				"up": {"uv": [5.9375, 9.1875, 5.5, 8.75], "texture": "#0"},
				"down": {"uv": [9.1875, 5.75, 8.75, 6.1875], "texture": "#0"}
			}
		},
		{
			"from": [6.092, 20.71939, 7.64291],
			"to": [7.48325, 23.46214, 9.03416],
			"rotation": {"angle": 22.5, "axis": "x", "origin": [6.78762, 22.98514, 8.33853]},
			"faces": {
				"north": {"uv": [8.25, 0, 8.6875, 0.875], "texture": "#0"},
				"east": {"uv": [0.5, 8.25, 0.9375, 9.125], "texture": "#0"},
				"south": {"uv": [1, 8.25, 1.4375, 9.125], "texture": "#0"},
				"west": {"uv": [3.5, 8.25, 3.9375, 9.125], "texture": "#0"},
				"up": {"uv": [6.4375, 9.1875, 6, 8.75], "texture": "#0"},
				"down": {"uv": [9.1875, 6.25, 8.75, 6.6875], "texture": "#0"}
			}
		},
		{
			"from": [6.092, 22.84182, 8.23057],
			"to": [7.48325, 24.23307, 9.18457],
			"rotation": {"angle": -45, "axis": "x", "origin": [6.98637, 23.53744, 8.70757]},
			"faces": {
				"north": {"uv": [6.5, 8.75, 6.9375, 9.1875], "texture": "#0"},
				"east": {"uv": [9.5, 9, 9.8125, 9.4375], "texture": "#0"},
				"south": {"uv": [7, 8.75, 7.4375, 9.1875], "texture": "#0"},
				"west": {"uv": [9.5, 9.5, 9.8125, 9.9375], "texture": "#0"},
				"up": {"uv": [0.4375, 10.0625, 0, 9.75], "texture": "#0"},
				"down": {"uv": [10.1875, 0, 9.75, 0.3125], "texture": "#0"}
			}
		},
		{
			"from": [6.092, 19.80656, 6.82879],
			"to": [7.48325, 21.15806, 8.22004],
			"rotation": {"angle": 0, "axis": "x", "origin": [6.78762, 20.68106, 7.52442]},
			"faces": {
				"north": {"uv": [7.5, 8.75, 7.9375, 9.1875], "texture": "#0"},
				"east": {"uv": [8, 8.75, 8.4375, 9.1875], "texture": "#0"},
				"south": {"uv": [8.5, 8.75, 8.9375, 9.1875], "texture": "#0"},
				"west": {"uv": [9, 1.5, 9.4375, 1.9375], "texture": "#0"},
				"up": {"uv": [9.4375, 4.4375, 9, 4], "texture": "#0"},
				"down": {"uv": [9.4375, 4.5, 9, 4.9375], "texture": "#0"}
			}
		},
		{
			"from": [5.96241, 18.75758, 6.82879],
			"to": [7.35366, 20.10908, 8.22004],
			"rotation": {"angle": -22.5, "axis": "z", "origin": [6.65804, 19.63208, 7.52442]},
			"faces": {
				"north": {"uv": [9, 6.75, 9.4375, 7.1875], "texture": "#0"},
				"east": {"uv": [9, 7.25, 9.4375, 7.6875], "texture": "#0"},
				"south": {"uv": [9, 7.75, 9.4375, 8.1875], "texture": "#0"},
				"west": {"uv": [9, 8.25, 9.4375, 8.6875], "texture": "#0"},
				"up": {"uv": [9.4375, 9.1875, 9, 8.75], "texture": "#0"},
				"down": {"uv": [0.4375, 9.25, 0, 9.6875], "texture": "#0"}
			}
		},
		{
			"from": [6.092, 23.21085, 8.78287],
			"to": [7.48325, 24.6021, 9.73687],
			"rotation": {"angle": -22.5, "axis": "x", "origin": [6.98637, 23.90648, 9.25987]},
			"faces": {
				"north": {"uv": [9.25, 0, 9.6875, 0.4375], "texture": "#0"},
				"east": {"uv": [0.5, 9.75, 0.8125, 10.1875], "texture": "#0"},
				"south": {"uv": [0.5, 9.25, 0.9375, 9.6875], "texture": "#0"},
				"west": {"uv": [9.75, 0.5, 10.0625, 0.9375], "texture": "#0"},
				"up": {"uv": [1.4375, 10.0625, 1, 9.75], "texture": "#0"},
				"down": {"uv": [10.1875, 1, 9.75, 1.3125], "texture": "#0"}
			}
		},
		{
			"from": [6.092, 23.34044, 9.43436],
			"to": [7.48325, 24.73169, 10.38836],
			"rotation": {"angle": 0, "axis": "y", "origin": [-2.45425, 2.19344, 1.84211]},
			"faces": {
				"north": {"uv": [9.25, 0.5, 9.6875, 0.9375], "texture": "#0"},
				"east": {"uv": [1.5, 9.75, 1.8125, 10.1875], "texture": "#0"},
				"south": {"uv": [1, 9.25, 1.4375, 9.6875], "texture": "#0"},
				"west": {"uv": [2, 9.75, 2.3125, 10.1875], "texture": "#0"},
				"up": {"uv": [10.1875, 2.3125, 9.75, 2], "texture": "#0"},
				"down": {"uv": [2.9375, 9.75, 2.5, 10.0625], "texture": "#0"}
			}
		},
		{
			"from": [-0.46675, 23.65844, 10.38836],
			"to": [0.6065, 24.45344, 11.97836],
			"rotation": {"angle": 0, "axis": "y", "origin": [-9.13225, 2.19344, 1.84211]},
			"faces": {
				"north": {"uv": [5.75, 9.75, 6.0625, 10], "texture": "#0"},
				"east": {"uv": [8.25, 3, 8.75, 3.25], "texture": "#0"},
				"south": {"uv": [9.75, 5.75, 10.0625, 6], "texture": "#0"},
				"west": {"uv": [3.5, 9.75, 4, 10], "texture": "#0"},
				"up": {"uv": [9.5625, 1.5, 9.25, 1], "texture": "#0"},
				"down": {"uv": [1.8125, 9.25, 1.5, 9.75], "texture": "#0"}
			}
		},
		{
			"from": [-4.561, 23.65844, 10.38836],
			"to": [-3.48775, 24.45344, 11.97836],
			"rotation": {"angle": 0, "axis": "y", "origin": [5.17775, 2.19344, 1.84211]},
			"faces": {
				"north": {"uv": [9.75, 6, 10.0625, 6.25], "texture": "#0"},
				"east": {"uv": [4, 9.75, 4.5, 10], "texture": "#0"},
				"south": {"uv": [6.25, 9.75, 6.5625, 10], "texture": "#0"},
				"west": {"uv": [4.5, 9.75, 5, 10], "texture": "#0"},
				"up": {"uv": [2.3125, 9.75, 2, 9.25], "texture": "#0"},
				"down": {"uv": [9.5625, 2, 9.25, 2.5], "texture": "#0"}
			}
		},
		{
			"from": [-4.75975, 23.34044, 9.43436],
			"to": [-3.3685, 24.73169, 10.38836],
			"rotation": {"angle": 0, "axis": "y", "origin": [5.17775, 2.19344, 1.84211]},
			"faces": {
				"north": {"uv": [3.5, 1.75, 3.9375, 2.1875], "texture": "#0"},
				"east": {"uv": [2.5, 9.25, 2.8125, 9.6875], "texture": "#0"},
				"south": {"uv": [8.25, 1, 8.6875, 1.4375], "texture": "#0"},
				"west": {"uv": [9.25, 2.5, 9.5625, 2.9375], "texture": "#0"},
				"up": {"uv": [3.4375, 9.5625, 3, 9.25], "texture": "#0"},
				"down": {"uv": [9.6875, 3, 9.25, 3.3125], "texture": "#0"}
			}
		},
		{
			"from": [-4.75975, 23.21085, 8.78287],
			"to": [-3.3685, 24.6021, 9.73687],
			"rotation": {"angle": -22.5, "axis": "x", "origin": [-4.26288, 23.90648, 9.25987]},
			"faces": {
				"north": {"uv": [4, 8.25, 4.4375, 8.6875], "texture": "#0"},
				"east": {"uv": [3.5, 9.25, 3.8125, 9.6875], "texture": "#0"},
				"south": {"uv": [4.5, 8.25, 4.9375, 8.6875], "texture": "#0"},
				"west": {"uv": [9.25, 3.5, 9.5625, 3.9375], "texture": "#0"},
				"up": {"uv": [4.4375, 9.5625, 4, 9.25], "texture": "#0"},
				"down": {"uv": [4.9375, 9.25, 4.5, 9.5625], "texture": "#0"}
			}
		},
		{
			"from": [-4.75975, 22.84182, 8.23057],
			"to": [-3.3685, 24.23307, 9.18457],
			"rotation": {"angle": -45, "axis": "x", "origin": [-4.26288, 23.53744, 8.70757]},
			"faces": {
				"north": {"uv": [5, 8.25, 5.4375, 8.6875], "texture": "#0"},
				"east": {"uv": [5, 9.25, 5.3125, 9.6875], "texture": "#0"},
				"south": {"uv": [8.25, 5.25, 8.6875, 5.6875], "texture": "#0"},
				"west": {"uv": [9.25, 5, 9.5625, 5.4375], "texture": "#0"},
				"up": {"uv": [5.9375, 9.5625, 5.5, 9.25], "texture": "#0"},
				"down": {"uv": [9.6875, 5.5, 9.25, 5.8125], "texture": "#0"}
			}
		},
		{
			"from": [-4.75975, 20.71939, 7.64291],
			"to": [-3.3685, 23.46214, 9.03416],
			"rotation": {"angle": 22.5, "axis": "x", "origin": [-4.06413, 22.98514, 8.33853]},
			"faces": {
				"north": {"uv": [8, 4.25, 8.4375, 5.125], "texture": "#0"},
				"east": {"uv": [8, 6.75, 8.4375, 7.625], "texture": "#0"},
				"south": {"uv": [8, 7.75, 8.4375, 8.625], "texture": "#0"},
				"west": {"uv": [0, 8.25, 0.4375, 9.125], "texture": "#0"},
				"up": {"uv": [5.9375, 8.6875, 5.5, 8.25], "texture": "#0"},
				"down": {"uv": [8.6875, 5.75, 8.25, 6.1875], "texture": "#0"}
			}
		},
		{
			"from": [-4.75975, 19.80656, 6.82879],
			"to": [-3.3685, 21.15806, 8.22004],
			"rotation": {"angle": 0, "axis": "x", "origin": [-4.06413, 20.68106, 7.52442]},
			"faces": {
				"north": {"uv": [6, 8.25, 6.4375, 8.6875], "texture": "#0"},
				"east": {"uv": [8.25, 6.25, 8.6875, 6.6875], "texture": "#0"},
				"south": {"uv": [6.5, 8.25, 6.9375, 8.6875], "texture": "#0"},
				"west": {"uv": [7, 8.25, 7.4375, 8.6875], "texture": "#0"},
				"up": {"uv": [7.9375, 8.6875, 7.5, 8.25], "texture": "#0"},
				"down": {"uv": [8.9375, 1.5, 8.5, 1.9375], "texture": "#0"}
			}
		},
		{
			"from": [-4.63016, 18.75758, 6.82879],
			"to": [-3.23891, 20.10908, 8.22004],
			"rotation": {"angle": 22.5, "axis": "z", "origin": [-3.93454, 19.63208, 7.52442]},
			"faces": {
				"north": {"uv": [8.5, 4.25, 8.9375, 4.6875], "texture": "#0"},
				"east": {"uv": [8.5, 4.75, 8.9375, 5.1875], "texture": "#0"},
				"south": {"uv": [8.5, 6.75, 8.9375, 7.1875], "texture": "#0"},
				"west": {"uv": [8.5, 7.25, 8.9375, 7.6875], "texture": "#0"},
				"up": {"uv": [8.9375, 8.1875, 8.5, 7.75], "texture": "#0"},
				"down": {"uv": [8.9375, 8.25, 8.5, 8.6875], "texture": "#0"}
			}
		},
		{
			"from": [-4.10901, 18.23553, 6.82879],
			"to": [-2.71776, 19.18953, 8.22004],
			"rotation": {"angle": 45, "axis": "z", "origin": [-3.41338, 18.71253, 7.52442]},
			"faces": {
				"north": {"uv": [6, 9.25, 6.4375, 9.5625], "texture": "#0"},
				"east": {"uv": [9.25, 6, 9.6875, 6.3125], "texture": "#0"},
				"south": {"uv": [6.5, 9.25, 6.9375, 9.5625], "texture": "#0"},
				"west": {"uv": [7, 9.25, 7.4375, 9.5625], "texture": "#0"},
				"up": {"uv": [9.1875, 0.4375, 8.75, 0], "texture": "#0"},
				"down": {"uv": [9.1875, 0.5, 8.75, 0.9375], "texture": "#0"}
			}
		},
		{
			"from": [-3.33808, 17.64787, 6.82879],
			"to": [-2.38408, 19.03912, 8.22004],
			"rotation": {"angle": -22.5, "axis": "z", "origin": [-2.86108, 18.34349, 7.52442]},
			"faces": {
				"north": {"uv": [7.5, 9.25, 7.8125, 9.6875], "texture": "#0"},
				"east": {"uv": [8.75, 1, 9.1875, 1.4375], "texture": "#0"},
				"south": {"uv": [8, 9.25, 8.3125, 9.6875], "texture": "#0"},
				"west": {"uv": [1.5, 8.75, 1.9375, 9.1875], "texture": "#0"},
				"up": {"uv": [8.8125, 9.6875, 8.5, 9.25], "texture": "#0"},
				"down": {"uv": [9.3125, 9.25, 9, 9.6875], "texture": "#0"}
			}
		},
		{
			"from": [-1.57042, 17.64787, 6.82879],
			"to": [-0.61642, 19.03912, 8.22004],
			"rotation": {"angle": 22.5, "axis": "z", "origin": [-1.09342, 18.34349, 7.52442]},
			"faces": {
				"north": {"uv": [9.5, 1.5, 9.8125, 1.9375], "texture": "#0"},
				"east": {"uv": [8.75, 2, 9.1875, 2.4375], "texture": "#0"},
				"south": {"uv": [9.5, 4, 9.8125, 4.4375], "texture": "#0"},
				"west": {"uv": [8.75, 2.5, 9.1875, 2.9375], "texture": "#0"},
				"up": {"uv": [9.8125, 4.9375, 9.5, 4.5], "texture": "#0"},
				"down": {"uv": [9.8125, 6.5, 9.5, 6.9375], "texture": "#0"}
			}
		},
		{
			"from": [-1.23674, 18.23553, 6.82879],
			"to": [0.15451, 19.18953, 8.22004],
			"rotation": {"angle": -45, "axis": "z", "origin": [-0.54112, 18.71253, 7.52442]},
			"faces": {
				"north": {"uv": [9.5, 7, 9.9375, 7.3125], "texture": "#0"},
				"east": {"uv": [9.5, 7.5, 9.9375, 7.8125], "texture": "#0"},
				"south": {"uv": [9.5, 8, 9.9375, 8.3125], "texture": "#0"},
				"west": {"uv": [9.5, 8.5, 9.9375, 8.8125], "texture": "#0"},
				"up": {"uv": [9.1875, 3.4375, 8.75, 3], "texture": "#0"},
				"down": {"uv": [9.1875, 3.5, 8.75, 3.9375], "texture": "#0"}
			}
		},
		{
			"from": [-2.70647, 17.51828, 6.82879],
			"to": [-1.27547, 18.90953, 8.22004],
			"rotation": {"angle": 0, "axis": "z", "origin": [-2.60709, 18.2139, 7.52442]},
			"faces": {
				"north": {"uv": [4, 8.75, 4.4375, 9.1875], "texture": "#0"},
				"east": {"uv": [4.5, 8.75, 4.9375, 9.1875], "texture": "#0"},
				"south": {"uv": [5, 8.75, 5.4375, 9.1875], "texture": "#0"},
				"west": {"uv": [8.75, 5.25, 9.1875, 5.6875], "texture": "#0"},
				"up": {"uv": [5.9375, 9.1875, 5.5, 8.75], "texture": "#0"},
				"down": {"uv": [9.1875, 5.75, 8.75, 6.1875], "texture": "#0"}
			}
		},
		{
			"from": [-0.586, 20.71939, 7.64291],
			"to": [0.80525, 23.46214, 9.03416],
			"rotation": {"angle": 22.5, "axis": "x", "origin": [0.10962, 22.98514, 8.33853]},
			"faces": {
				"north": {"uv": [8.25, 0, 8.6875, 0.875], "texture": "#0"},
				"east": {"uv": [0.5, 8.25, 0.9375, 9.125], "texture": "#0"},
				"south": {"uv": [1, 8.25, 1.4375, 9.125], "texture": "#0"},
				"west": {"uv": [3.5, 8.25, 3.9375, 9.125], "texture": "#0"},
				"up": {"uv": [6.4375, 9.1875, 6, 8.75], "texture": "#0"},
				"down": {"uv": [9.1875, 6.25, 8.75, 6.6875], "texture": "#0"}
			}
		},
		{
			"from": [-0.586, 22.84182, 8.23057],
			"to": [0.80525, 24.23307, 9.18457],
			"rotation": {"angle": -45, "axis": "x", "origin": [0.30837, 23.53744, 8.70757]},
			"faces": {
				"north": {"uv": [6.5, 8.75, 6.9375, 9.1875], "texture": "#0"},
				"east": {"uv": [9.5, 9, 9.8125, 9.4375], "texture": "#0"},
				"south": {"uv": [7, 8.75, 7.4375, 9.1875], "texture": "#0"},
				"west": {"uv": [9.5, 9.5, 9.8125, 9.9375], "texture": "#0"},
				"up": {"uv": [0.4375, 10.0625, 0, 9.75], "texture": "#0"},
				"down": {"uv": [10.1875, 0, 9.75, 0.3125], "texture": "#0"}
			}
		},
		{
			"from": [-0.586, 19.80656, 6.82879],
			"to": [0.80525, 21.15806, 8.22004],
			"rotation": {"angle": 0, "axis": "x", "origin": [0.10962, 20.68106, 7.52442]},
			"faces": {
				"north": {"uv": [7.5, 8.75, 7.9375, 9.1875], "texture": "#0"},
				"east": {"uv": [8, 8.75, 8.4375, 9.1875], "texture": "#0"},
				"south": {"uv": [8.5, 8.75, 8.9375, 9.1875], "texture": "#0"},
				"west": {"uv": [9, 1.5, 9.4375, 1.9375], "texture": "#0"},
				"up": {"uv": [9.4375, 4.4375, 9, 4], "texture": "#0"},
				"down": {"uv": [9.4375, 4.5, 9, 4.9375], "texture": "#0"}
			}
		},
		{
			"from": [-0.71559, 18.75758, 6.82879],
			"to": [0.67566, 20.10908, 8.22004],
			"rotation": {"angle": -22.5, "axis": "z", "origin": [-0.01996, 19.63208, 7.52442]},
			"faces": {
				"north": {"uv": [9, 6.75, 9.4375, 7.1875], "texture": "#0"},
				"east": {"uv": [9, 7.25, 9.4375, 7.6875], "texture": "#0"},
				"south": {"uv": [9, 7.75, 9.4375, 8.1875], "texture": "#0"},
				"west": {"uv": [9, 8.25, 9.4375, 8.6875], "texture": "#0"},
				"up": {"uv": [9.4375, 9.1875, 9, 8.75], "texture": "#0"},
				"down": {"uv": [0.4375, 9.25, 0, 9.6875], "texture": "#0"}
			}
		},
		{
			"from": [-0.586, 23.21085, 8.78287],
			"to": [0.80525, 24.6021, 9.73687],
			"rotation": {"angle": -22.5, "axis": "x", "origin": [0.30837, 23.90648, 9.25987]},
			"faces": {
				"north": {"uv": [9.25, 0, 9.6875, 0.4375], "texture": "#0"},
				"east": {"uv": [0.5, 9.75, 0.8125, 10.1875], "texture": "#0"},
				"south": {"uv": [0.5, 9.25, 0.9375, 9.6875], "texture": "#0"},
				"west": {"uv": [9.75, 0.5, 10.0625, 0.9375], "texture": "#0"},
				"up": {"uv": [1.4375, 10.0625, 1, 9.75], "texture": "#0"},
				"down": {"uv": [10.1875, 1, 9.75, 1.3125], "texture": "#0"}
			}
		},
		{
			"from": [-0.586, 23.34044, 9.43436],
			"to": [0.80525, 24.73169, 10.38836],
			"rotation": {"angle": 0, "axis": "y", "origin": [-9.13225, 2.19344, 1.84211]},
			"faces": {
				"north": {"uv": [9.25, 0.5, 9.6875, 0.9375], "texture": "#0"},
				"east": {"uv": [1.5, 9.75, 1.8125, 10.1875], "texture": "#0"},
				"south": {"uv": [1, 9.25, 1.4375, 9.6875], "texture": "#0"},
				"west": {"uv": [2, 9.75, 2.3125, 10.1875], "texture": "#0"},
				"up": {"uv": [10.1875, 2.3125, 9.75, 2], "texture": "#0"},
				"down": {"uv": [2.9375, 9.75, 2.5, 10.0625], "texture": "#0"}
			}
		},
		{
			"from": [-7.17125, 23.65844, 10.38836],
			"to": [-6.098, 24.45344, 11.97836],
			"rotation": {"angle": 0, "axis": "y", "origin": [-15.83675, 2.19344, 1.84211]},
			"faces": {
				"north": {"uv": [5.75, 9.75, 6.0625, 10], "texture": "#0"},
				"east": {"uv": [8.25, 3, 8.75, 3.25], "texture": "#0"},
				"south": {"uv": [9.75, 5.75, 10.0625, 6], "texture": "#0"},
				"west": {"uv": [3.5, 9.75, 4, 10], "texture": "#0"},
				"up": {"uv": [9.5625, 1.5, 9.25, 1], "texture": "#0"},
				"down": {"uv": [1.8125, 9.25, 1.5, 9.75], "texture": "#0"}
			}
		},
		{
			"from": [-11.2655, 23.65844, 10.38836],
			"to": [-10.19225, 24.45344, 11.97836],
			"rotation": {"angle": 0, "axis": "y", "origin": [-1.52675, 2.19344, 1.84211]},
			"faces": {
				"north": {"uv": [9.75, 6, 10.0625, 6.25], "texture": "#0"},
				"east": {"uv": [4, 9.75, 4.5, 10], "texture": "#0"},
				"south": {"uv": [6.25, 9.75, 6.5625, 10], "texture": "#0"},
				"west": {"uv": [4.5, 9.75, 5, 10], "texture": "#0"},
				"up": {"uv": [2.3125, 9.75, 2, 9.25], "texture": "#0"},
				"down": {"uv": [9.5625, 2, 9.25, 2.5], "texture": "#0"}
			}
		},
		{
			"from": [-11.46425, 23.34044, 9.43436],
			"to": [-10.073, 24.73169, 10.38836],
			"rotation": {"angle": 0, "axis": "y", "origin": [-1.52675, 2.19344, 1.84211]},
			"faces": {
				"north": {"uv": [3.5, 1.75, 3.9375, 2.1875], "texture": "#0"},
				"east": {"uv": [2.5, 9.25, 2.8125, 9.6875], "texture": "#0"},
				"south": {"uv": [8.25, 1, 8.6875, 1.4375], "texture": "#0"},
				"west": {"uv": [9.25, 2.5, 9.5625, 2.9375], "texture": "#0"},
				"up": {"uv": [3.4375, 9.5625, 3, 9.25], "texture": "#0"},
				"down": {"uv": [9.6875, 3, 9.25, 3.3125], "texture": "#0"}
			}
		},
		{
			"from": [-11.46425, 23.21085, 8.78287],
			"to": [-10.073, 24.6021, 9.73687],
			"rotation": {"angle": -22.5, "axis": "x", "origin": [-10.96737, 23.90648, 9.25987]},
			"faces": {
				"north": {"uv": [4, 8.25, 4.4375, 8.6875], "texture": "#0"},
				"east": {"uv": [3.5, 9.25, 3.8125, 9.6875], "texture": "#0"},
				"south": {"uv": [4.5, 8.25, 4.9375, 8.6875], "texture": "#0"},
				"west": {"uv": [9.25, 3.5, 9.5625, 3.9375], "texture": "#0"},
				"up": {"uv": [4.4375, 9.5625, 4, 9.25], "texture": "#0"},
				"down": {"uv": [4.9375, 9.25, 4.5, 9.5625], "texture": "#0"}
			}
		},
		{
			"from": [-11.46425, 22.84182, 8.23057],
			"to": [-10.073, 24.23307, 9.18457],
			"rotation": {"angle": -45, "axis": "x", "origin": [-10.96737, 23.53744, 8.70757]},
			"faces": {
				"north": {"uv": [5, 8.25, 5.4375, 8.6875], "texture": "#0"},
				"east": {"uv": [5, 9.25, 5.3125, 9.6875], "texture": "#0"},
				"south": {"uv": [8.25, 5.25, 8.6875, 5.6875], "texture": "#0"},
				"west": {"uv": [9.25, 5, 9.5625, 5.4375], "texture": "#0"},
				"up": {"uv": [5.9375, 9.5625, 5.5, 9.25], "texture": "#0"},
				"down": {"uv": [9.6875, 5.5, 9.25, 5.8125], "texture": "#0"}
			}
		},
		{
			"from": [-11.46425, 20.71939, 7.64291],
			"to": [-10.073, 23.46214, 9.03416],
			"rotation": {"angle": 22.5, "axis": "x", "origin": [-10.76862, 22.98514, 8.33853]},
			"faces": {
				"north": {"uv": [8, 4.25, 8.4375, 5.125], "texture": "#0"},
				"east": {"uv": [8, 6.75, 8.4375, 7.625], "texture": "#0"},
				"south": {"uv": [8, 7.75, 8.4375, 8.625], "texture": "#0"},
				"west": {"uv": [0, 8.25, 0.4375, 9.125], "texture": "#0"},
				"up": {"uv": [5.9375, 8.6875, 5.5, 8.25], "texture": "#0"},
				"down": {"uv": [8.6875, 5.75, 8.25, 6.1875], "texture": "#0"}
			}
		},
		{
			"from": [-11.46425, 19.80656, 6.82879],
			"to": [-10.073, 21.15806, 8.22004],
			"rotation": {"angle": 0, "axis": "x", "origin": [-10.76862, 20.68106, 7.52442]},
			"faces": {
				"north": {"uv": [6, 8.25, 6.4375, 8.6875], "texture": "#0"},
				"east": {"uv": [8.25, 6.25, 8.6875, 6.6875], "texture": "#0"},
				"south": {"uv": [6.5, 8.25, 6.9375, 8.6875], "texture": "#0"},
				"west": {"uv": [7, 8.25, 7.4375, 8.6875], "texture": "#0"},
				"up": {"uv": [7.9375, 8.6875, 7.5, 8.25], "texture": "#0"},
				"down": {"uv": [8.9375, 1.5, 8.5, 1.9375], "texture": "#0"}
			}
		},
		{
			"from": [-11.33466, 18.75758, 6.82879],
			"to": [-9.94341, 20.10908, 8.22004],
			"rotation": {"angle": 22.5, "axis": "z", "origin": [-10.63904, 19.63208, 7.52442]},
			"faces": {
				"north": {"uv": [8.5, 4.25, 8.9375, 4.6875], "texture": "#0"},
				"east": {"uv": [8.5, 4.75, 8.9375, 5.1875], "texture": "#0"},
				"south": {"uv": [8.5, 6.75, 8.9375, 7.1875], "texture": "#0"},
				"west": {"uv": [8.5, 7.25, 8.9375, 7.6875], "texture": "#0"},
				"up": {"uv": [8.9375, 8.1875, 8.5, 7.75], "texture": "#0"},
				"down": {"uv": [8.9375, 8.25, 8.5, 8.6875], "texture": "#0"}
			}
		},
		{
			"from": [-10.81351, 18.23553, 6.82879],
			"to": [-9.42226, 19.18953, 8.22004],
			"rotation": {"angle": 45, "axis": "z", "origin": [-10.11788, 18.71253, 7.52442]},
			"faces": {
				"north": {"uv": [6, 9.25, 6.4375, 9.5625], "texture": "#0"},
				"east": {"uv": [9.25, 6, 9.6875, 6.3125], "texture": "#0"},
				"south": {"uv": [6.5, 9.25, 6.9375, 9.5625], "texture": "#0"},
				"west": {"uv": [7, 9.25, 7.4375, 9.5625], "texture": "#0"},
				"up": {"uv": [9.1875, 0.4375, 8.75, 0], "texture": "#0"},
				"down": {"uv": [9.1875, 0.5, 8.75, 0.9375], "texture": "#0"}
			}
		},
		{
			"from": [-10.04258, 17.64787, 6.82879],
			"to": [-9.08858, 19.03912, 8.22004],
			"rotation": {"angle": -22.5, "axis": "z", "origin": [-9.56558, 18.34349, 7.52442]},
			"faces": {
				"north": {"uv": [7.5, 9.25, 7.8125, 9.6875], "texture": "#0"},
				"east": {"uv": [8.75, 1, 9.1875, 1.4375], "texture": "#0"},
				"south": {"uv": [8, 9.25, 8.3125, 9.6875], "texture": "#0"},
				"west": {"uv": [1.5, 8.75, 1.9375, 9.1875], "texture": "#0"},
				"up": {"uv": [8.8125, 9.6875, 8.5, 9.25], "texture": "#0"},
				"down": {"uv": [9.3125, 9.25, 9, 9.6875], "texture": "#0"}
			}
		},
		{
			"from": [-8.27492, 17.64787, 6.82879],
			"to": [-7.32092, 19.03912, 8.22004],
			"rotation": {"angle": 22.5, "axis": "z", "origin": [-7.79792, 18.34349, 7.52442]},
			"faces": {
				"north": {"uv": [9.5, 1.5, 9.8125, 1.9375], "texture": "#0"},
				"east": {"uv": [8.75, 2, 9.1875, 2.4375], "texture": "#0"},
				"south": {"uv": [9.5, 4, 9.8125, 4.4375], "texture": "#0"},
				"west": {"uv": [8.75, 2.5, 9.1875, 2.9375], "texture": "#0"},
				"up": {"uv": [9.8125, 4.9375, 9.5, 4.5], "texture": "#0"},
				"down": {"uv": [9.8125, 6.5, 9.5, 6.9375], "texture": "#0"}
			}
		},
		{
			"from": [-7.94124, 18.23553, 6.82879],
			"to": [-6.54999, 19.18953, 8.22004],
			"rotation": {"angle": -45, "axis": "z", "origin": [-7.24562, 18.71253, 7.52442]},
			"faces": {
				"north": {"uv": [9.5, 7, 9.9375, 7.3125], "texture": "#0"},
				"east": {"uv": [9.5, 7.5, 9.9375, 7.8125], "texture": "#0"},
				"south": {"uv": [9.5, 8, 9.9375, 8.3125], "texture": "#0"},
				"west": {"uv": [9.5, 8.5, 9.9375, 8.8125], "texture": "#0"},
				"up": {"uv": [9.1875, 3.4375, 8.75, 3], "texture": "#0"},
				"down": {"uv": [9.1875, 3.5, 8.75, 3.9375], "texture": "#0"}
			}
		},
		{
			"from": [-9.41097, 17.51828, 6.82879],
			"to": [-7.97997, 18.90953, 8.22004],
			"rotation": {"angle": 0, "axis": "z", "origin": [-9.31159, 18.2139, 7.52442]},
			"faces": {
				"north": {"uv": [4, 8.75, 4.4375, 9.1875], "texture": "#0"},
				"east": {"uv": [4.5, 8.75, 4.9375, 9.1875], "texture": "#0"},
				"south": {"uv": [5, 8.75, 5.4375, 9.1875], "texture": "#0"},
				"west": {"uv": [8.75, 5.25, 9.1875, 5.6875], "texture": "#0"},
				"up": {"uv": [5.9375, 9.1875, 5.5, 8.75], "texture": "#0"},
				"down": {"uv": [9.1875, 5.75, 8.75, 6.1875], "texture": "#0"}
			}
		},
		{
			"from": [-7.2905, 20.71939, 7.64291],
			"to": [-5.89925, 23.46214, 9.03416],
			"rotation": {"angle": 22.5, "axis": "x", "origin": [-6.59488, 22.98514, 8.33853]},
			"faces": {
				"north": {"uv": [8.25, 0, 8.6875, 0.875], "texture": "#0"},
				"east": {"uv": [0.5, 8.25, 0.9375, 9.125], "texture": "#0"},
				"south": {"uv": [1, 8.25, 1.4375, 9.125], "texture": "#0"},
				"west": {"uv": [3.5, 8.25, 3.9375, 9.125], "texture": "#0"},
				"up": {"uv": [6.4375, 9.1875, 6, 8.75], "texture": "#0"},
				"down": {"uv": [9.1875, 6.25, 8.75, 6.6875], "texture": "#0"}
			}
		},
		{
			"from": [-7.2905, 22.84182, 8.23057],
			"to": [-5.89925, 24.23307, 9.18457],
			"rotation": {"angle": -45, "axis": "x", "origin": [-6.39613, 23.53744, 8.70757]},
			"faces": {
				"north": {"uv": [6.5, 8.75, 6.9375, 9.1875], "texture": "#0"},
				"east": {"uv": [9.5, 9, 9.8125, 9.4375], "texture": "#0"},
				"south": {"uv": [7, 8.75, 7.4375, 9.1875], "texture": "#0"},
				"west": {"uv": [9.5, 9.5, 9.8125, 9.9375], "texture": "#0"},
				"up": {"uv": [0.4375, 10.0625, 0, 9.75], "texture": "#0"},
				"down": {"uv": [10.1875, 0, 9.75, 0.3125], "texture": "#0"}
			}
		},
		{
			"from": [-7.2905, 19.80656, 6.82879],
			"to": [-5.89925, 21.15806, 8.22004],
			"rotation": {"angle": 0, "axis": "x", "origin": [-6.59488, 20.68106, 7.52442]},
			"faces": {
				"north": {"uv": [7.5, 8.75, 7.9375, 9.1875], "texture": "#0"},
				"east": {"uv": [8, 8.75, 8.4375, 9.1875], "texture": "#0"},
				"south": {"uv": [8.5, 8.75, 8.9375, 9.1875], "texture": "#0"},
				"west": {"uv": [9, 1.5, 9.4375, 1.9375], "texture": "#0"},
				"up": {"uv": [9.4375, 4.4375, 9, 4], "texture": "#0"},
				"down": {"uv": [9.4375, 4.5, 9, 4.9375], "texture": "#0"}
			}
		},
		{
			"from": [-7.42009, 18.75758, 6.82879],
			"to": [-6.02884, 20.10908, 8.22004],
			"rotation": {"angle": -22.5, "axis": "z", "origin": [-6.72446, 19.63208, 7.52442]},
			"faces": {
				"north": {"uv": [9, 6.75, 9.4375, 7.1875], "texture": "#0"},
				"east": {"uv": [9, 7.25, 9.4375, 7.6875], "texture": "#0"},
				"south": {"uv": [9, 7.75, 9.4375, 8.1875], "texture": "#0"},
				"west": {"uv": [9, 8.25, 9.4375, 8.6875], "texture": "#0"},
				"up": {"uv": [9.4375, 9.1875, 9, 8.75], "texture": "#0"},
				"down": {"uv": [0.4375, 9.25, 0, 9.6875], "texture": "#0"}
			}
		},
		{
			"from": [-7.2905, 23.21085, 8.78287],
			"to": [-5.89925, 24.6021, 9.73687],
			"rotation": {"angle": -22.5, "axis": "x", "origin": [-6.39613, 23.90648, 9.25987]},
			"faces": {
				"north": {"uv": [9.25, 0, 9.6875, 0.4375], "texture": "#0"},
				"east": {"uv": [0.5, 9.75, 0.8125, 10.1875], "texture": "#0"},
				"south": {"uv": [0.5, 9.25, 0.9375, 9.6875], "texture": "#0"},
				"west": {"uv": [9.75, 0.5, 10.0625, 0.9375], "texture": "#0"},
				"up": {"uv": [1.4375, 10.0625, 1, 9.75], "texture": "#0"},
				"down": {"uv": [10.1875, 1, 9.75, 1.3125], "texture": "#0"}
			}
		},
		{
			"from": [-7.2905, 23.34044, 9.43436],
			"to": [-5.89925, 24.73169, 10.38836],
			"rotation": {"angle": 0, "axis": "y", "origin": [-15.83675, 2.19344, 1.84211]},
			"faces": {
				"north": {"uv": [9.25, 0.5, 9.6875, 0.9375], "texture": "#0"},
				"east": {"uv": [1.5, 9.75, 1.8125, 10.1875], "texture": "#0"},
				"south": {"uv": [1, 9.25, 1.4375, 9.6875], "texture": "#0"},
				"west": {"uv": [2, 9.75, 2.3125, 10.1875], "texture": "#0"},
				"up": {"uv": [10.1875, 2.3125, 9.75, 2], "texture": "#0"},
				"down": {"uv": [2.9375, 9.75, 2.5, 10.0625], "texture": "#0"}
			}
		}
	],
	"display": {
		"head": {
			"translation": [0, -61, -13],
			"scale": [3.5, 3.5, 3.5]
		}
	},
	"groups": [
		{
			"name": "group",
			"origin": [-9, 16.07042, 6.44255],
			"color": 0,
			"nbt": "{}",
			"children": []
		},
		{
			"name": "group",
			"origin": [-9, 16.07042, 6.44255],
			"color": 0,
			"nbt": "{}",
			"children": []
		},
		{
			"name": "group",
			"origin": [-9, 16.07042, 6.44255],
			"color": 0,
			"nbt": "{}",
			"children": []
		},
		{
			"name": "group",
			"origin": [-9, 16.07042, 6.44255],
			"color": 0,
			"nbt": "{}",
			"children": []
		},
		{
			"name": "harnasses",
			"origin": [8, 8, 8],
			"color": 0,
			"nbt": "{}",
			"children": [
				{
					"name": "group",
					"origin": [-17.75, 0, 0],
					"color": 0,
					"nbt": "{}",
					"children": [
						0,
						1,
						2,
						3,
						4,
						5,
						{
							"name": "group",
							"origin": [8.01656, 21.78237, 7.0749],
							"color": 0,
							"nbt": "{}",
							"children": [6, 7, 8, 9, 10, 11, 12, 13, 14, 15, 16, 17, 18, 19, 20, 21, 22, 23, 24, 25, 26, 27, 28, 29, 30, 31, 32, 33, 34, 35, 36, 37, 38, 39, 40, 41]
						},
						42,
						43,
						44,
						45,
						46,
						47,
						48,
						49,
						50,
						51,
						52,
						53,
						54
					]
				},
				{
					"name": "group",
					"origin": [-17.75, 0, 0],
					"color": 0,
					"nbt": "{}",
					"children": [55, 56, 57, 58, 59, 60, 61, 62, 63, 64, 65, 66, 67, 68, 69, 70, 71, 72, 73]
				},
				{
					"name": "group",
					"origin": [-17.75, 0, 0],
					"color": 0,
					"nbt": "{}",
					"children": [74, 75, 76, 77, 78, 79, 80, 81, 82, 83, 84, 85, 86, 87, 88, 89, 90, 91, 92]
				},
				{
					"name": "group",
					"origin": [-17.75, 0, 0],
					"color": 0,
					"nbt": "{}",
					"children": [93, 94, 95, 96, 97, 98, 99, 100, 101, 102, 103, 104, 105, 106, 107, 108, 109, 110, 111]
				},
				{
					"name": "group",
					"origin": [-17.75, 0, 0],
					"color": 0,
					"nbt": "{}",
					"children": [112, 113, 114, 115, 116, 117, 118, 119, 120, 121, 122, 123, 124, 125, 126, 127, 128, 129, 130]
				},
				{
					"name": "group",
					"origin": [-17.75, 0, 0],
					"color": 0,
					"nbt": "{}",
					"children": [131, 132, 133, 134, 135, 136, 137, 138, 139, 140, 141, 142, 143, 144, 145, 146, 147, 148, 149]
				}
			]
		},
		{
			"name": "group",
			"origin": [-9, 16.07042, 6.44255],
			"color": 0,
			"nbt": "{}",
			"children": []
		}
	]
}