{
	"credit": "Made with Blockbench",
	"texture_size": [128, 128],
	"textures": {
		"0": "block/custom/dansemacabre",
		"particle": "block/custom/dansemacabre"
	},
	"elements": [
		{
			"name": "hexadecagon",
			"from": [6.76121, 5.8261, 15.54568],
			"to": [7.54381, 7.3989, 17.25803],
			"rotation": {"angle": 0, "axis": "y", "origin": [8, 7, 8]},
			"faces": {
				"east": {"uv": [7.5, 6.75, 7.6875, 6.9375], "texture": "#0"},
				"south": {"uv": [8.5, 1.125, 8.625, 1.3125], "texture": "#0"},
				"west": {"uv": [7, 7.5, 7.1875, 7.6875], "texture": "#0"},
				"up": {"uv": [1.375, 8.6875, 1.25, 8.5], "texture": "#0"}
			}
		},
		{
			"name": "hexadecagon",
			"from": [10.33883, 5.8261, 16.72789],
			"to": [11.12143, 7.3989, 18.44024],
			"rotation": {"angle": -22.5, "axis": "y", "origin": [8, 7, 8]},
			"faces": {
				"north": {"uv": [8.5, 1.375, 8.625, 1.5625], "texture": "#0"},
				"east": {"uv": [7.5, 7, 7.6875, 7.1875], "texture": "#0"},
				"south": {"uv": [1.5, 8.5, 1.625, 8.6875], "texture": "#0"},
				"west": {"uv": [7.25, 7.5, 7.4375, 7.6875], "texture": "#0"},
				"up": {"uv": [1.75, 8.6875, 1.625, 8.5], "texture": "#0"},
				"down": {"uv": [8.625, 1.625, 8.5, 1.8125], "texture": "#0"}
			}
		},
		{
			"name": "hexadecagon",
			"from": [-2.16336, 5.8261, 14.09653],
			"to": [-0.45101, 7.3989, 14.87913],
			"rotation": {"angle": 45, "axis": "y", "origin": [8, 7, 8]},
			"faces": {
				"north": {"uv": [7.5, 7.25, 7.6875, 7.4375], "texture": "#0"},
				"east": {"uv": [8.5, 1.875, 8.625, 2.0625], "texture": "#0"},
				"south": {"uv": [7.5, 7.5, 7.6875, 7.6875], "texture": "#0"},
				"up": {"uv": [8.6875, 2.25, 8.5, 2.125], "texture": "#0"},
				"down": {"uv": [8.6875, 2.25, 8.5, 2.375], "texture": "#0"}
			}
		},
		{
			"name": "hexadecagon",
			"from": [-0.46955, 5.8261, 17.46224],
			"to": [1.24281, 7.3989, 18.24484],
			"rotation": {"angle": 22.5, "axis": "y", "origin": [8, 7, 8]},
			"faces": {
				"north": {"uv": [7.625, 1, 7.8125, 1.1875], "texture": "#0"},
				"south": {"uv": [7.625, 1.25, 7.8125, 1.4375], "texture": "#0"},
				"up": {"uv": [8.6875, 2.75, 8.5, 2.625], "texture": "#0"},
				"down": {"uv": [8.6875, 2.75, 8.5, 2.875], "texture": "#0"}
			}
		},
		{
			"name": "hexadecagon",
			"from": [2.38333, 5.8261, 19.92356],
			"to": [4.09569, 7.3989, 20.70616],
			"rotation": {"angle": 0, "axis": "y", "origin": [8, 7, 8]},
			"faces": {
				"north": {"uv": [7.625, 1.5, 7.8125, 1.6875], "texture": "#0"},
				"south": {"uv": [7.625, 1.75, 7.8125, 1.9375], "texture": "#0"},
				"up": {"uv": [8.6875, 3, 8.5, 2.875], "texture": "#0"}
			}
		},
		{
			"name": "hexadecagon",
			"from": [-1.06479, 5.8261, 15.54568],
			"to": [-0.28219, 7.3989, 17.25803],
			"rotation": {"angle": 0, "axis": "y", "origin": [8, 7, 8]},
			"faces": {
				"north": {"uv": [8.5, 3.125, 8.625, 3.3125], "texture": "#0"},
				"east": {"uv": [7.625, 3.75, 7.8125, 3.9375], "texture": "#0"},
				"west": {"uv": [4, 7.625, 4.1875, 7.8125], "texture": "#0"},
				"up": {"uv": [3.5, 8.6875, 3.375, 8.5], "texture": "#0"}
			}
		},
		{
			"name": "hexadecagon",
			"from": [2.51283, 5.8261, 16.72789],
			"to": [3.29543, 7.3989, 18.44024],
			"rotation": {"angle": -22.5, "axis": "y", "origin": [8, 7, 8]},
			"faces": {
				"north": {"uv": [3.5, 8.5, 3.625, 8.6875], "texture": "#0"},
				"east": {"uv": [4.25, 7.625, 4.4375, 7.8125], "texture": "#0"},
				"south": {"uv": [3.625, 8.5, 3.75, 8.6875], "texture": "#0"},
				"west": {"uv": [4.5, 7.625, 4.6875, 7.8125], "texture": "#0"},
				"up": {"uv": [3.875, 8.6875, 3.75, 8.5], "texture": "#0"},
				"down": {"uv": [4, 8.5, 3.875, 8.6875], "texture": "#0"}
			}
		},
		{
			"name": "hexadecagon",
			"from": [-2.16336, 5.8261, 6.27053],
			"to": [-0.45101, 7.3989, 7.05313],
			"rotation": {"angle": 45, "axis": "y", "origin": [8, 7, 8]},
			"faces": {
				"north": {"uv": [4.75, 7.625, 4.9375, 7.8125], "texture": "#0"},
				"east": {"uv": [8.5, 3.875, 8.625, 4.0625], "texture": "#0"},
				"south": {"uv": [7.625, 4.75, 7.8125, 4.9375], "texture": "#0"},
				"west": {"uv": [4, 8.5, 4.125, 8.6875], "texture": "#0"},
				"up": {"uv": [8.6875, 3.75, 8.5, 3.625], "texture": "#0"},
				"down": {"uv": [8.6875, 4.125, 8.5, 4.25], "texture": "#0"}
			}
		},
		{
			"name": "hexadecagon",
			"from": [-0.46955, 5.8261, 9.63624],
			"to": [1.24281, 7.3989, 10.41884],
			"rotation": {"angle": 22.5, "axis": "y", "origin": [8, 7, 8]},
			"faces": {
				"north": {"uv": [7.625, 5, 7.8125, 5.1875], "texture": "#0"},
				"south": {"uv": [7.625, 5.25, 7.8125, 5.4375], "texture": "#0"},
				"west": {"uv": [8.5, 4.25, 8.625, 4.4375], "texture": "#0"},
				"up": {"uv": [8.6875, 4.625, 8.5, 4.5], "texture": "#0"},
				"down": {"uv": [4.8125, 8.5, 4.625, 8.625], "texture": "#0"}
			}
		},
		{
			"name": "hexadecagon",
			"from": [2.38333, 5.8261, 12.09756],
			"to": [4.09569, 7.3989, 12.88016],
			"rotation": {"angle": 0, "axis": "y", "origin": [8, 7, 8]},
			"faces": {
				"north": {"uv": [7.625, 5.5, 7.8125, 5.6875], "texture": "#0"},
				"south": {"uv": [5.75, 7.625, 5.9375, 7.8125], "texture": "#0"},
				"up": {"uv": [5.1875, 8.625, 5, 8.5], "texture": "#0"}
			}
		},
		{
			"name": "hexadecagon",
			"from": [5.96095, 5.8261, 21.10576],
			"to": [7.67331, 7.3989, 21.88836],
			"rotation": {"angle": -22.5, "axis": "y", "origin": [8, 7, 8]},
			"faces": {
				"north": {"uv": [7.625, 5.75, 7.8125, 5.9375], "texture": "#0"},
				"south": {"uv": [6, 7.625, 6.1875, 7.8125], "texture": "#0"},
				"up": {"uv": [8.6875, 5.625, 8.5, 5.5], "texture": "#0"},
				"down": {"uv": [8.6875, 5.625, 8.5, 5.75], "texture": "#0"}
			}
		},
		{
			"name": "hexadecagon",
			"from": [-5.61149, 5.8261, 9.71865],
			"to": [-4.82889, 7.3989, 11.43101],
			"rotation": {"angle": 45, "axis": "y", "origin": [8, 7, 8]},
			"faces": {
				"east": {"uv": [7.625, 6, 7.8125, 6.1875], "texture": "#0"},
				"west": {"uv": [6.25, 7.625, 6.4375, 7.8125], "texture": "#0"},
				"up": {"uv": [8.625, 5.9375, 8.5, 5.75], "texture": "#0"},
				"down": {"uv": [6, 8.5, 5.875, 8.6875], "texture": "#0"}
			}
		},
		{
			"name": "hexadecagon",
			"from": [-3.91767, 5.8261, 13.08436],
			"to": [-3.13507, 7.3989, 14.79672],
			"rotation": {"angle": 22.5, "axis": "y", "origin": [8, 7, 8]},
			"faces": {
				"east": {"uv": [7.625, 6.25, 7.8125, 6.4375], "texture": "#0"},
				"west": {"uv": [6.5, 7.625, 6.6875, 7.8125], "texture": "#0"},
				"up": {"uv": [6.375, 8.6875, 6.25, 8.5], "texture": "#0"},
				"down": {"uv": [6.75, 8.5, 6.625, 8.6875], "texture": "#0"}
			}
		},
		{
			"name": "hexadecagon",
			"from": [5.96095, 5.8261, 13.27976],
			"to": [7.67331, 7.3989, 14.06236],
			"rotation": {"angle": -22.5, "axis": "y", "origin": [8, 7, 8]},
			"faces": {
				"north": {"uv": [7.625, 6.5, 7.8125, 6.6875], "texture": "#0"},
				"south": {"uv": [6.75, 7.625, 6.9375, 7.8125], "texture": "#0"},
				"up": {"uv": [8.6875, 6.375, 8.5, 6.25], "texture": "#0"},
				"down": {"uv": [7.1875, 8.5, 7, 8.625], "texture": "#0"}
			}
		},
		{
			"name": "hexadecagon",
			"from": [2.21451, 5.8261, 9.71865],
			"to": [2.99711, 7.3989, 11.43101],
			"rotation": {"angle": 45, "axis": "y", "origin": [8, 7, 8]},
			"faces": {
				"east": {"uv": [7.75, 2, 7.9375, 2.1875], "texture": "#0"},
				"west": {"uv": [7.75, 2.25, 7.9375, 2.4375], "texture": "#0"},
				"up": {"uv": [7.75, 8.6875, 7.625, 8.5], "texture": "#0"},
				"down": {"uv": [7.875, 8.5, 7.75, 8.6875], "texture": "#0"}
			}
		},
		{
			"name": "hexadecagon",
			"from": [3.90833, 5.8261, 13.08436],
			"to": [4.69093, 7.3989, 14.79672],
			"rotation": {"angle": 22.5, "axis": "y", "origin": [8, 7, 8]},
			"faces": {
				"east": {"uv": [7.75, 2.5, 7.9375, 2.6875], "texture": "#0"},
				"west": {"uv": [7.75, 2.75, 7.9375, 2.9375], "texture": "#0"},
				"up": {"uv": [8.25, 8.6875, 8.125, 8.5], "texture": "#0"},
				"down": {"uv": [8.625, 8.25, 8.5, 8.4375], "texture": "#0"}
			}
		},
		{
			"name": "hexadecagon",
			"from": [11.65431, 5.8261, 3.11984],
			"to": [13.36667, 7.3989, 3.90244],
			"rotation": {"angle": 0, "axis": "y", "origin": [8, 7, 8]},
			"faces": {
				"north": {"uv": [7.75, 3, 7.9375, 3.1875], "texture": "#0"},
				"south": {"uv": [7.75, 3.25, 7.9375, 3.4375], "texture": "#0"},
				"up": {"uv": [8.6875, 7.125, 8.5, 7], "texture": "#0"}
			}
		},
		{
			"name": "hexadecagon",
			"from": [14.52622, 5.8261, 5.48549],
			"to": [16.23858, 7.3989, 6.26809],
			"rotation": {"angle": 22.5, "axis": "y", "origin": [8, 7, 8]},
			"faces": {
				"north": {"uv": [7.75, 3.5, 7.9375, 3.6875], "texture": "#0"},
				"south": {"uv": [7.75, 4, 7.9375, 4.1875], "texture": "#0"},
				"up": {"uv": [0.3125, 8.75, 0.125, 8.625], "texture": "#0"},
				"down": {"uv": [8.8125, 0.25, 8.625, 0.375], "texture": "#0"}
			}
		},
		{
			"name": "hexadecagon",
			"from": [16.27423, 5.8261, 8.77009],
			"to": [17.98659, 7.3989, 9.55269],
			"rotation": {"angle": 45, "axis": "y", "origin": [8, 7, 8]},
			"faces": {
				"north": {"uv": [7.75, 4.25, 7.9375, 4.4375], "texture": "#0"},
				"south": {"uv": [7.75, 4.5, 7.9375, 4.6875], "texture": "#0"},
				"up": {"uv": [8.8125, 0.5, 8.625, 0.375], "texture": "#0"},
				"down": {"uv": [8.8125, 0.75, 8.625, 0.875], "texture": "#0"}
			}
		},
		{
			"name": "hexadecagon",
			"from": [12.4736, 5.8261, -2.34457],
			"to": [13.2562, 7.3989, -0.63221],
			"rotation": {"angle": -22.5, "axis": "y", "origin": [8, 7, 8]},
			"faces": {
				"north": {"uv": [0.75, 8.625, 0.875, 8.8125], "texture": "#0"},
				"east": {"uv": [5, 7.75, 5.1875, 7.9375], "texture": "#0"},
				"west": {"uv": [5.25, 7.75, 5.4375, 7.9375], "texture": "#0"},
				"up": {"uv": [8.75, 1.5625, 8.625, 1.375], "texture": "#0"},
				"down": {"uv": [8.75, 1.625, 8.625, 1.8125], "texture": "#0"}
			}
		},
		{
			"name": "hexadecagon",
			"from": [16.03219, 5.8261, -1.25803],
			"to": [16.81479, 7.3989, 0.45432],
			"rotation": {"angle": 0, "axis": "y", "origin": [8, 7, 8]},
			"faces": {
				"east": {"uv": [5.5, 7.75, 5.6875, 7.9375], "texture": "#0"},
				"west": {"uv": [7.75, 6.75, 7.9375, 6.9375], "texture": "#0"},
				"up": {"uv": [8.75, 2.0625, 8.625, 1.875], "texture": "#0"}
			}
		},
		{
			"name": "hexadecagon",
			"from": [11.65431, 5.8261, -4.70616],
			"to": [13.36667, 7.3989, -3.92356],
			"rotation": {"angle": 0, "axis": "y", "origin": [8, 7, 8]},
			"faces": {
				"north": {"uv": [7, 7.75, 7.1875, 7.9375], "texture": "#0"},
				"south": {"uv": [7.75, 7, 7.9375, 7.1875], "texture": "#0"},
				"up": {"uv": [8.8125, 1, 8.625, 0.875], "texture": "#0"}
			}
		},
		{
			"name": "hexadecagon",
			"from": [14.52622, 5.8261, -2.34051],
			"to": [16.23858, 7.3989, -1.55791],
			"rotation": {"angle": 22.5, "axis": "y", "origin": [8, 7, 8]},
			"faces": {
				"north": {"uv": [7.25, 7.75, 7.4375, 7.9375], "texture": "#0"},
				"south": {"uv": [7.75, 7.25, 7.9375, 7.4375], "texture": "#0"},
				"up": {"uv": [8.8125, 3.25, 8.625, 3.125], "texture": "#0"},
				"down": {"uv": [8.8125, 3.25, 8.625, 3.375], "texture": "#0"}
			}
		},
		{
			"name": "hexadecagon",
			"from": [16.27423, 5.8261, 0.94409],
			"to": [17.98659, 7.3989, 1.72669],
			"rotation": {"angle": 45, "axis": "y", "origin": [8, 7, 8]},
			"faces": {
				"north": {"uv": [7.5, 7.75, 7.6875, 7.9375], "texture": "#0"},
				"south": {"uv": [7.75, 7.5, 7.9375, 7.6875], "texture": "#0"},
				"up": {"uv": [8.8125, 4.125, 8.625, 4], "texture": "#0"},
				"down": {"uv": [4.4375, 8.625, 4.25, 8.75], "texture": "#0"}
			}
		},
		{
			"name": "hexadecagon",
			"from": [4.6476, 5.8261, -2.34457],
			"to": [5.4302, 7.3989, -0.63221],
			"rotation": {"angle": -22.5, "axis": "y", "origin": [8, 7, 8]},
			"faces": {
				"east": {"uv": [7.75, 7.75, 7.9375, 7.9375], "texture": "#0"},
				"west": {"uv": [7.875, 1, 8.0625, 1.1875], "texture": "#0"},
				"up": {"uv": [4.75, 8.8125, 4.625, 8.625], "texture": "#0"},
				"down": {"uv": [8.75, 4.625, 8.625, 4.8125], "texture": "#0"}
			}
		},
		{
			"name": "hexadecagon",
			"from": [8.20619, 5.8261, -1.25803],
			"to": [8.98879, 7.3989, 0.45432],
			"rotation": {"angle": 0, "axis": "y", "origin": [8, 7, 8]},
			"faces": {
				"east": {"uv": [7.875, 1.25, 8.0625, 1.4375], "texture": "#0"},
				"west": {"uv": [7.875, 1.5, 8.0625, 1.6875], "texture": "#0"},
				"up": {"uv": [8.75, 5.0625, 8.625, 4.875], "texture": "#0"}
			}
		},
		{
			"name": "hexadecagon",
			"from": [18.9041, 5.8261, 1.10761],
			"to": [19.6867, 7.3989, 2.81997],
			"rotation": {"angle": 22.5, "axis": "y", "origin": [8, 7, 8]},
			"faces": {
				"east": {"uv": [7.875, 1.75, 8.0625, 1.9375], "texture": "#0"},
				"west": {"uv": [7.875, 3.75, 8.0625, 3.9375], "texture": "#0"},
				"up": {"uv": [8.75, 5.4375, 8.625, 5.25], "texture": "#0"},
				"down": {"uv": [5.75, 8.625, 5.625, 8.8125], "texture": "#0"}
			}
		},
		{
			"name": "hexadecagon",
			"from": [20.65211, 5.8261, 4.39221],
			"to": [21.43471, 7.3989, 6.10457],
			"rotation": {"angle": 45, "axis": "y", "origin": [8, 7, 8]},
			"faces": {
				"east": {"uv": [4, 7.875, 4.1875, 8.0625], "texture": "#0"},
				"west": {"uv": [4.25, 7.875, 4.4375, 8.0625], "texture": "#0"},
				"up": {"uv": [8.75, 6.1875, 8.625, 6], "texture": "#0"},
				"down": {"uv": [6.5, 8.625, 6.375, 8.8125], "texture": "#0"}
			}
		},
		{
			"name": "hexadecagon",
			"from": [8.09572, 5.8261, -5.79269],
			"to": [9.80808, 7.3989, -5.01009],
			"rotation": {"angle": -22.5, "axis": "y", "origin": [8, 7, 8]},
			"faces": {
				"north": {"uv": [4.5, 7.875, 4.6875, 8.0625], "texture": "#0"},
				"south": {"uv": [4.75, 7.875, 4.9375, 8.0625], "texture": "#0"},
				"up": {"uv": [8.8125, 6.75, 8.625, 6.625], "texture": "#0"},
				"down": {"uv": [8.8125, 6.75, 8.625, 6.875], "texture": "#0"}
			}
		},
		{
			"name": "hexadecagon",
			"from": [11.0781, 5.8261, 1.10761],
			"to": [11.8607, 7.3989, 2.81997],
			"rotation": {"angle": 22.5, "axis": "y", "origin": [8, 7, 8]},
			"faces": {
				"north": {"uv": [6.875, 8.625, 7, 8.8125], "texture": "#0"},
				"east": {"uv": [7.875, 4.75, 8.0625, 4.9375], "texture": "#0"},
				"west": {"uv": [7.875, 5, 8.0625, 5.1875], "texture": "#0"},
				"up": {"uv": [7.25, 8.8125, 7.125, 8.625], "texture": "#0"},
				"down": {"uv": [8.75, 7.125, 8.625, 7.3125], "texture": "#0"}
			}
		},
		{
			"name": "hexadecagon",
			"from": [12.82611, 5.8261, 4.39221],
			"to": [13.60871, 7.3989, 6.10457],
			"rotation": {"angle": 45, "axis": "y", "origin": [8, 7, 8]},
			"faces": {
				"east": {"uv": [7.875, 5.25, 8.0625, 5.4375], "texture": "#0"},
				"west": {"uv": [7.875, 5.5, 8.0625, 5.6875], "texture": "#0"},
				"up": {"uv": [8.75, 7.8125, 8.625, 7.625], "texture": "#0"},
				"down": {"uv": [8.75, 7.875, 8.625, 8.0625], "texture": "#0"}
			}
		},
		{
			"name": "hexadecagon",
			"from": [8.09572, 5.8261, 2.03331],
			"to": [9.80808, 7.3989, 2.81591],
			"rotation": {"angle": -22.5, "axis": "y", "origin": [8, 7, 8]},
			"faces": {
				"north": {"uv": [5.75, 7.875, 5.9375, 8.0625], "texture": "#0"},
				"south": {"uv": [7.875, 5.75, 8.0625, 5.9375], "texture": "#0"},
				"up": {"uv": [8.8125, 7, 8.625, 6.875], "texture": "#0"},
				"down": {"uv": [8.8125, 7.375, 8.625, 7.5], "texture": "#0"}
			}
		},
		{
			"name": "hexadecagon",
			"from": [16.27423, 5.8261, 6.44731],
			"to": [17.98659, 7.3989, 7.22991],
			"rotation": {"angle": -45, "axis": "y", "origin": [8, 7, 8]},
			"faces": {
				"north": {"uv": [7.125, 5, 7.3125, 5.1875], "texture": "#0"},
				"south": {"uv": [7.125, 5.25, 7.3125, 5.4375], "texture": "#0"},
				"up": {"uv": [1.9375, 8.375, 1.75, 8.25], "texture": "#0"},
				"down": {"uv": [8.4375, 1.75, 8.25, 1.875], "texture": "#0"}
			}
		},
		{
			"name": "hexadecagon",
			"from": [12.4736, 5.8261, 16.63221],
			"to": [13.2562, 7.3989, 18.34457],
			"rotation": {"angle": 22.5, "axis": "y", "origin": [8, 7, 8]},
			"faces": {
				"east": {"uv": [7.125, 5.5, 7.3125, 5.6875], "texture": "#0"},
				"south": {"uv": [2, 8.25, 2.125, 8.4375], "texture": "#0"},
				"west": {"uv": [5.75, 7.125, 5.9375, 7.3125], "texture": "#0"},
				"up": {"uv": [2.25, 8.4375, 2.125, 8.25], "texture": "#0"},
				"down": {"uv": [8.375, 2.125, 8.25, 2.3125], "texture": "#0"}
			}
		},
		{
			"name": "hexadecagon",
			"from": [16.03219, 5.8261, 15.54568],
			"to": [16.81479, 7.3989, 17.25803],
			"rotation": {"angle": 0, "axis": "y", "origin": [8, 7, 8]},
			"faces": {
				"east": {"uv": [7.125, 5.75, 7.3125, 5.9375], "texture": "#0"},
				"west": {"uv": [6, 7.125, 6.1875, 7.3125], "texture": "#0"},
				"up": {"uv": [8.375, 2.8125, 8.25, 2.625], "texture": "#0"}
			}
		},
		{
			"name": "hexadecagon",
			"from": [18.9041, 5.8261, 13.18003],
			"to": [19.6867, 7.3989, 14.89239],
			"rotation": {"angle": -22.5, "axis": "y", "origin": [8, 7, 8]},
			"faces": {
				"east": {"uv": [7.125, 6, 7.3125, 6.1875], "texture": "#0"},
				"west": {"uv": [6.25, 7.125, 6.4375, 7.3125], "texture": "#0"},
				"up": {"uv": [3.375, 8.4375, 3.25, 8.25], "texture": "#0"},
				"down": {"uv": [3.5, 8.25, 3.375, 8.4375], "texture": "#0"}
			}
		},
		{
			"name": "hexadecagon",
			"from": [20.65211, 5.8261, 9.89543],
			"to": [21.43471, 7.3989, 11.60779],
			"rotation": {"angle": -45, "axis": "y", "origin": [8, 7, 8]},
			"faces": {
				"east": {"uv": [7.125, 6.25, 7.3125, 6.4375], "texture": "#0"},
				"west": {"uv": [6.5, 7.125, 6.6875, 7.3125], "texture": "#0"},
				"up": {"uv": [8.375, 4.0625, 8.25, 3.875], "texture": "#0"},
				"down": {"uv": [4.125, 8.25, 4, 8.4375], "texture": "#0"}
			}
		},
		{
			"name": "hexadecagon",
			"from": [16.27423, 5.8261, 14.27331],
			"to": [17.98659, 7.3989, 15.05591],
			"rotation": {"angle": -45, "axis": "y", "origin": [8, 7, 8]},
			"faces": {
				"north": {"uv": [7.125, 6.5, 7.3125, 6.6875], "texture": "#0"},
				"south": {"uv": [6.75, 7.125, 6.9375, 7.3125], "texture": "#0"},
				"up": {"uv": [8.4375, 3.75, 8.25, 3.625], "texture": "#0"},
				"down": {"uv": [4.5625, 8.25, 4.375, 8.375], "texture": "#0"}
			}
		},
		{
			"name": "hexadecagon",
			"from": [4.6476, 5.8261, 16.63221],
			"to": [5.4302, 7.3989, 18.34457],
			"rotation": {"angle": 22.5, "axis": "y", "origin": [8, 7, 8]},
			"faces": {
				"east": {"uv": [7.25, 2, 7.4375, 2.1875], "texture": "#0"},
				"west": {"uv": [7.25, 2.25, 7.4375, 2.4375], "texture": "#0"},
				"up": {"uv": [4.875, 8.4375, 4.75, 8.25], "texture": "#0"},
				"down": {"uv": [8.375, 4.75, 8.25, 4.9375], "texture": "#0"}
			}
		},
		{
			"name": "hexadecagon",
			"from": [8.20619, 5.8261, 15.54568],
			"to": [8.98879, 7.3989, 17.25803],
			"rotation": {"angle": 0, "axis": "y", "origin": [8, 7, 8]},
			"faces": {
				"east": {"uv": [7.25, 2.5, 7.4375, 2.6875], "texture": "#0"},
				"west": {"uv": [7.25, 2.75, 7.4375, 2.9375], "texture": "#0"},
				"up": {"uv": [8.375, 5.4375, 8.25, 5.25], "texture": "#0"}
			}
		},
		{
			"name": "hexadecagon",
			"from": [11.0781, 5.8261, 13.18003],
			"to": [11.8607, 7.3989, 14.89239],
			"rotation": {"angle": -22.5, "axis": "y", "origin": [8, 7, 8]},
			"faces": {
				"east": {"uv": [7.25, 3, 7.4375, 3.1875], "texture": "#0"},
				"south": {"uv": [8.25, 5.625, 8.375, 5.8125], "texture": "#0"},
				"west": {"uv": [7.25, 3.25, 7.4375, 3.4375], "texture": "#0"},
				"up": {"uv": [5.875, 8.4375, 5.75, 8.25], "texture": "#0"},
				"down": {"uv": [6, 8.25, 5.875, 8.4375], "texture": "#0"}
			}
		},
		{
			"name": "hexadecagon",
			"from": [12.82611, 5.8261, 9.89543],
			"to": [13.60871, 7.3989, 11.60779],
			"rotation": {"angle": -45, "axis": "y", "origin": [8, 7, 8]},
			"faces": {
				"east": {"uv": [7.25, 3.5, 7.4375, 3.6875], "texture": "#0"},
				"west": {"uv": [7.25, 4, 7.4375, 4.1875], "texture": "#0"},
				"up": {"uv": [6.375, 8.4375, 6.25, 8.25], "texture": "#0"},
				"down": {"uv": [8.375, 6.5, 8.25, 6.6875], "texture": "#0"}
			}
		},
		{
			"name": "hexadecagon",
			"from": [8.09572, 5.8261, 21.01009],
			"to": [9.80808, 7.3989, 21.79269],
			"rotation": {"angle": 22.5, "axis": "y", "origin": [8, 7, 8]},
			"faces": {
				"north": {"uv": [7.25, 4.25, 7.4375, 4.4375], "texture": "#0"},
				"south": {"uv": [7.25, 4.5, 7.4375, 4.6875], "texture": "#0"},
				"up": {"uv": [8.4375, 6.875, 8.25, 6.75], "texture": "#0"},
				"down": {"uv": [8.4375, 6.875, 8.25, 7], "texture": "#0"}
			}
		},
		{
			"name": "hexadecagon",
			"from": [11.65431, 5.8261, 19.92356],
			"to": [13.36667, 7.3989, 20.70616],
			"rotation": {"angle": 0, "axis": "y", "origin": [8, 7, 8]},
			"faces": {
				"north": {"uv": [5, 7.25, 5.1875, 7.4375], "texture": "#0"},
				"south": {"uv": [5.25, 7.25, 5.4375, 7.4375], "texture": "#0"},
				"up": {"uv": [8.4375, 7.125, 8.25, 7], "texture": "#0"}
			}
		},
		{
			"name": "hexadecagon",
			"from": [14.52622, 5.8261, 17.55791],
			"to": [16.23858, 7.3989, 18.34051],
			"rotation": {"angle": -22.5, "axis": "y", "origin": [8, 7, 8]},
			"faces": {
				"north": {"uv": [5.5, 7.25, 5.6875, 7.4375], "texture": "#0"},
				"south": {"uv": [7.25, 6.75, 7.4375, 6.9375], "texture": "#0"},
				"up": {"uv": [8.4375, 7.625, 8.25, 7.5], "texture": "#0"},
				"down": {"uv": [7.8125, 8.25, 7.625, 8.375], "texture": "#0"}
			}
		},
		{
			"name": "hexadecagon",
			"from": [8.09572, 5.8261, 13.18409],
			"to": [9.80808, 7.3989, 13.96669],
			"rotation": {"angle": 22.5, "axis": "y", "origin": [8, 7, 8]},
			"faces": {
				"north": {"uv": [7, 7.25, 7.1875, 7.4375], "texture": "#0"},
				"south": {"uv": [7.25, 7, 7.4375, 7.1875], "texture": "#0"},
				"up": {"uv": [8.4375, 8, 8.25, 7.875], "texture": "#0"},
				"down": {"uv": [8.4375, 8, 8.25, 8.125], "texture": "#0"}
			}
		},
		{
			"name": "hexadecagon",
			"from": [11.65431, 5.8261, 12.09756],
			"to": [13.36667, 7.3989, 12.88016],
			"rotation": {"angle": 0, "axis": "y", "origin": [8, 7, 8]},
			"faces": {
				"north": {"uv": [7.25, 7.25, 7.4375, 7.4375], "texture": "#0"},
				"south": {"uv": [7.375, 1, 7.5625, 1.1875], "texture": "#0"},
				"up": {"uv": [8.5625, 0.125, 8.375, 0], "texture": "#0"}
			}
		},
		{
			"name": "hexadecagon",
			"from": [14.52622, 5.8261, 9.73191],
			"to": [16.23858, 7.3989, 10.51451],
			"rotation": {"angle": -22.5, "axis": "y", "origin": [8, 7, 8]},
			"faces": {
				"north": {"uv": [7.375, 1.25, 7.5625, 1.4375], "texture": "#0"},
				"south": {"uv": [7.375, 1.5, 7.5625, 1.6875], "texture": "#0"},
				"up": {"uv": [8.5625, 0.875, 8.375, 0.75], "texture": "#0"},
				"down": {"uv": [8.5625, 0.875, 8.375, 1], "texture": "#0"}
			}
		},
		{
			"name": "hexadecagon",
			"from": [2.21451, 5.8261, 4.56899],
			"to": [2.99711, 7.3989, 6.28135],
			"rotation": {"angle": -45, "axis": "y", "origin": [8, 7, 8]},
			"faces": {
				"east": {"uv": [7.375, 1.75, 7.5625, 1.9375], "texture": "#0"},
				"west": {"uv": [7.375, 3.75, 7.5625, 3.9375], "texture": "#0"},
				"up": {"uv": [8.5, 1.6875, 8.375, 1.5], "texture": "#0"},
				"down": {"uv": [1.875, 8.375, 1.75, 8.5625], "texture": "#0"}
			}
		},
		{
			"name": "hexadecagon",
			"from": [3.90833, 5.8261, 1.20328],
			"to": [4.69093, 7.3989, 2.91564],
			"rotation": {"angle": -22.5, "axis": "y", "origin": [8, 7, 8]},
			"faces": {
				"east": {"uv": [4, 7.375, 4.1875, 7.5625], "texture": "#0"},
				"west": {"uv": [4.25, 7.375, 4.4375, 7.5625], "texture": "#0"},
				"up": {"uv": [8.5, 2.3125, 8.375, 2.125], "texture": "#0"},
				"down": {"uv": [2.375, 8.375, 2.25, 8.5625], "texture": "#0"}
			}
		},
		{
			"name": "hexadecagon",
			"from": [6.76121, 5.8261, -1.25803],
			"to": [7.54381, 7.3989, 0.45432],
			"rotation": {"angle": 0, "axis": "y", "origin": [8, 7, 8]},
			"faces": {
				"north": {"uv": [2.375, 8.375, 2.5, 8.5625], "texture": "#0"},
				"east": {"uv": [4.5, 7.375, 4.6875, 7.5625], "texture": "#0"},
				"west": {"uv": [4.75, 7.375, 4.9375, 7.5625], "texture": "#0"},
				"up": {"uv": [2.75, 8.5625, 2.625, 8.375], "texture": "#0"}
			}
		},
		{
			"name": "hexadecagon",
			"from": [10.33883, 5.8261, -2.44024],
			"to": [11.12143, 7.3989, -0.72789],
			"rotation": {"angle": 22.5, "axis": "y", "origin": [8, 7, 8]},
			"faces": {
				"north": {"uv": [2.75, 8.375, 2.875, 8.5625], "texture": "#0"},
				"east": {"uv": [7.375, 4.75, 7.5625, 4.9375], "texture": "#0"},
				"south": {"uv": [8.375, 2.875, 8.5, 3.0625], "texture": "#0"},
				"west": {"uv": [7.375, 5, 7.5625, 5.1875], "texture": "#0"},
				"up": {"uv": [3.125, 8.5625, 3, 8.375], "texture": "#0"},
				"down": {"uv": [3.25, 8.375, 3.125, 8.5625], "texture": "#0"}
			}
		},
		{
			"name": "hexadecagon",
			"from": [-2.16336, 5.8261, 1.12087],
			"to": [-0.45101, 7.3989, 1.90347],
			"rotation": {"angle": -45, "axis": "y", "origin": [8, 7, 8]},
			"faces": {
				"north": {"uv": [7.375, 5.25, 7.5625, 5.4375], "texture": "#0"},
				"east": {"uv": [8.375, 3.125, 8.5, 3.3125], "texture": "#0"},
				"south": {"uv": [7.375, 5.5, 7.5625, 5.6875], "texture": "#0"},
				"up": {"uv": [3.9375, 8.5, 3.75, 8.375], "texture": "#0"},
				"down": {"uv": [8.5625, 3.75, 8.375, 3.875], "texture": "#0"}
			}
		},
		{
			"name": "hexadecagon",
			"from": [-5.61149, 5.8261, 4.56899],
			"to": [-4.82889, 7.3989, 6.28135],
			"rotation": {"angle": -45, "axis": "y", "origin": [8, 7, 8]},
			"faces": {
				"east": {"uv": [5.75, 7.375, 5.9375, 7.5625], "texture": "#0"},
				"west": {"uv": [7.375, 5.75, 7.5625, 5.9375], "texture": "#0"},
				"up": {"uv": [4.375, 8.5625, 4.25, 8.375], "texture": "#0"},
				"down": {"uv": [4.5, 8.375, 4.375, 8.5625], "texture": "#0"}
			}
		},
		{
			"name": "hexadecagon",
			"from": [-3.91767, 5.8261, 1.20328],
			"to": [-3.13507, 7.3989, 2.91564],
			"rotation": {"angle": -22.5, "axis": "y", "origin": [8, 7, 8]},
			"faces": {
				"east": {"uv": [6, 7.375, 6.1875, 7.5625], "texture": "#0"},
				"west": {"uv": [7.375, 6, 7.5625, 6.1875], "texture": "#0"},
				"up": {"uv": [8.5, 4.8125, 8.375, 4.625], "texture": "#0"},
				"down": {"uv": [5, 8.375, 4.875, 8.5625], "texture": "#0"}
			}
		},
		{
			"name": "hexadecagon",
			"from": [-1.06479, 5.8261, -1.25803],
			"to": [-0.28219, 7.3989, 0.45432],
			"rotation": {"angle": 0, "axis": "y", "origin": [8, 7, 8]},
			"faces": {
				"east": {"uv": [6.25, 7.375, 6.4375, 7.5625], "texture": "#0"},
				"south": {"uv": [8.375, 5.125, 8.5, 5.3125], "texture": "#0"},
				"west": {"uv": [7.375, 6.25, 7.5625, 6.4375], "texture": "#0"},
				"up": {"uv": [5.375, 8.5625, 5.25, 8.375], "texture": "#0"}
			}
		},
		{
			"name": "hexadecagon",
			"from": [2.51283, 5.8261, -2.44024],
			"to": [3.29543, 7.3989, -0.72789],
			"rotation": {"angle": 22.5, "axis": "y", "origin": [8, 7, 8]},
			"faces": {
				"north": {"uv": [5.625, 8.375, 5.75, 8.5625], "texture": "#0"},
				"east": {"uv": [6.5, 7.375, 6.6875, 7.5625], "texture": "#0"},
				"south": {"uv": [8.375, 5.625, 8.5, 5.8125], "texture": "#0"},
				"west": {"uv": [7.375, 6.5, 7.5625, 6.6875], "texture": "#0"},
				"up": {"uv": [8.5, 6.0625, 8.375, 5.875], "texture": "#0"},
				"down": {"uv": [6.125, 8.375, 6, 8.5625], "texture": "#0"}
			}
		},
		{
			"name": "hexadecagon",
			"from": [-2.16336, 5.8261, 8.94687],
			"to": [-0.45101, 7.3989, 9.72947],
			"rotation": {"angle": -45, "axis": "y", "origin": [8, 7, 8]},
			"faces": {
				"north": {"uv": [6.75, 7.375, 6.9375, 7.5625], "texture": "#0"},
				"east": {"uv": [8.375, 6.125, 8.5, 6.3125], "texture": "#0"},
				"south": {"uv": [7.5, 2, 7.6875, 2.1875], "texture": "#0"},
				"west": {"uv": [6.375, 8.375, 6.5, 8.5625], "texture": "#0"},
				"up": {"uv": [8.5625, 6.5, 8.375, 6.375], "texture": "#0"},
				"down": {"uv": [8.5625, 6.5, 8.375, 6.625], "texture": "#0"}
			}
		},
		{
			"name": "hexadecagon",
			"from": [-0.46955, 5.8261, -2.24484],
			"to": [1.24281, 7.3989, -1.46224],
			"rotation": {"angle": -22.5, "axis": "y", "origin": [8, 7, 8]},
			"faces": {
				"north": {"uv": [7.5, 2.25, 7.6875, 2.4375], "texture": "#0"},
				"south": {"uv": [7.5, 2.5, 7.6875, 2.6875], "texture": "#0"},
				"up": {"uv": [8.5625, 6.75, 8.375, 6.625], "texture": "#0"},
				"down": {"uv": [8.5625, 7.125, 8.375, 7.25], "texture": "#0"}
			}
		},
		{
			"name": "hexadecagon",
			"from": [2.38333, 5.8261, -4.70616],
			"to": [4.09569, 7.3989, -3.92356],
			"rotation": {"angle": 0, "axis": "y", "origin": [8, 7, 8]},
			"faces": {
				"north": {"uv": [7.5, 2.75, 7.6875, 2.9375], "texture": "#0"},
				"south": {"uv": [7.5, 3, 7.6875, 3.1875], "texture": "#0"},
				"up": {"uv": [7.8125, 8.5, 7.625, 8.375], "texture": "#0"}
			}
		},
		{
			"name": "hexadecagon",
			"from": [5.96095, 5.8261, -5.88836],
			"to": [7.67331, 7.3989, -5.10576],
			"rotation": {"angle": 22.5, "axis": "y", "origin": [8, 7, 8]},
			"faces": {
				"north": {"uv": [7.5, 3.25, 7.6875, 3.4375], "texture": "#0"},
				"south": {"uv": [7.5, 3.5, 7.6875, 3.6875], "texture": "#0"},
				"up": {"uv": [8.5625, 7.875, 8.375, 7.75], "texture": "#0"},
				"down": {"uv": [8.5625, 8.125, 8.375, 8.25], "texture": "#0"}
			}
		},
		{
			"name": "hexadecagon",
			"from": [-0.46955, 5.8261, 5.58116],
			"to": [1.24281, 7.3989, 6.36376],
			"rotation": {"angle": -22.5, "axis": "y", "origin": [8, 7, 8]},
			"faces": {
				"north": {"uv": [7.5, 4, 7.6875, 4.1875], "texture": "#0"},
				"south": {"uv": [7.5, 4.25, 7.6875, 4.4375], "texture": "#0"},
				"west": {"uv": [8.375, 8.25, 8.5, 8.4375], "texture": "#0"},
				"up": {"uv": [0.1875, 8.625, 0, 8.5], "texture": "#0"},
				"down": {"uv": [0.4375, 8.5, 0.25, 8.625], "texture": "#0"}
			}
		},
		{
			"name": "hexadecagon",
			"from": [2.38333, 5.8261, 3.11984],
			"to": [4.09569, 7.3989, 3.90244],
			"rotation": {"angle": 0, "axis": "y", "origin": [8, 7, 8]},
			"faces": {
				"north": {"uv": [7.5, 4.5, 7.6875, 4.6875], "texture": "#0"},
				"south": {"uv": [5, 7.5, 5.1875, 7.6875], "texture": "#0"},
				"up": {"uv": [8.6875, 0.625, 8.5, 0.5], "texture": "#0"}
			}
		},
		{
			"name": "hexadecagon",
			"from": [5.96095, 5.8261, 1.93764],
			"to": [7.67331, 7.3989, 2.72024],
			"rotation": {"angle": 22.5, "axis": "y", "origin": [8, 7, 8]},
			"faces": {
				"north": {"uv": [5.25, 7.5, 5.4375, 7.6875], "texture": "#0"},
				"south": {"uv": [5.5, 7.5, 5.6875, 7.6875], "texture": "#0"},
				"up": {"uv": [8.6875, 0.75, 8.5, 0.625], "texture": "#0"},
				"down": {"uv": [8.6875, 1, 8.5, 1.125], "texture": "#0"}
			}
		},
		{
			"name": "hexadecagon",
			"from": [0.06019, 5.8261, 9.70611],
			"to": [1.77255, 7.3989, 10.48871],
			"rotation": {"angle": -45, "axis": "y", "origin": [6.75, 7, 8]},
			"faces": {
				"north": {"uv": [6, 6.875, 6.1875, 7.0625], "texture": "#0"},
				"south": {"uv": [6.875, 6, 7.0625, 6.1875], "texture": "#0"},
				"up": {"uv": [3.5625, 8.25, 3.375, 8.125], "texture": "#0"},
				"down": {"uv": [8.3125, 3.375, 8.125, 3.5], "texture": "#0"}
			}
		},
		{
			"name": "hexadecagon",
			"from": [-1.79583, 5.8261, 7.01616],
			"to": [-0.08348, 7.3989, 7.79876],
			"rotation": {"angle": -22.5, "axis": "y", "origin": [6.75, 7, 8]},
			"faces": {
				"north": {"uv": [6.25, 6.875, 6.4375, 7.0625], "texture": "#0"},
				"south": {"uv": [6.875, 6.25, 7.0625, 6.4375], "texture": "#0"},
				"up": {"uv": [8.3125, 3.625, 8.125, 3.5], "texture": "#0"},
				"down": {"uv": [8.3125, 3.75, 8.125, 3.875], "texture": "#0"}
			}
		},
		{
			"name": "hexadecagon",
			"from": [-2.48118, 5.8261, 3.8207],
			"to": [-0.76882, 7.3989, 4.6033],
			"rotation": {"angle": 0, "axis": "y", "origin": [6.75, 7, 8]},
			"faces": {
				"north": {"uv": [6.5, 6.875, 6.6875, 7.0625], "texture": "#0"},
				"south": {"uv": [6.875, 6.5, 7.0625, 6.6875], "texture": "#0"},
				"up": {"uv": [4.1875, 8.25, 4, 8.125], "texture": "#0"}
			}
		},
		{
			"name": "hexadecagon",
			"from": [-1.89151, 5.8261, 0.60621],
			"to": [-0.17915, 7.3989, 1.38881],
			"rotation": {"angle": 22.5, "axis": "y", "origin": [6.75, 7, 8]},
			"faces": {
				"north": {"uv": [6.75, 6.875, 6.9375, 7.0625], "texture": "#0"},
				"south": {"uv": [7, 2, 7.1875, 2.1875], "texture": "#0"},
				"up": {"uv": [4.5625, 8.25, 4.375, 8.125], "texture": "#0"},
				"down": {"uv": [4.8125, 8.125, 4.625, 8.25], "texture": "#0"}
			}
		},
		{
			"name": "hexadecagon",
			"from": [-0.11659, 5.8261, -2.13793],
			"to": [1.59577, 7.3989, -1.35533],
			"rotation": {"angle": 45, "axis": "y", "origin": [6.75, 7, 8]},
			"faces": {
				"north": {"uv": [7, 2.25, 7.1875, 2.4375], "texture": "#0"},
				"south": {"uv": [7, 2.5, 7.1875, 2.6875], "texture": "#0"},
				"up": {"uv": [8.3125, 5.125, 8.125, 5], "texture": "#0"},
				"down": {"uv": [8.3125, 5.125, 8.125, 5.25], "texture": "#0"}
			}
		},
		{
			"name": "hexadecagon",
			"from": [0.06019, 5.8261, 17.53211],
			"to": [1.77255, 7.3989, 18.31471],
			"rotation": {"angle": -45, "axis": "y", "origin": [6.75, 7, 8]},
			"faces": {
				"north": {"uv": [7, 2.75, 7.1875, 2.9375], "texture": "#0"},
				"south": {"uv": [7, 3, 7.1875, 3.1875], "texture": "#0"},
				"up": {"uv": [5.5625, 8.25, 5.375, 8.125], "texture": "#0"},
				"down": {"uv": [8.3125, 5.5, 8.125, 5.625], "texture": "#0"}
			}
		},
		{
			"name": "hexadecagon",
			"from": [-1.79583, 5.8261, 14.84216],
			"to": [-0.08348, 7.3989, 15.62476],
			"rotation": {"angle": -22.5, "axis": "y", "origin": [6.75, 7, 8]},
			"faces": {
				"north": {"uv": [7, 3.25, 7.1875, 3.4375], "texture": "#0"},
				"south": {"uv": [7, 3.5, 7.1875, 3.6875], "texture": "#0"},
				"up": {"uv": [5.9375, 8.25, 5.75, 8.125], "texture": "#0"},
				"down": {"uv": [8.3125, 5.875, 8.125, 6], "texture": "#0"}
			}
		},
		{
			"name": "hexadecagon",
			"from": [-2.48118, 5.8261, 11.6467],
			"to": [-0.76882, 7.3989, 12.4293],
			"rotation": {"angle": 0, "axis": "y", "origin": [6.75, 7, 8]},
			"faces": {
				"north": {"uv": [7, 4, 7.1875, 4.1875], "texture": "#0"},
				"south": {"uv": [7, 4.25, 7.1875, 4.4375], "texture": "#0"},
				"up": {"uv": [6.3125, 8.25, 6.125, 8.125], "texture": "#0"}
			}
		},
		{
			"name": "hexadecagon",
			"from": [-1.89151, 5.8261, 8.43221],
			"to": [-0.17915, 7.3989, 9.21481],
			"rotation": {"angle": 22.5, "axis": "y", "origin": [6.75, 7, 8]},
			"faces": {
				"north": {"uv": [7, 4.5, 7.1875, 4.6875], "texture": "#0"},
				"south": {"uv": [5, 7, 5.1875, 7.1875], "texture": "#0"},
				"up": {"uv": [8.3125, 6.5, 8.125, 6.375], "texture": "#0"},
				"down": {"uv": [6.8125, 8.125, 6.625, 8.25], "texture": "#0"}
			}
		},
		{
			"name": "hexadecagon",
			"from": [-0.11659, 5.8261, 5.68807],
			"to": [1.59577, 7.3989, 6.47067],
			"rotation": {"angle": 45, "axis": "y", "origin": [6.75, 7, 8]},
			"faces": {
				"north": {"uv": [5.25, 7, 5.4375, 7.1875], "texture": "#0"},
				"south": {"uv": [5.5, 7, 5.6875, 7.1875], "texture": "#0"},
				"up": {"uv": [7.3125, 8.25, 7.125, 8.125], "texture": "#0"},
				"down": {"uv": [8.3125, 7.125, 8.125, 7.25], "texture": "#0"}
			}
		},
		{
			"name": "hexadecagon",
			"from": [-5.24396, 5.8261, 10.46428],
			"to": [-4.46136, 7.3989, 12.17664],
			"rotation": {"angle": -22.5, "axis": "y", "origin": [6.75, 7, 8]},
			"faces": {
				"east": {"uv": [7, 6.75, 7.1875, 6.9375], "texture": "#0"},
				"west": {"uv": [7, 7, 7.1875, 7.1875], "texture": "#0"},
				"up": {"uv": [8.25, 7.9375, 8.125, 7.75], "texture": "#0"},
				"down": {"uv": [8.125, 8.125, 8, 8.3125], "texture": "#0"}
			}
		},
		{
			"name": "hexadecagon",
			"from": [-5.9293, 5.8261, 7.26882],
			"to": [-5.1467, 7.3989, 8.98118],
			"rotation": {"angle": 0, "axis": "y", "origin": [6.75, 7, 8]},
			"faces": {
				"east": {"uv": [7.125, 1, 7.3125, 1.1875], "texture": "#0"},
				"west": {"uv": [7.125, 1.25, 7.3125, 1.4375], "texture": "#0"},
				"up": {"uv": [8.375, 0.1875, 8.25, 0], "texture": "#0"}
			}
		},
		{
			"name": "hexadecagon",
			"from": [-5.33963, 5.8261, 4.05433],
			"to": [-4.55703, 7.3989, 5.76669],
			"rotation": {"angle": 22.5, "axis": "y", "origin": [6.75, 7, 8]},
			"faces": {
				"east": {"uv": [7.125, 1.5, 7.3125, 1.6875], "texture": "#0"},
				"west": {"uv": [7.125, 1.75, 7.3125, 1.9375], "texture": "#0"},
				"up": {"uv": [0.5, 8.4375, 0.375, 8.25], "texture": "#0"},
				"down": {"uv": [0.625, 8.25, 0.5, 8.4375], "texture": "#0"}
			}
		},
		{
			"name": "hexadecagon",
			"from": [2.58204, 5.8261, 10.46428],
			"to": [3.36464, 7.3989, 12.17664],
			"rotation": {"angle": -22.5, "axis": "y", "origin": [6.75, 7, 8]},
			"faces": {
				"east": {"uv": [7.125, 3.75, 7.3125, 3.9375], "texture": "#0"},
				"west": {"uv": [4, 7.125, 4.1875, 7.3125], "texture": "#0"},
				"up": {"uv": [0.875, 8.4375, 0.75, 8.25], "texture": "#0"},
				"down": {"uv": [8.375, 0.75, 8.25, 0.9375], "texture": "#0"}
			}
		},
		{
			"name": "hexadecagon",
			"from": [1.8967, 5.8261, 7.26882],
			"to": [2.6793, 7.3989, 8.98118],
			"rotation": {"angle": 0, "axis": "y", "origin": [6.75, 7, 8]},
			"faces": {
				"east": {"uv": [4.25, 7.125, 4.4375, 7.3125], "texture": "#0"},
				"west": {"uv": [4.5, 7.125, 4.6875, 7.3125], "texture": "#0"},
				"up": {"uv": [8.375, 1.1875, 8.25, 1], "texture": "#0"}
			}
		},
		{
			"name": "hexadecagon",
			"from": [2.48637, 5.8261, 4.05433],
			"to": [3.26897, 7.3989, 5.76669],
			"rotation": {"angle": 22.5, "axis": "y", "origin": [6.75, 7, 8]},
			"faces": {
				"east": {"uv": [4.75, 7.125, 4.9375, 7.3125], "texture": "#0"},
				"west": {"uv": [7.125, 4.75, 7.3125, 4.9375], "texture": "#0"},
				"up": {"uv": [1.5, 8.4375, 1.375, 8.25], "texture": "#0"},
				"down": {"uv": [1.625, 8.25, 1.5, 8.4375], "texture": "#0"}
			}
		},
		{
			"name": "hexadecagon",
			"from": [14.22745, 5.8261, 9.70611],
			"to": [15.93981, 7.3989, 10.48871],
			"rotation": {"angle": 45, "axis": "y", "origin": [9.25, 7, 8]},
			"faces": {
				"north": {"uv": [6.125, 6.625, 6.3125, 6.8125], "texture": "#0"},
				"south": {"uv": [6.375, 6.625, 6.5625, 6.8125], "texture": "#0"},
				"up": {"uv": [5.9375, 5.75, 5.75, 5.625], "texture": "#0"},
				"down": {"uv": [6.4375, 4.75, 6.25, 4.875], "texture": "#0"}
			}
		},
		{
			"name": "hexadecagon",
			"from": [16.08348, 5.8261, 7.01616],
			"to": [17.79583, 7.3989, 7.79876],
			"rotation": {"angle": 22.5, "axis": "y", "origin": [9.25, 7, 8]},
			"faces": {
				"north": {"uv": [6.625, 6.375, 6.8125, 6.5625], "texture": "#0"},
				"south": {"uv": [6.625, 6.625, 6.8125, 6.8125], "texture": "#0"},
				"up": {"uv": [6.8125, 5.625, 6.625, 5.5], "texture": "#0"},
				"down": {"uv": [2.4375, 8, 2.25, 8.125], "texture": "#0"}
			}
		},
		{
			"name": "hexadecagon",
			"from": [16.76882, 5.8261, 3.8207],
			"to": [18.48118, 7.3989, 4.6033],
			"rotation": {"angle": 0, "axis": "y", "origin": [9.25, 7, 8]},
			"faces": {
				"north": {"uv": [6.75, 2, 6.9375, 2.1875], "texture": "#0"},
				"south": {"uv": [6.75, 2.25, 6.9375, 2.4375], "texture": "#0"},
				"up": {"uv": [8.1875, 2.625, 8, 2.5], "texture": "#0"}
			}
		},
		{
			"name": "hexadecagon",
			"from": [16.17915, 5.8261, 0.60621],
			"to": [17.89151, 7.3989, 1.38881],
			"rotation": {"angle": -22.5, "axis": "y", "origin": [9.25, 7, 8]},
			"faces": {
				"north": {"uv": [6.75, 2.5, 6.9375, 2.6875], "texture": "#0"},
				"south": {"uv": [6.75, 2.75, 6.9375, 2.9375], "texture": "#0"},
				"up": {"uv": [8.1875, 3, 8, 2.875], "texture": "#0"},
				"down": {"uv": [3.1875, 8, 3, 8.125], "texture": "#0"}
			}
		},
		{
			"name": "hexadecagon",
			"from": [14.40423, 5.8261, -2.13793],
			"to": [16.11659, 7.3989, -1.35533],
			"rotation": {"angle": -45, "axis": "y", "origin": [9.25, 7, 8]},
			"faces": {
				"north": {"uv": [6.75, 3, 6.9375, 3.1875], "texture": "#0"},
				"south": {"uv": [6.75, 3.25, 6.9375, 3.4375], "texture": "#0"},
				"up": {"uv": [8.1875, 3.375, 8, 3.25], "texture": "#0"},
				"down": {"uv": [3.5625, 8, 3.375, 8.125], "texture": "#0"}
			}
		},
		{
			"name": "hexadecagon",
			"from": [14.22745, 5.8261, 17.53211],
			"to": [15.93981, 7.3989, 18.31471],
			"rotation": {"angle": 45, "axis": "y", "origin": [9.25, 7, 8]},
			"faces": {
				"north": {"uv": [6.75, 3.5, 6.9375, 3.6875], "texture": "#0"},
				"south": {"uv": [6.75, 4, 6.9375, 4.1875], "texture": "#0"},
				"up": {"uv": [8.1875, 3.75, 8, 3.625], "texture": "#0"},
				"down": {"uv": [3.9375, 8, 3.75, 8.125], "texture": "#0"}
			}
		},
		{
			"name": "hexadecagon",
			"from": [16.08348, 5.8261, 14.84216],
			"to": [17.79583, 7.3989, 15.62476],
			"rotation": {"angle": 22.5, "axis": "y", "origin": [9.25, 7, 8]},
			"faces": {
				"north": {"uv": [6.75, 4.25, 6.9375, 4.4375], "texture": "#0"},
				"south": {"uv": [6.75, 4.5, 6.9375, 4.6875], "texture": "#0"},
				"up": {"uv": [8.1875, 4.625, 8, 4.5], "texture": "#0"},
				"down": {"uv": [8.1875, 4.625, 8, 4.75], "texture": "#0"}
			}
		},
		{
			"name": "hexadecagon",
			"from": [16.76882, 5.8261, 11.6467],
			"to": [18.48118, 7.3989, 12.4293],
			"rotation": {"angle": 0, "axis": "y", "origin": [9.25, 7, 8]},
			"faces": {
				"north": {"uv": [5, 6.75, 5.1875, 6.9375], "texture": "#0"},
				"south": {"uv": [5.25, 6.75, 5.4375, 6.9375], "texture": "#0"},
				"up": {"uv": [5.4375, 8.125, 5.25, 8], "texture": "#0"}
			}
		},
		{
			"name": "hexadecagon",
			"from": [16.17915, 5.8261, 8.43221],
			"to": [17.89151, 7.3989, 9.21481],
			"rotation": {"angle": -22.5, "axis": "y", "origin": [9.25, 7, 8]},
			"faces": {
				"north": {"uv": [5.5, 6.75, 5.6875, 6.9375], "texture": "#0"},
				"south": {"uv": [6.875, 1, 7.0625, 1.1875], "texture": "#0"},
				"up": {"uv": [8.1875, 6.625, 8, 6.5], "texture": "#0"},
				"down": {"uv": [8.1875, 6.625, 8, 6.75], "texture": "#0"}
			}
		},
		{
			"name": "hexadecagon",
			"from": [14.40423, 5.8261, 5.68807],
			"to": [16.11659, 7.3989, 6.47067],
			"rotation": {"angle": -45, "axis": "y", "origin": [9.25, 7, 8]},
			"faces": {
				"north": {"uv": [6.875, 1.25, 7.0625, 1.4375], "texture": "#0"},
				"south": {"uv": [6.875, 1.5, 7.0625, 1.6875], "texture": "#0"},
				"up": {"uv": [8.1875, 7.125, 8, 7], "texture": "#0"},
				"down": {"uv": [7.3125, 8, 7.125, 8.125], "texture": "#0"}
			}
		},
		{
			"name": "hexadecagon",
			"from": [20.46136, 5.8261, 10.46428],
			"to": [21.24396, 7.3989, 12.17664],
			"rotation": {"angle": 22.5, "axis": "y", "origin": [9.25, 7, 8]},
			"faces": {
				"east": {"uv": [6.875, 1.75, 7.0625, 1.9375], "texture": "#0"},
				"west": {"uv": [6.875, 3.75, 7.0625, 3.9375], "texture": "#0"},
				"up": {"uv": [8.125, 7.5625, 8, 7.375], "texture": "#0"},
				"down": {"uv": [7.625, 8, 7.5, 8.1875], "texture": "#0"}
			}
		},
		{
			"name": "hexadecagon",
			"from": [21.1467, 5.8261, 7.26882],
			"to": [21.9293, 7.3989, 8.98118],
			"rotation": {"angle": 0, "axis": "y", "origin": [9.25, 7, 8]},
			"faces": {
				"east": {"uv": [4, 6.875, 4.1875, 7.0625], "texture": "#0"},
				"west": {"uv": [4.25, 6.875, 4.4375, 7.0625], "texture": "#0"},
				"up": {"uv": [7.875, 8.1875, 7.75, 8], "texture": "#0"}
			}
		},
		{
			"name": "hexadecagon",
			"from": [20.55703, 5.8261, 4.05433],
			"to": [21.33963, 7.3989, 5.76669],
			"rotation": {"angle": -22.5, "axis": "y", "origin": [9.25, 7, 8]},
			"faces": {
				"east": {"uv": [4.5, 6.875, 4.6875, 7.0625], "texture": "#0"},
				"west": {"uv": [4.75, 6.875, 4.9375, 7.0625], "texture": "#0"},
				"up": {"uv": [8.25, 0.4375, 8.125, 0.25], "texture": "#0"},
				"down": {"uv": [8.25, 0.5, 8.125, 0.6875], "texture": "#0"}
			}
		},
		{
			"name": "hexadecagon",
			"from": [12.63536, 5.8261, 10.46428],
			"to": [13.41796, 7.3989, 12.17664],
			"rotation": {"angle": 22.5, "axis": "y", "origin": [9.25, 7, 8]},
			"faces": {
				"east": {"uv": [6.875, 4.75, 7.0625, 4.9375], "texture": "#0"},
				"west": {"uv": [6.875, 5, 7.0625, 5.1875], "texture": "#0"},
				"up": {"uv": [8.25, 1.4375, 8.125, 1.25], "texture": "#0"},
				"down": {"uv": [8.25, 1.5, 8.125, 1.6875], "texture": "#0"}
			}
		},
		{
			"name": "hexadecagon",
			"from": [13.3207, 5.8261, 7.26882],
			"to": [14.1033, 7.3989, 8.98118],
			"rotation": {"angle": 0, "axis": "y", "origin": [9.25, 7, 8]},
			"faces": {
				"east": {"uv": [6.875, 5.25, 7.0625, 5.4375], "texture": "#0"},
				"west": {"uv": [6.875, 5.5, 7.0625, 5.6875], "texture": "#0"}
			}
		},
		{
			"name": "hexadecagon",
			"from": [12.73103, 5.8261, 4.05433],
			"to": [13.51363, 7.3989, 5.76669],
			"rotation": {"angle": -22.5, "axis": "y", "origin": [9.25, 7, 8]},
			"faces": {
				"east": {"uv": [5.75, 6.875, 5.9375, 7.0625], "texture": "#0"},
				"west": {"uv": [6.875, 5.75, 7.0625, 5.9375], "texture": "#0"},
				"up": {"uv": [8.25, 2.8125, 8.125, 2.625], "texture": "#0"},
				"down": {"uv": [2.875, 8.125, 2.75, 8.3125], "texture": "#0"}
			}
		},
		{
			"name": "hexadecagon",
			"from": [4.71795, 5.5, -8.5],
			"to": [11.28205, 7.475, -6.5],
			"rotation": {"angle": 0, "axis": "y", "origin": [8, 8, 8]},
			"faces": {
				"north": {"uv": [4, 2, 4.8125, 2.25], "texture": "#0"},
				"east": {"uv": [6.25, 4.5, 6.5, 4.75], "texture": "#0"},
				"south": {"uv": [4, 2.25, 4.8125, 2.5], "texture": "#0"},
				"west": {"uv": [5.125, 6.25, 5.375, 6.5], "texture": "#0"},
				"up": {"uv": [4.8125, 2.75, 4, 2.5], "texture": "#0"},
				"down": {"uv": [4.8125, 2.75, 4, 3], "texture": "#0"}
			}
		},
		{
			"name": "hexadecagon",
			"from": [4.71795, 5.5, -8.5],
			"to": [11.28205, 7.5, -6.5],
			"rotation": {"angle": -22.5, "axis": "y", "origin": [8, 8, 8]},
			"faces": {
				"north": {"uv": [4, 2, 4.8125, 2.25], "texture": "#0"},
				"east": {"uv": [6.25, 4.5, 6.5, 4.75], "texture": "#0"},
				"south": {"uv": [4, 2.25, 4.8125, 2.5], "texture": "#0"},
				"west": {"uv": [5.125, 6.25, 5.375, 6.5], "texture": "#0"},
				"up": {"uv": [4.8125, 2.75, 4, 2.5], "texture": "#0"},
				"down": {"uv": [4.8125, 2.75, 4, 3], "texture": "#0"}
			}
		},
		{
			"name": "hexadecagon",
			"from": [22.5, 5.5, 4.71795],
			"to": [24.5, 7.5, 11.28205],
			"rotation": {"angle": 22.5, "axis": "y", "origin": [8, 8, 8]},
			"faces": {
				"north": {"uv": [5.125, 6.25, 5.375, 6.5], "texture": "#0"},
				"east": {"uv": [4, 2, 4.8125, 2.25], "texture": "#0"},
				"south": {"uv": [6.25, 4.5, 6.5, 4.75], "texture": "#0"},
				"west": {"uv": [4, 2.25, 4.8125, 2.5], "texture": "#0"},
				"up": {"uv": [4.8125, 2.75, 4, 2.5], "rotation": 90, "texture": "#0"},
				"down": {"uv": [4.8125, 2.75, 4, 3], "rotation": 270, "texture": "#0"}
			}
		},
		{
			"name": "hexadecagon",
			"from": [4.71795, 5.5, -8.5],
			"to": [11.28205, 7.475, -6.5],
			"rotation": {"angle": -45, "axis": "y", "origin": [8, 8, 8]},
			"faces": {
				"north": {"uv": [4, 2, 4.8125, 2.25], "texture": "#0"},
				"east": {"uv": [6.25, 4.5, 6.5, 4.75], "texture": "#0"},
				"south": {"uv": [4, 2.25, 4.8125, 2.5], "texture": "#0"},
				"west": {"uv": [5.125, 6.25, 5.375, 6.5], "texture": "#0"},
				"up": {"uv": [4.8125, 2.75, 4, 2.5], "texture": "#0"},
				"down": {"uv": [4.8125, 2.75, 4, 3], "texture": "#0"}
			}
		},
		{
			"name": "hexadecagon",
			"from": [22.5, 5.5, 4.71795],
			"to": [24.5, 7.5, 11.28205],
			"rotation": {"angle": -22.5, "axis": "y", "origin": [8, 8, 8]},
			"faces": {
				"north": {"uv": [5.125, 6.25, 5.375, 6.5], "texture": "#0"},
				"east": {"uv": [4, 2, 4.8125, 2.25], "texture": "#0"},
				"south": {"uv": [6.25, 4.5, 6.5, 4.75], "texture": "#0"},
				"west": {"uv": [4, 2.25, 4.8125, 2.5], "texture": "#0"},
				"up": {"uv": [4.8125, 2.75, 4, 2.5], "rotation": 90, "texture": "#0"},
				"down": {"uv": [4.8125, 2.75, 4, 3], "rotation": 270, "texture": "#0"}
			}
		},
		{
			"name": "hexadecagon",
			"from": [22.5, 5.5, 4.71795],
			"to": [24.5, 7.475, 11.28205],
			"rotation": {"angle": 0, "axis": "y", "origin": [8, 8, 8]},
			"faces": {
				"north": {"uv": [5.125, 6.25, 5.375, 6.5], "texture": "#0"},
				"east": {"uv": [4, 2, 4.8125, 2.25], "texture": "#0"},
				"south": {"uv": [6.25, 4.5, 6.5, 4.75], "texture": "#0"},
				"west": {"uv": [4, 2.25, 4.8125, 2.5], "texture": "#0"},
				"up": {"uv": [4.8125, 2.75, 4, 2.5], "rotation": 90, "texture": "#0"},
				"down": {"uv": [4.8125, 2.75, 4, 3], "rotation": 270, "texture": "#0"}
			}
		},
		{
			"name": "hexadecagon",
			"from": [4.71795, 5.5, 22.5],
			"to": [11.28205, 7.5, 24.5],
			"rotation": {"angle": 22.5, "axis": "y", "origin": [8, 8, 8]},
			"faces": {
				"north": {"uv": [4, 2.25, 4.8125, 2.5], "texture": "#0"},
				"east": {"uv": [5.125, 6.25, 5.375, 6.5], "texture": "#0"},
				"south": {"uv": [4, 2, 4.8125, 2.25], "texture": "#0"},
				"west": {"uv": [6.25, 4.5, 6.5, 4.75], "texture": "#0"},
				"up": {"uv": [4.8125, 2.75, 4, 2.5], "rotation": 180, "texture": "#0"},
				"down": {"uv": [4.8125, 2.75, 4, 3], "rotation": 180, "texture": "#0"}
			}
		},
		{
			"name": "hexadecagon",
			"from": [22.5, 5.5, 4.71795],
			"to": [24.5, 7.475, 11.28205],
			"rotation": {"angle": -45, "axis": "y", "origin": [8, 8, 8]},
			"faces": {
				"north": {"uv": [5.125, 6.25, 5.375, 6.5], "texture": "#0"},
				"east": {"uv": [4, 2, 4.8125, 2.25], "texture": "#0"},
				"south": {"uv": [6.25, 4.5, 6.5, 4.75], "texture": "#0"},
				"west": {"uv": [4, 2.25, 4.8125, 2.5], "texture": "#0"},
				"up": {"uv": [4.8125, 2.75, 4, 2.5], "rotation": 90, "texture": "#0"},
				"down": {"uv": [4.8125, 2.75, 4, 3], "rotation": 270, "texture": "#0"}
			}
		},
		{
			"name": "hexadecagon",
			"from": [4.71795, 5.5, 22.5],
			"to": [11.28205, 7.5, 24.5],
			"rotation": {"angle": -22.5, "axis": "y", "origin": [8, 8, 8]},
			"faces": {
				"north": {"uv": [4, 2.25, 4.8125, 2.5], "texture": "#0"},
				"east": {"uv": [5.125, 6.25, 5.375, 6.5], "texture": "#0"},
				"south": {"uv": [4, 2, 4.8125, 2.25], "texture": "#0"},
				"west": {"uv": [6.25, 4.5, 6.5, 4.75], "texture": "#0"},
				"up": {"uv": [4.8125, 2.75, 4, 2.5], "rotation": 180, "texture": "#0"},
				"down": {"uv": [4.8125, 2.75, 4, 3], "rotation": 180, "texture": "#0"}
			}
		},
		{
			"name": "hexadecagon",
			"from": [4.71795, 5.5, 22.5],
			"to": [11.28205, 7.475, 24.5],
			"rotation": {"angle": 0, "axis": "y", "origin": [8, 8, 8]},
			"faces": {
				"north": {"uv": [4, 2.25, 4.8125, 2.5], "texture": "#0"},
				"east": {"uv": [5.125, 6.25, 5.375, 6.5], "texture": "#0"},
				"south": {"uv": [4, 2, 4.8125, 2.25], "texture": "#0"},
				"west": {"uv": [6.25, 4.5, 6.5, 4.75], "texture": "#0"},
				"up": {"uv": [4.8125, 2.75, 4, 2.5], "rotation": 180, "texture": "#0"},
				"down": {"uv": [4.8125, 2.75, 4, 3], "rotation": 180, "texture": "#0"}
			}
		},
		{
			"name": "hexadecagon",
			"from": [-8.5, 5.5, 4.71795],
			"to": [-6.5, 7.5, 11.28205],
			"rotation": {"angle": 22.5, "axis": "y", "origin": [8, 8, 8]},
			"faces": {
				"north": {"uv": [6.25, 4.5, 6.5, 4.75], "texture": "#0"},
				"east": {"uv": [4, 2.25, 4.8125, 2.5], "texture": "#0"},
				"south": {"uv": [5.125, 6.25, 5.375, 6.5], "texture": "#0"},
				"west": {"uv": [4, 2, 4.8125, 2.25], "texture": "#0"},
				"up": {"uv": [4.8125, 2.75, 4, 2.5], "rotation": 270, "texture": "#0"},
				"down": {"uv": [4.8125, 2.75, 4, 3], "rotation": 90, "texture": "#0"}
			}
		},
		{
			"name": "hexadecagon",
			"from": [4.71795, 5.5, 22.5],
			"to": [11.28205, 7.475, 24.5],
			"rotation": {"angle": -45, "axis": "y", "origin": [8, 8, 8]},
			"faces": {
				"north": {"uv": [4, 2.25, 4.8125, 2.5], "texture": "#0"},
				"east": {"uv": [5.125, 6.25, 5.375, 6.5], "texture": "#0"},
				"south": {"uv": [4, 2, 4.8125, 2.25], "texture": "#0"},
				"west": {"uv": [6.25, 4.5, 6.5, 4.75], "texture": "#0"},
				"up": {"uv": [4.8125, 2.75, 4, 2.5], "rotation": 180, "texture": "#0"},
				"down": {"uv": [4.8125, 2.75, 4, 3], "rotation": 180, "texture": "#0"}
			}
		},
		{
			"name": "hexadecagon",
			"from": [-8.5, 5.5, 4.71795],
			"to": [-6.5, 7.5, 11.28205],
			"rotation": {"angle": -22.5, "axis": "y", "origin": [8, 8, 8]},
			"faces": {
				"north": {"uv": [6.25, 4.5, 6.5, 4.75], "texture": "#0"},
				"east": {"uv": [4, 2.25, 4.8125, 2.5], "texture": "#0"},
				"south": {"uv": [5.125, 6.25, 5.375, 6.5], "texture": "#0"},
				"west": {"uv": [4, 2, 4.8125, 2.25], "texture": "#0"},
				"up": {"uv": [4.8125, 2.75, 4, 2.5], "rotation": 270, "texture": "#0"},
				"down": {"uv": [4.8125, 2.75, 4, 3], "rotation": 90, "texture": "#0"}
			}
		},
		{
			"name": "hexadecagon",
			"from": [-8.5, 5.5, 4.71795],
			"to": [-6.5, 7.475, 11.28205],
			"rotation": {"angle": 0, "axis": "y", "origin": [8, 8, 8]},
			"faces": {
				"north": {"uv": [6.25, 4.5, 6.5, 4.75], "texture": "#0"},
				"east": {"uv": [4, 2.25, 4.8125, 2.5], "texture": "#0"},
				"south": {"uv": [5.125, 6.25, 5.375, 6.5], "texture": "#0"},
				"west": {"uv": [4, 2, 4.8125, 2.25], "texture": "#0"},
				"up": {"uv": [4.8125, 2.75, 4, 2.5], "rotation": 270, "texture": "#0"},
				"down": {"uv": [4.8125, 2.75, 4, 3], "rotation": 90, "texture": "#0"}
			}
		},
		{
			"name": "hexadecagon",
			"from": [4.71795, 5.5, -8.5],
			"to": [11.28205, 7.5, -6.5],
			"rotation": {"angle": 22.5, "axis": "y", "origin": [8, 8, 8]},
			"faces": {
				"north": {"uv": [4, 2, 4.8125, 2.25], "texture": "#0"},
				"east": {"uv": [6.25, 4.5, 6.5, 4.75], "texture": "#0"},
				"south": {"uv": [4, 2.25, 4.8125, 2.5], "texture": "#0"},
				"west": {"uv": [5.125, 6.25, 5.375, 6.5], "texture": "#0"},
				"up": {"uv": [4.8125, 2.75, 4, 2.5], "texture": "#0"},
				"down": {"uv": [4.8125, 2.75, 4, 3], "texture": "#0"}
			}
		},
		{
			"name": "hexadecagon",
			"from": [-8.5, 5.5, 4.71795],
			"to": [-6.5, 7.475, 11.28205],
			"rotation": {"angle": -45, "axis": "y", "origin": [8, 8, 8]},
			"faces": {
				"north": {"uv": [6.25, 4.5, 6.5, 4.75], "texture": "#0"},
				"east": {"uv": [4, 2.25, 4.8125, 2.5], "texture": "#0"},
				"south": {"uv": [5.125, 6.25, 5.375, 6.5], "texture": "#0"},
				"west": {"uv": [4, 2, 4.8125, 2.25], "texture": "#0"},
				"up": {"uv": [4.8125, 2.75, 4, 2.5], "rotation": 270, "texture": "#0"},
				"down": {"uv": [4.8125, 2.75, 4, 3], "rotation": 90, "texture": "#0"}
			}
		},
		{
			"name": "hexadecagon",
			"from": [7.50272, 6, 5.5],
			"to": [8.49728, 8, 6],
			"rotation": {"angle": -45, "axis": "y", "origin": [8, 8.5, 8]},
			"faces": {
				"north": {"uv": [4.75, 6, 4.875, 6.25], "texture": "#0"},
				"south": {"uv": [4.75, 6.25, 4.875, 6.5], "texture": "#0"},
				"up": {"uv": [6, 6.3125, 5.875, 6.25], "texture": "#0"},
				"down": {"uv": [4.875, 6.5, 4.75, 6.5625], "texture": "#0"}
			}
		},
		{
			"name": "hexadecagon",
			"from": [7.50272, 6, 5.5],
			"to": [8.49728, 8, 6],
			"rotation": {"angle": -22.5, "axis": "y", "origin": [8, 8.5, 8]},
			"faces": {
				"north": {"uv": [6, 7.875, 6.125, 8.125], "texture": "#0"},
				"south": {"uv": [7.875, 6, 8, 6.25], "texture": "#0"},
				"up": {"uv": [6.625, 4.8125, 6.5, 4.75], "texture": "#0"},
				"down": {"uv": [5.125, 6.625, 5, 6.6875], "texture": "#0"}
			}
		},
		{
			"name": "hexadecagon",
			"from": [7.50272, 6, 5.5],
			"to": [8.49728, 8, 6],
			"rotation": {"angle": 0, "axis": "y", "origin": [8, 8.5, 8]},
			"faces": {
				"north": {"uv": [6.125, 7.875, 6.25, 8.125], "texture": "#0"},
				"south": {"uv": [6.25, 7.875, 6.375, 8.125], "texture": "#0"},
				"up": {"uv": [5.875, 6.8125, 5.75, 6.75], "texture": "#0"}
			}
		},
		{
			"name": "hexadecagon",
			"from": [7.50272, 6, 5.5],
			"to": [8.49728, 8, 6],
			"rotation": {"angle": 22.5, "axis": "y", "origin": [8, 8.5, 8]},
			"faces": {
				"north": {"uv": [7.875, 6.25, 8, 6.5], "texture": "#0"},
				"south": {"uv": [6.375, 7.875, 6.5, 8.125], "texture": "#0"},
				"up": {"uv": [8.875, 3.0625, 8.75, 3], "texture": "#0"},
				"down": {"uv": [3.625, 8.75, 3.5, 8.8125], "texture": "#0"}
			}
		},
		{
			"name": "hexadecagon",
			"from": [7.50272, 6, 5.5],
			"to": [8.49728, 8, 6],
			"rotation": {"angle": 45, "axis": "y", "origin": [8, 8.5, 8]},
			"faces": {
				"north": {"uv": [6.5, 7.875, 6.625, 8.125], "texture": "#0"},
				"south": {"uv": [7.875, 6.5, 8, 6.75], "texture": "#0"},
				"up": {"uv": [3.75, 8.8125, 3.625, 8.75], "texture": "#0"},
				"down": {"uv": [8.875, 3.625, 8.75, 3.6875], "texture": "#0"}
			}
		},
		{
			"name": "hexadecagon",
			"from": [7.50272, 6, 10],
			"to": [8.49728, 8, 10.5],
			"rotation": {"angle": -45, "axis": "y", "origin": [8, 8.5, 8]},
			"faces": {
				"north": {"uv": [6.625, 7.875, 6.75, 8.125], "texture": "#0"},
				"south": {"uv": [6.75, 7.875, 6.875, 8.125], "texture": "#0"},
				"up": {"uv": [3.875, 8.8125, 3.75, 8.75], "texture": "#0"},
				"down": {"uv": [8.875, 3.75, 8.75, 3.8125], "texture": "#0"}
			}
		},
		{
			"name": "hexadecagon",
			"from": [7.50272, 6, 10],
			"to": [8.49728, 8, 10.5],
			"rotation": {"angle": -22.5, "axis": "y", "origin": [8, 8.5, 8]},
			"faces": {
				"north": {"uv": [6.875, 7.875, 7, 8.125], "texture": "#0"},
				"south": {"uv": [0, 8, 0.125, 8.25], "texture": "#0"},
				"up": {"uv": [4, 8.8125, 3.875, 8.75], "texture": "#0"},
				"down": {"uv": [8.875, 3.875, 8.75, 3.9375], "texture": "#0"}
			}
		},
		{
			"name": "hexadecagon",
			"from": [7.50272, 6, 10],
			"to": [8.49728, 8, 10.5],
			"rotation": {"angle": 0, "axis": "y", "origin": [8, 8.5, 8]},
			"faces": {
				"north": {"uv": [8, 0, 8.125, 0.25], "texture": "#0"},
				"south": {"uv": [0.125, 8, 0.25, 8.25], "texture": "#0"},
				"up": {"uv": [4.125, 8.8125, 4, 8.75], "texture": "#0"}
			}
		},
		{
			"name": "hexadecagon",
			"from": [7.50272, 6, 10],
			"to": [8.49728, 8, 10.5],
			"rotation": {"angle": 22.5, "axis": "y", "origin": [8, 8.5, 8]},
			"faces": {
				"north": {"uv": [0.25, 8, 0.375, 8.25], "texture": "#0"},
				"south": {"uv": [8, 0.25, 8.125, 0.5], "texture": "#0"},
				"up": {"uv": [8.875, 4.1875, 8.75, 4.125], "texture": "#0"},
				"down": {"uv": [4.375, 8.75, 4.25, 8.8125], "texture": "#0"}
			}
		},
		{
			"name": "hexadecagon",
			"from": [7.50272, 6, 10],
			"to": [8.49728, 8, 10.5],
			"rotation": {"angle": 45, "axis": "y", "origin": [8, 8.5, 8]},
			"faces": {
				"north": {"uv": [0.375, 8, 0.5, 8.25], "texture": "#0"},
				"south": {"uv": [0.5, 8, 0.625, 8.25], "texture": "#0"},
				"up": {"uv": [8.875, 4.3125, 8.75, 4.25], "texture": "#0"},
				"down": {"uv": [4.5, 8.75, 4.375, 8.8125], "texture": "#0"}
			}
		},
		{
			"name": "hexadecagon",
			"from": [5.5, 6, 7.50272],
			"to": [6, 8, 8.49728],
			"rotation": {"angle": -22.5, "axis": "y", "origin": [8, 8.5, 8]},
			"faces": {
				"east": {"uv": [8, 0.5, 8.125, 0.75], "texture": "#0"},
				"west": {"uv": [0.625, 8, 0.75, 8.25], "texture": "#0"},
				"up": {"uv": [8.8125, 4.5, 8.75, 4.375], "texture": "#0"},
				"down": {"uv": [8.8125, 4.5, 8.75, 4.625], "texture": "#0"}
			}
		},
		{
			"name": "hexadecagon",
			"from": [5.5, 6, 7.50272],
			"to": [6, 8, 8.49728],
			"rotation": {"angle": 0, "axis": "y", "origin": [8, 8.5, 8]},
			"faces": {
				"east": {"uv": [0.75, 8, 0.875, 8.25], "texture": "#0"},
				"west": {"uv": [8, 0.75, 8.125, 1], "texture": "#0"},
				"up": {"uv": [8.8125, 4.75, 8.75, 4.625], "texture": "#0"}
			}
		},
		{
			"name": "hexadecagon",
			"from": [5.5, 6, 7.50272],
			"to": [6, 8, 8.49728],
			"rotation": {"angle": 22.5, "axis": "y", "origin": [8, 8.5, 8]},
			"faces": {
				"east": {"uv": [0.875, 8, 1, 8.25], "texture": "#0"},
				"west": {"uv": [1, 8, 1.125, 8.25], "texture": "#0"},
				"up": {"uv": [8.8125, 5, 8.75, 4.875], "texture": "#0"},
				"down": {"uv": [8.8125, 5, 8.75, 5.125], "texture": "#0"}
			}
		},
		{
			"name": "hexadecagon",
			"from": [10, 6, 7.50272],
			"to": [10.5, 8, 8.49728],
			"rotation": {"angle": -22.5, "axis": "y", "origin": [8, 8.5, 8]},
			"faces": {
				"east": {"uv": [1.125, 8, 1.25, 8.25], "texture": "#0"},
				"west": {"uv": [1.25, 8, 1.375, 8.25], "texture": "#0"},
				"up": {"uv": [8.8125, 5.25, 8.75, 5.125], "texture": "#0"},
				"down": {"uv": [8.8125, 5.25, 8.75, 5.375], "texture": "#0"}
			}
		},
		{
			"name": "hexadecagon",
			"from": [10, 6, 7.50272],
			"to": [10.5, 8, 8.49728],
			"rotation": {"angle": 0, "axis": "y", "origin": [8, 8.5, 8]},
			"faces": {
				"east": {"uv": [1.375, 8, 1.5, 8.25], "texture": "#0"},
				"west": {"uv": [1.5, 8, 1.625, 8.25], "texture": "#0"},
				"up": {"uv": [5.4375, 8.875, 5.375, 8.75], "texture": "#0"}
			}
		},
		{
			"name": "hexadecagon",
			"from": [10, 6, 7.50272],
			"to": [10.5, 8, 8.49728],
			"rotation": {"angle": 22.5, "axis": "y", "origin": [8, 8.5, 8]},
			"faces": {
				"east": {"uv": [1.625, 8, 1.75, 8.25], "texture": "#0"},
				"west": {"uv": [1.75, 8, 1.875, 8.25], "texture": "#0"},
				"up": {"uv": [5.5625, 8.875, 5.5, 8.75], "texture": "#0"},
				"down": {"uv": [8.8125, 5.5, 8.75, 5.625], "texture": "#0"}
			}
		},
		{
			"from": [-8, 5.6, -8],
			"to": [24, 7.125, 24],
			"faces": {
				"north": {"uv": [4, 0, 8, 0.1875], "texture": "#0"},
				"east": {"uv": [4, 0.25, 8, 0.4375], "texture": "#0"},
				"south": {"uv": [4, 0.5, 8, 0.6875], "texture": "#0"},
				"west": {"uv": [4, 0.75, 8, 0.9375], "texture": "#0"},
				"up": {"uv": [4, 4, 0, 0], "texture": "#0"},
				"down": {"uv": [4, 4, 0, 8], "texture": "#0"}
			}
		},
		{
			"from": [0.9, 7.12125, 5.6375],
			"to": [8.1, 7.34625, 10.3625],
			"rotation": {"angle": -45, "axis": "y", "origin": [7.875, 7.23375, 8]},
			"faces": {
				"north": {"uv": [4, 1, 5.5, 1.0625], "texture": "#0"},
				"south": {"uv": [4, 1.125, 5.5, 1.1875], "texture": "#0"},
				"west": {"uv": [4, 1.25, 5.0625, 1.3125], "texture": "#0"},
				"up": {"uv": [5.0625, 4.5, 4, 3], "rotation": 270, "texture": "#0"},
				"down": {"uv": [5.0625, 4.5, 4, 6], "rotation": 90, "texture": "#0"}
			}
		},
		{
			"from": [0.9, 7.02875, 5.6375],
			"to": [8.1, 7.25375, 10.3625],
			"rotation": {"angle": 0, "axis": "y", "origin": [7.875, 7.30125, 8]},
			"faces": {
				"north": {"uv": [4, 1, 5.5, 1.0625], "texture": "#0"},
				"south": {"uv": [4, 1.125, 5.5, 1.1875], "texture": "#0"},
				"west": {"uv": [4, 1.25, 5.0625, 1.3125], "texture": "#0"},
				"up": {"uv": [5.0625, 4.5, 4, 3], "rotation": 270, "texture": "#0"}
			}
		},
		{
			"from": [0.9, 7.12125, 5.6375],
			"to": [8.1, 7.34625, 10.3625],
			"rotation": {"angle": 45, "axis": "y", "origin": [7.875, 7.23375, 8]},
			"faces": {
				"north": {"uv": [4, 1, 5.5, 1.0625], "texture": "#0"},
				"south": {"uv": [4, 1.125, 5.5, 1.1875], "texture": "#0"},
				"west": {"uv": [4, 1.25, 5.0625, 1.3125], "texture": "#0"},
				"up": {"uv": [5.0625, 4.5, 4, 3], "rotation": 270, "texture": "#0"},
				"down": {"uv": [5.0625, 4.5, 4, 6], "rotation": 90, "texture": "#0"}
			}
		},
		{
			"from": [5.5125, 7.16375, 7.775],
			"to": [10.2375, 7.38875, 14.975],
			"rotation": {"angle": 0, "axis": "y", "origin": [7.875, 7.30125, 8]},
			"faces": {
				"east": {"uv": [4, 1.125, 5.5, 1.1875], "texture": "#0"},
				"south": {"uv": [4, 1.25, 5.0625, 1.3125], "texture": "#0"},
				"west": {"uv": [4, 1, 5.5, 1.0625], "texture": "#0"},
				"up": {"uv": [5.0625, 4.5, 4, 3], "rotation": 180, "texture": "#0"},
				"down": {"uv": [5.0625, 4.5, 4, 6], "rotation": 180, "texture": "#0"}
			}
		},
		{
			"from": [5.5125, 7.12125, 7.775],
			"to": [10.2375, 7.34625, 14.975],
			"rotation": {"angle": 45, "axis": "y", "origin": [7.875, 7.23375, 8]},
			"faces": {
				"east": {"uv": [4, 1.125, 5.5, 1.1875], "texture": "#0"},
				"south": {"uv": [4, 1.25, 5.0625, 1.3125], "texture": "#0"},
				"west": {"uv": [4, 1, 5.5, 1.0625], "texture": "#0"},
				"up": {"uv": [5.0625, 4.5, 4, 3], "rotation": 180, "texture": "#0"},
				"down": {"uv": [5.0625, 4.5, 4, 6], "rotation": 180, "texture": "#0"}
			}
		},
		{
			"from": [7.65, 7.25375, 5.6375],
			"to": [14.85, 7.47875, 10.3625],
			"rotation": {"angle": 0, "axis": "y", "origin": [7.875, 7.30125, 8]},
			"faces": {
				"north": {"uv": [4, 1.125, 5.5, 1.1875], "texture": "#0"},
				"east": {"uv": [4, 1.25, 5.0625, 1.3125], "texture": "#0"},
				"south": {"uv": [4, 1, 5.5, 1.0625], "texture": "#0"},
				"west": {"uv": [4, 1.375, 5.0625, 1.4375], "texture": "#0"},
				"up": {"uv": [5.0625, 4.5, 4, 3], "rotation": 90, "texture": "#0"},
				"down": {"uv": [5.0625, 4.5, 4, 6], "rotation": 270, "texture": "#0"}
			}
		},
		{
			"from": [7.65, 7.12125, 5.6375],
			"to": [14.85, 7.34625, 10.3625],
			"rotation": {"angle": 45, "axis": "y", "origin": [7.875, 7.23375, 8]},
			"faces": {
				"north": {"uv": [4, 1.125, 5.5, 1.1875], "texture": "#0"},
				"east": {"uv": [4, 1.25, 5.0625, 1.3125], "texture": "#0"},
				"south": {"uv": [4, 1, 5.5, 1.0625], "texture": "#0"},
				"up": {"uv": [5.0625, 4.5, 4, 3], "rotation": 90, "texture": "#0"},
				"down": {"uv": [5.0625, 4.5, 4, 6], "rotation": 270, "texture": "#0"}
			}
		},
		{
			"from": [5.5125, 7.16375, 1.025],
			"to": [10.2375, 7.38875, 8.225],
			"rotation": {"angle": 0, "axis": "y", "origin": [7.875, 7.30125, 8]},
			"faces": {
				"north": {"uv": [4, 1.25, 5.0625, 1.3125], "texture": "#0"},
				"east": {"uv": [4, 1, 5.5, 1.0625], "texture": "#0"},
				"west": {"uv": [4, 1.125, 5.5, 1.1875], "texture": "#0"},
				"up": {"uv": [5.0625, 4.5, 4, 3], "texture": "#0"},
				"down": {"uv": [5.0625, 4.5, 4, 6], "texture": "#0"}
			}
		}
	],
	"display": {
		"head": {
			"scale": [3, 3, 3]
		}
	},
	"groups": [
		{
			"name": "hexadecagon",
			"origin": [6.875, 8, 8.125],
			"color": 0,
			"nbt": "{}",
			"children": [
				0,
				1,
				2,
				3,
				4,
				5,
				6,
				7,
				8,
				9,
				10,
				11,
				12,
				13,
				14,
				15,
				{
					"name": "hexadecagon",
					"origin": [6.875, 8, 8.125],
					"color": 0,
					"nbt": "{}",
					"children": [16, 17, 18, 19, 20, 21, 22, 23, 24, 25, 26, 27, 28, 29, 30, 31]
				},
				{
					"name": "hexadecagon",
					"origin": [6.875, 8, 8.125],
					"color": 0,
					"nbt": "{}",
					"children": [
						32,
						33,
						34,
						35,
						36,
						37,
						38,
						39,
						40,
						41,
						42,
						43,
						44,
						45,
						46,
						47,
						{
							"name": "hexadecagon",
							"origin": [6.875, 8, 8.125],
							"color": 0,
							"nbt": "{}",
							"children": [48, 49, 50, 51, 52, 53, 54, 55, 56, 57, 58, 59, 60, 61, 62, 63]
						}
					]
				},
				{
					"name": "hexadecagon",
					"origin": [6.875, 8, 8.125],
					"color": 0,
					"nbt": "{}",
					"children": [64, 65, 66, 67, 68, 69, 70, 71, 72, 73, 74, 75, 76, 77, 78, 79]
				},
				{
					"name": "hexadecagon",
					"origin": [6.875, 8, 8.125],
					"color": 0,
					"nbt": "{}",
					"children": [80, 81, 82, 83, 84, 85, 86, 87, 88, 89, 90, 91, 92, 93, 94, 95]
				}
			]
		},
		{
			"name": "hexadecagon",
			"origin": [8, 8, 8],
			"color": 0,
			"nbt": "{}",
			"children": [96, 97, 98, 99, 100, 101, 102, 103, 104, 105, 106, 107, 108, 109, 110, 111]
		},
		{
			"name": "hexadecagon",
			"origin": [8, 8, 8],
			"color": 0,
			"nbt": "{}",
			"children": [112, 113, 114, 115, 116, 117, 118, 119, 120, 121, 122, 123, 124, 125, 126, 127]
		},
		128,
		129,
		130,
		131,
		132,
		133,
		134,
		135,
		136
	]
}