{
	"credit": "Made with Blockbench",
	"texture_size": [32, 32],
	"textures": {
		"0": "vogelrok",
		"particle": "vogelrok"
	},
	"elements": [
		{
			"from": [15.65685, -0.5, 2.90685],
			"to": [17.65685, 1.5, 24.25685],
			"rotation": {"angle": 0, "axis": "y", "origin": [17.65685, -0.25, 2.40685]},
			"faces": {
				"east": {"uv": [7.625, 5.75, 11.25, 6], "texture": "#0"},
				"south": {"uv": [12.125, 1.5, 12.375, 1.75], "texture": "#0"},
				"west": {"uv": [7.625, 6, 11.25, 6.25], "texture": "#0"},
				"up": {"uv": [5.25, 10.375, 5, 7.625], "texture": "#0"},
				"down": {"uv": [5.5, 7.625, 5.25, 11.25], "texture": "#0"}
			}
		},
		{
			"from": [-1.65685, -0.5, 2.90685],
			"to": [0.34315, 1.5, 24.25685],
			"rotation": {"angle": 0, "axis": "y", "origin": [-1.65685, -0.25, 2.40685]},
			"faces": {
				"east": {"uv": [11.25, 6, 7.625, 6.25], "texture": "#0"},
				"south": {"uv": [12.375, 1.5, 12.125, 1.75], "texture": "#0"},
				"west": {"uv": [11.25, 5.75, 7.625, 6], "texture": "#0"},
				"up": {"uv": [5, 10.375, 5.25, 7.625], "texture": "#0"},
				"down": {"uv": [5.25, 7.625, 5.5, 11.25], "texture": "#0"}
			}
		},
		{
			"from": [-1.46372, -3, 2.95372],
			"to": [0.49628, 4.21, 6.36872],
			"rotation": {"angle": 0, "axis": "y", "origin": [-1.46372, 0, 2.35372]},
			"faces": {
				"north": {"uv": [5.5, 11, 5.75, 11.875], "texture": "#0"},
				"south": {"uv": [5.75, 11, 6, 11.875], "texture": "#0"},
				"west": {"uv": [2.25, 6.125, 3.625, 7], "texture": "#0"},
				"up": {"uv": [3.125, 10.625, 2.875, 9.25], "texture": "#0"},
				"down": {"uv": [8, 9.375, 7.75, 10.75], "texture": "#0"}
			}
		},
		{
			"from": [-1.46372, -3, 6.36872],
			"to": [0.49628, -0.04, 24.20872],
			"rotation": {"angle": 0, "axis": "y", "origin": [-1.46372, 0, 3.26872]},
			"faces": {
				"east": {"uv": [8.25, 4.375, 10.5, 4.75], "texture": "#0"},
				"south": {"uv": [6.25, 10.125, 6.5, 10.5], "texture": "#0"},
				"west": {"uv": [8.625, 6.25, 10.875, 6.625], "texture": "#0"},
				"up": {"uv": [4.375, 11.125, 4.125, 8.875], "texture": "#0"},
				"down": {"uv": [8.875, 9.125, 8.625, 11.375], "texture": "#0"}
			}
		},
		{
			"from": [15.50372, -3, 3.05372],
			"to": [17.46372, 4.21, 6.36872],
			"rotation": {"angle": 0, "axis": "y", "origin": [17.46372, 0, 2.35372]},
			"faces": {
				"north": {"uv": [4.125, 11.125, 4.375, 12], "texture": "#0"},
				"east": {"uv": [6.125, 3.5, 7.5, 4.375], "texture": "#0"},
				"south": {"uv": [6.5, 11.125, 6.75, 12], "texture": "#0"},
				"up": {"uv": [0.25, 11.25, 0, 9.875], "texture": "#0"},
				"down": {"uv": [0.5, 9.875, 0.25, 11.25], "texture": "#0"}
			}
		},
		{
			"from": [-0.70662, -3.59, 2.98742],
			"to": [1.09658, 4.9732, 6.37522],
			"rotation": {"angle": 0, "axis": "y", "origin": [-0.70662, 0, 2.14542]},
			"faces": {
				"north": {"uv": [3.125, 10.125, 3.375, 11.25], "texture": "#0"},
				"east": {"uv": [4.75, 2.5, 6.125, 3.625], "texture": "#0"},
				"south": {"uv": [3.375, 10.125, 3.625, 11.25], "texture": "#0"},
				"west": {"uv": [4.75, 3.625, 6.125, 4.75], "texture": "#0"},
				"up": {"uv": [0.75, 11.25, 0.5, 9.875], "texture": "#0"},
				"down": {"uv": [7.25, 9.875, 7, 11.25], "texture": "#0"}
			}
		},
		{
			"from": [-0.70662, -3.59, 6.37522],
			"to": [1.09658, -2.5268, 24.21302],
			"rotation": {"angle": 0, "axis": "y", "origin": [-0.70662, 0, 10.88322]},
			"faces": {
				"east": {"uv": [9.25, 4.25, 11.5, 4.375], "texture": "#0"},
				"south": {"uv": [11.375, 8.625, 11.625, 8.75], "texture": "#0"},
				"west": {"uv": [9.625, 9.25, 11.875, 9.375], "texture": "#0"},
				"up": {"uv": [9.125, 11.375, 8.875, 9.125], "texture": "#0"},
				"down": {"uv": [1.125, 9.25, 0.875, 11.5], "texture": "#0"}
			}
		},
		{
			"from": [14.90342, -3.59, 6.37522],
			"to": [16.70662, -2.5268, 24.23802],
			"rotation": {"angle": 0, "axis": "y", "origin": [16.70662, 0, 10.88322]},
			"faces": {
				"east": {"uv": [9.625, 9.375, 11.875, 9.5], "texture": "#0"},
				"south": {"uv": [11.75, 10.125, 12, 10.25], "texture": "#0"},
				"west": {"uv": [10.125, 2.75, 12.375, 2.875], "texture": "#0"},
				"up": {"uv": [1.375, 11.5, 1.125, 9.25], "texture": "#0"},
				"down": {"uv": [1.625, 9.25, 1.375, 11.5], "texture": "#0"}
			}
		},
		{
			"from": [15.50372, -3, 6.36872],
			"to": [17.46372, -0.04, 24.23372],
			"rotation": {"angle": 0, "axis": "y", "origin": [17.46372, 0, 3.26872]},
			"faces": {
				"east": {"uv": [8.625, 6.625, 10.875, 7], "texture": "#0"},
				"south": {"uv": [11.75, 7.375, 12, 7.75], "texture": "#0"},
				"west": {"uv": [0.875, 8.875, 3.125, 9.25], "texture": "#0"},
				"up": {"uv": [1.875, 11.5, 1.625, 9.25], "texture": "#0"},
				"down": {"uv": [2.125, 9.25, 1.875, 11.5], "texture": "#0"}
			}
		},
		{
			"from": [14.90342, -3.59, 3.03742],
			"to": [16.70662, 4.9732, 6.37522],
			"rotation": {"angle": 0, "axis": "y", "origin": [16.70662, 0, 2.14542]},
			"faces": {
				"north": {"uv": [3.625, 10.125, 3.875, 11.25], "texture": "#0"},
				"east": {"uv": [4.75, 4.75, 6.125, 5.875], "texture": "#0"},
				"south": {"uv": [3.875, 10.125, 4.125, 11.25], "texture": "#0"},
				"west": {"uv": [2.25, 5, 3.625, 6.125], "texture": "#0"},
				"up": {"uv": [7.5, 11.25, 7.25, 9.875], "texture": "#0"},
				"down": {"uv": [7.75, 9.875, 7.5, 11.25], "texture": "#0"}
			}
		},
		{
			"from": [0.80137, -4.31641, 3.00332],
			"to": [4.71725, 5.65334, 6.38026],
			"rotation": {"angle": 0, "axis": "y", "origin": [0.80137, 1.325, 1.73053]},
			"faces": {
				"north": {"uv": [3.125, 8.875, 3.625, 10.125], "texture": "#0"},
				"south": {"uv": [3.625, 8.875, 4.125, 10.125], "texture": "#0"},
				"west": {"uv": [3.5, 0, 4.75, 1.25], "texture": "#0"},
				"up": {"uv": [9.625, 2.75, 9.125, 1.5], "texture": "#0"},
				"down": {"uv": [9.625, 7, 9.125, 8.25], "texture": "#0"}
			}
		},
		{
			"from": [0.80137, -5.31641, 3.13026],
			"to": [15.19225, -3.31641, 24.2322],
			"rotation": {"angle": 0, "axis": "y", "origin": [0.80137, 1.325, 0.10748]},
			"faces": {
				"north": {"uv": [9.625, 8.25, 11.375, 8.5], "texture": "#0"},
				"east": {"uv": [9.25, 3.5, 11.5, 3.75], "texture": "#0"},
				"south": {"uv": [9.625, 8.5, 11.375, 8.75], "texture": "#0"},
				"west": {"uv": [9.25, 3.75, 11.5, 4], "texture": "#0"},
				"up": {"uv": [1.75, 2.25, 0, 0], "texture": "#0"},
				"down": {"uv": [3.5, 0, 1.75, 2.25], "texture": "#0"}
			}
		},
		{
			"from": [4.70775, -4.31641, 3.00332],
			"to": [15.19863, 5.65334, 6.38026],
			"rotation": {"angle": 0, "axis": "y", "origin": [15.19863, 1.325, 1.73053]},
			"faces": {
				"north": {"uv": [3.5, 1.25, 4.75, 2.5], "texture": "#0"},
				"east": {"uv": [2.25, 3.5, 3.5, 4.75], "texture": "#0"},
				"south": {"uv": [3.5, 2.5, 4.75, 3.75], "texture": "#0"},
				"up": {"uv": [6, 1.25, 4.75, 0], "texture": "#0"},
				"down": {"uv": [6, 1.25, 4.75, 2.5], "texture": "#0"}
			}
		},
		{
			"from": [14.81066, 1.72487, 13.25],
			"to": [16.81066, 5.47487, 15.25],
			"rotation": {"angle": 22.5, "axis": "z", "origin": [16.06066, 3.47487, 14.25]},
			"faces": {
				"north": {"uv": [3.875, 11.25, 4.125, 11.75], "texture": "#0"},
				"east": {"uv": [10.625, 11.375, 10.875, 11.875], "texture": "#0"},
				"south": {"uv": [11.5, 3.5, 11.75, 4], "texture": "#0"},
				"down": {"uv": [12.375, 2, 12.125, 2.25], "texture": "#0"}
			}
		},
		{
			"from": [-0.81066, 1.72487, 13.25],
			"to": [1.18934, 5.47487, 15.25],
			"rotation": {"angle": -22.5, "axis": "z", "origin": [-0.06066, 3.47487, 14.25]},
			"faces": {
				"north": {"uv": [11.5, 5.25, 11.75, 5.75], "texture": "#0"},
				"south": {"uv": [11.5, 7.75, 11.75, 8.25], "texture": "#0"},
				"west": {"uv": [11.5, 9.75, 11.75, 10.25], "texture": "#0"},
				"up": {"uv": [3.375, 12.375, 3.125, 12.125], "texture": "#0"},
				"down": {"uv": [3.625, 12.125, 3.375, 12.375], "texture": "#0"}
			}
		},
		{
			"from": [0.0132, 2.35965, 13.25],
			"to": [15.9882, 5.60965, 15.25],
			"rotation": {"angle": 0, "axis": "z", "origin": [12.9882, 4.85965, 14.25]},
			"faces": {
				"north": {"uv": [9, 0, 11, 0.375], "texture": "#0"},
				"south": {"uv": [9, 0.375, 11, 0.75], "texture": "#0"},
				"west": {"uv": [11.75, 7.75, 12, 8.125], "texture": "#0"},
				"up": {"uv": [11.25, 4.25, 9.25, 4], "texture": "#0"}
			}
		},
		{
			"from": [0.26777, -2.39645, 13.25],
			"to": [15.76777, 3.60355, 15.25],
			"rotation": {"angle": 0, "axis": "z", "origin": [15.76777, -0.14645, 14.75]},
			"faces": {
				"north": {"uv": [3.625, 5.875, 5.625, 6.625], "texture": "#0"},
				"south": {"uv": [5.625, 5.875, 7.625, 6.625], "texture": "#0"}
			}
		},
		{
			"from": [0.26777, -3.39645, 13.25],
			"to": [15.51777, -2.39645, 15.25],
			"rotation": {"angle": 0, "axis": "z", "origin": [15.76777, -0.14645, 14.75]},
			"faces": {
				"south": {"uv": [10.875, 2.875, 12.75, 3], "texture": "#0"}
			}
		},
		{
			"from": [-0.81066, 1.72487, 22.25],
			"to": [1.18934, 5.47487, 24.25],
			"rotation": {"angle": -22.5, "axis": "z", "origin": [-0.06066, 3.47487, 23.25]},
			"faces": {
				"north": {"uv": [0.5, 11.625, 0.75, 12.125], "texture": "#0"},
				"south": {"uv": [11.625, 2, 11.875, 2.5], "texture": "#0"},
				"west": {"uv": [3.125, 11.625, 3.375, 12.125], "texture": "#0"},
				"up": {"uv": [3.875, 12.375, 3.625, 12.125], "texture": "#0"},
				"down": {"uv": [4.625, 12.125, 4.375, 12.375], "texture": "#0"}
			}
		},
		{
			"from": [0.0132, 2.35965, 22.25],
			"to": [15.9882, 5.60965, 24.25],
			"rotation": {"angle": 0, "axis": "z", "origin": [12.9882, 4.85965, 23.25]},
			"faces": {
				"north": {"uv": [9, 0.75, 11, 1.125], "texture": "#0"},
				"south": {"uv": [9, 1.125, 11, 1.5], "texture": "#0"},
				"west": {"uv": [11.75, 8.125, 12, 8.5], "texture": "#0"},
				"up": {"uv": [11.625, 2.25, 9.625, 2], "texture": "#0"}
			}
		},
		{
			"from": [14.81066, 1.72487, 22.25],
			"to": [16.81066, 5.47487, 24.25],
			"rotation": {"angle": 22.5, "axis": "z", "origin": [16.06066, 3.47487, 23.25]},
			"faces": {
				"north": {"uv": [3.375, 11.625, 3.625, 12.125], "texture": "#0"},
				"east": {"uv": [3.625, 11.625, 3.875, 12.125], "texture": "#0"},
				"south": {"uv": [4.375, 11.625, 4.625, 12.125], "texture": "#0"},
				"down": {"uv": [5.125, 12.125, 4.875, 12.375], "texture": "#0"}
			}
		},
		{
			"from": [0.26777, -2.39645, 22.25],
			"to": [15.76777, 3.60355, 24.25],
			"rotation": {"angle": 0, "axis": "z", "origin": [15.76777, -0.14645, 23.75]},
			"faces": {
				"north": {"uv": [6, 0, 8, 0.75], "texture": "#0"},
				"east": {"uv": [0.25, 11.25, 0.5, 12], "texture": "#0"},
				"south": {"uv": [6, 0.75, 8, 1.5], "texture": "#0"},
				"west": {"uv": [11.25, 0.25, 11.5, 1], "texture": "#0"},
				"down": {"uv": [11.625, 7, 9.625, 7.25], "texture": "#0"}
			}
		},
		{
			"from": [0.26777, -3.39645, 22.25],
			"to": [15.51777, -2.39645, 24.25],
			"rotation": {"angle": 0, "axis": "z", "origin": [15.76777, -0.14645, 23.75]},
			"faces": {
				"east": {"uv": [12.25, 7.5, 12.5, 7.625], "texture": "#0"},
				"south": {"uv": [10.875, 3.125, 12.75, 3.25], "texture": "#0"},
				"west": {"uv": [12.25, 7.625, 12.5, 7.75], "texture": "#0"},
				"down": {"uv": [11.5, 8, 9.625, 8.25], "texture": "#0"}
			}
		},
		{
			"from": [5, -7, 4],
			"to": [11, -4, 23],
			"rotation": {"angle": 0, "axis": "y", "origin": [1, 0, 0]},
			"faces": {
				"north": {"uv": [10.125, 2.875, 10.875, 3.25], "texture": "#0"},
				"east": {"uv": [6.125, 2.75, 9.375, 3.125], "texture": "#0"},
				"south": {"uv": [5.5, 10.125, 6.25, 10.5], "texture": "#0"},
				"west": {"uv": [6.125, 3.125, 9.375, 3.5], "texture": "#0"},
				"down": {"uv": [1.5, 2.25, 0.75, 5.5], "texture": "#0"}
			}
		},
		{
			"from": [6.75, -6.75, 8.75],
			"to": [9.25, -4.5, 26],
			"rotation": {"angle": 0, "axis": "y", "origin": [7, 0, 7]},
			"faces": {
				"north": {"uv": [1, 6.375, 1.375, 6.625], "texture": "#0"},
				"east": {"uv": [6.125, 5.25, 10.5, 5.5], "texture": "#0"},
				"south": {"uv": [5.5, 8.125, 5.875, 8.375], "texture": "#0"},
				"west": {"uv": [6.125, 5.5, 10.5, 5.75], "texture": "#0"},
				"up": {"uv": [1.875, 6.625, 1.5, 2.25], "texture": "#0"},
				"down": {"uv": [2.25, 2.25, 1.875, 6.625], "texture": "#0"}
			}
		},
		{
			"from": [0.75, -11.99264, 19],
			"to": [3.25, -10.74264, 20.25],
			"rotation": {"angle": 0, "axis": "z", "origin": [1.5, -11.36764, 19.625]},
			"faces": {
				"north": {"uv": [2.5, 10.5, 2.875, 10.625], "texture": "#0"},
				"east": {"uv": [0.125, 12.5, 0.25, 12.625], "texture": "#0"},
				"south": {"uv": [11.25, 9.125, 11.625, 9.25], "texture": "#0"},
				"up": {"uv": [11.875, 4.625, 11.5, 4.5], "texture": "#0"},
				"down": {"uv": [12.25, 4.5, 11.875, 4.625], "texture": "#0"}
			}
		},
		{
			"from": [1.4, -12.85, 18.1],
			"to": [2.9, -9.85, 21.1],
			"rotation": {"angle": 0, "axis": "y", "origin": [17, -0.75, 22]},
			"faces": {
				"north": {"uv": [5.625, 11.875, 5.875, 12.25], "texture": "#0"},
				"east": {"uv": [11.375, 6.125, 11.75, 6.5], "texture": "#0"},
				"south": {"uv": [5.875, 11.875, 6.125, 12.25], "texture": "#0"},
				"west": {"uv": [8, 11.375, 8.375, 11.75], "texture": "#0"},
				"up": {"uv": [6.375, 12.25, 6.125, 11.875], "texture": "#0"},
				"down": {"uv": [7, 11.875, 6.75, 12.25], "texture": "#0"}
			}
		},
		{
			"from": [-1.02405, -12.20971, 19],
			"to": [0.22595, -10.20971, 20.25],
			"rotation": {"angle": 45, "axis": "z", "origin": [-0.39905, -9.95971, 19.625]},
			"faces": {
				"north": {"uv": [12.25, 9.25, 12.375, 9.5], "texture": "#0"},
				"east": {"uv": [12.25, 9.5, 12.375, 9.75], "texture": "#0"},
				"south": {"uv": [12.25, 9.75, 12.375, 10], "texture": "#0"},
				"west": {"uv": [10, 12.25, 10.125, 12.5], "texture": "#0"},
				"up": {"uv": [12.625, 0.5, 12.5, 0.375], "texture": "#0"}
			}
		},
		{
			"from": [-0.66421, -10.56421, 19],
			"to": [0.58579, -6.41421, 20.25],
			"rotation": {"angle": 0, "axis": "z", "origin": [-0.03921, -7.16421, 19.625]},
			"faces": {
				"north": {"uv": [4.375, 9.875, 4.5, 10.375], "texture": "#0"},
				"east": {"uv": [8, 9.875, 8.125, 10.375], "texture": "#0"},
				"south": {"uv": [2.75, 10, 2.875, 10.5], "texture": "#0"},
				"west": {"uv": [0.75, 10.375, 0.875, 10.875], "texture": "#0"},
				"down": {"uv": [12.625, 0.625, 12.5, 0.75], "texture": "#0"}
			}
		},
		{
			"from": [-1.35, -9.2, 18.35],
			"to": [1.15, -7.7, 20.85],
			"rotation": {"angle": 0, "axis": "z", "origin": [2.15, -5.55, 19.6]},
			"faces": {
				"north": {"uv": [11.875, 2.25, 12.25, 2.5], "texture": "#0"},
				"east": {"uv": [11.875, 8.5, 12.25, 8.75], "texture": "#0"},
				"south": {"uv": [11.875, 8.75, 12.25, 9], "texture": "#0"},
				"west": {"uv": [11.875, 9, 12.25, 9.25], "texture": "#0"},
				"up": {"uv": [11.75, 8.625, 11.375, 8.25], "texture": "#0"},
				"down": {"uv": [8.75, 11.375, 8.375, 11.75], "texture": "#0"}
			}
		},
		{
			"from": [-7.98959, 1.52082, 19],
			"to": [-5.98959, 2.77082, 20.25],
			"rotation": {"angle": 45, "axis": "z", "origin": [6.76041, 7.02082, 15]},
			"faces": {
				"north": {"uv": [12.25, 10, 12.5, 10.125], "texture": "#0"},
				"south": {"uv": [12.25, 10.125, 12.5, 10.25], "texture": "#0"},
				"up": {"uv": [10.875, 12.375, 10.625, 12.25], "texture": "#0"},
				"down": {"uv": [11.875, 12.25, 11.625, 12.375], "texture": "#0"}
			}
		},
		{
			"from": [0.75, -6.25, 19],
			"to": [15.25, -5, 20.25],
			"rotation": {"angle": 0, "axis": "y", "origin": [13, -0.75, 15]},
			"faces": {
				"north": {"uv": [11, 1.25, 12.875, 1.375], "texture": "#0"},
				"south": {"uv": [11, 1.375, 12.875, 1.5], "texture": "#0"},
				"up": {"uv": [11, 11.125, 9.125, 11], "texture": "#0"},
				"down": {"uv": [12.875, 11, 11, 11.125], "texture": "#0"}
			}
		},
		{
			"from": [1.4, -7.05, 18.1],
			"to": [2.9, -4.05, 21.1],
			"rotation": {"angle": 0, "axis": "y", "origin": [17, -0.75, 22]},
			"faces": {
				"north": {"uv": [10.625, 11.875, 10.875, 12.25], "texture": "#0"},
				"east": {"uv": [8.75, 11.375, 9.125, 11.75], "texture": "#0"},
				"south": {"uv": [11.875, 11.25, 12.125, 11.625], "texture": "#0"},
				"west": {"uv": [9.125, 11.375, 9.5, 11.75], "texture": "#0"},
				"down": {"uv": [0.5, 12, 0.25, 12.375], "texture": "#0"}
			}
		},
		{
			"from": [13.1, -7.05, 18.1],
			"to": [14.6, -4.05, 21.1],
			"rotation": {"angle": 0, "axis": "y", "origin": [-1, -0.75, 22]},
			"faces": {
				"north": {"uv": [2.125, 12, 2.375, 12.375], "texture": "#0"},
				"east": {"uv": [9.5, 11.375, 9.875, 11.75], "texture": "#0"},
				"south": {"uv": [2.375, 12, 2.625, 12.375], "texture": "#0"},
				"west": {"uv": [9.875, 11.375, 10.25, 11.75], "texture": "#0"},
				"down": {"uv": [3.125, 12, 2.875, 12.375], "texture": "#0"}
			}
		},
		{
			"from": [21.98959, 1.52082, 19],
			"to": [23.98959, 2.77082, 20.25],
			"rotation": {"angle": -45, "axis": "z", "origin": [9.23959, 7.02082, 15]},
			"faces": {
				"north": {"uv": [12.25, 11.625, 12.5, 11.75], "texture": "#0"},
				"south": {"uv": [12.25, 11.75, 12.5, 11.875], "texture": "#0"},
				"up": {"uv": [12.125, 12.375, 11.875, 12.25], "texture": "#0"},
				"down": {"uv": [0.25, 12.375, 0, 12.5], "texture": "#0"}
			}
		},
		{
			"from": [15.41421, -10.56421, 19],
			"to": [16.66421, -6.41421, 20.25],
			"rotation": {"angle": 0, "axis": "z", "origin": [16.03921, -7.16421, 19.625]},
			"faces": {
				"north": {"uv": [4.375, 10.375, 4.5, 10.875], "texture": "#0"},
				"east": {"uv": [8.5, 10.375, 8.625, 10.875], "texture": "#0"},
				"south": {"uv": [8.5, 10.875, 8.625, 11.375], "texture": "#0"},
				"west": {"uv": [10.25, 12, 10.375, 12.5], "texture": "#0"},
				"down": {"uv": [1.625, 12.5, 1.5, 12.625], "texture": "#0"}
			}
		},
		{
			"from": [14.85, -9.2, 18.35],
			"to": [17.35, -7.7, 20.85],
			"rotation": {"angle": 0, "axis": "z", "origin": [13.85, -5.55, 19.6]},
			"faces": {
				"north": {"uv": [11.875, 9.25, 12.25, 9.5], "texture": "#0"},
				"east": {"uv": [12, 2.5, 12.375, 2.75], "texture": "#0"},
				"south": {"uv": [12, 3.25, 12.375, 3.5], "texture": "#0"},
				"west": {"uv": [12, 3.5, 12.375, 3.75], "texture": "#0"},
				"up": {"uv": [10.625, 11.75, 10.25, 11.375], "texture": "#0"},
				"down": {"uv": [11.875, 0.25, 11.5, 0.625], "texture": "#0"}
			}
		},
		{
			"from": [15.77405, -12.20971, 19],
			"to": [17.02405, -10.20971, 20.25],
			"rotation": {"angle": -45, "axis": "z", "origin": [16.39905, -9.95971, 19.625]},
			"faces": {
				"north": {"uv": [10.125, 12.25, 10.25, 12.5], "texture": "#0"},
				"east": {"uv": [0.25, 12.375, 0.375, 12.625], "texture": "#0"},
				"south": {"uv": [0.375, 12.375, 0.5, 12.625], "texture": "#0"},
				"west": {"uv": [0.5, 12.375, 0.625, 12.625], "texture": "#0"},
				"up": {"uv": [1.75, 12.625, 1.625, 12.5], "texture": "#0"}
			}
		},
		{
			"from": [13.1, -12.85, 18.1],
			"to": [14.6, -9.85, 21.1],
			"rotation": {"angle": 0, "axis": "y", "origin": [-1, -0.75, 22]},
			"faces": {
				"north": {"uv": [12, 3.75, 12.25, 4.125], "texture": "#0"},
				"east": {"uv": [11.5, 0.625, 11.875, 1], "texture": "#0"},
				"south": {"uv": [4.125, 12, 4.375, 12.375], "texture": "#0"},
				"west": {"uv": [0.875, 11.5, 1.25, 11.875], "texture": "#0"},
				"up": {"uv": [12.25, 4.5, 12, 4.125], "texture": "#0"},
				"down": {"uv": [12.25, 4.75, 12, 5.125], "texture": "#0"}
			}
		},
		{
			"from": [12.75, -11.99264, 19],
			"to": [15.25, -10.74264, 20.25],
			"rotation": {"angle": 0, "axis": "z", "origin": [14.5, -11.36764, 19.625]},
			"faces": {
				"north": {"uv": [12, 6.625, 12.375, 6.75], "texture": "#0"},
				"south": {"uv": [12.125, 11.5, 12.5, 11.625], "texture": "#0"},
				"west": {"uv": [12.5, 2.25, 12.625, 2.375], "texture": "#0"},
				"up": {"uv": [12.625, 4.625, 12.25, 4.5], "texture": "#0"},
				"down": {"uv": [12.625, 5.25, 12.25, 5.375], "texture": "#0"}
			}
		},
		{
			"from": [0, 6, 6.25],
			"to": [1.5, 10, 7.75],
			"rotation": {"angle": 22.5, "axis": "x", "origin": [0.75, 13.25, 1.25]},
			"faces": {
				"north": {"uv": [4.875, 11.625, 5.125, 12.125], "texture": "#0"},
				"east": {"uv": [5.125, 11.625, 5.375, 12.125], "texture": "#0"},
				"south": {"uv": [7, 11.625, 7.25, 12.125], "texture": "#0"},
				"west": {"uv": [7.25, 11.625, 7.5, 12.125], "texture": "#0"}
			}
		},
		{
			"from": [4.5, 7.16761, 9.38824],
			"to": [6, 10.91761, 10.88824],
			"rotation": {"angle": 45, "axis": "x", "origin": [-2.5, 14.16761, 4.38824]},
			"faces": {
				"north": {"uv": [7.5, 11.625, 7.75, 12.125], "texture": "#0"},
				"east": {"uv": [11.625, 8.625, 11.875, 9.125], "texture": "#0"},
				"south": {"uv": [10.875, 11.625, 11.125, 12.125], "texture": "#0"},
				"west": {"uv": [11.125, 11.625, 11.375, 12.125], "texture": "#0"}
			}
		},
		{
			"from": [10, 6.91761, 9.38824],
			"to": [11.5, 10.91761, 10.88824],
			"rotation": {"angle": 45, "axis": "x", "origin": [18.5, 14.16761, 4.38824]},
			"faces": {
				"north": {"uv": [11.625, 11.25, 11.875, 11.75], "texture": "#0"},
				"east": {"uv": [11.375, 11.625, 11.625, 12.125], "texture": "#0"},
				"south": {"uv": [11.75, 3.5, 12, 4], "texture": "#0"},
				"west": {"uv": [3.875, 11.75, 4.125, 12.25], "texture": "#0"}
			}
		},
		{
			"from": [9.25, 2.87166, 2.97403],
			"to": [12.25, 5.87166, 4.97403],
			"rotation": {"angle": 0, "axis": "x", "origin": [8, 4.62166, 2.97403]},
			"faces": {
				"north": {"uv": [1.25, 11.5, 1.625, 11.875], "texture": "#0"},
				"east": {"uv": [12, 5.125, 12.25, 5.5], "texture": "#0"},
				"south": {"uv": [1.625, 11.5, 2, 11.875], "texture": "#0"},
				"west": {"uv": [12, 5.5, 12.25, 5.875], "texture": "#0"},
				"up": {"uv": [12.375, 6.125, 12, 5.875], "texture": "#0"}
			}
		},
		{
			"from": [3.75, 3.87166, 2.97403],
			"to": [6.75, 5.87166, 4.97403],
			"rotation": {"angle": 0, "axis": "x", "origin": [8, 4.62166, 2.97403]},
			"faces": {
				"north": {"uv": [6.375, 12, 6.75, 12.25], "texture": "#0"},
				"east": {"uv": [8.25, 12.125, 8.5, 12.375], "texture": "#0"},
				"south": {"uv": [12, 6.375, 12.375, 6.625], "texture": "#0"},
				"west": {"uv": [8.5, 12.125, 8.75, 12.375], "texture": "#0"},
				"up": {"uv": [12.375, 7.25, 12, 7], "texture": "#0"}
			}
		},
		{
			"from": [0, 6.83397, 4.62568],
			"to": [1.5, 8.33397, 7.12568],
			"rotation": {"angle": 0, "axis": "x", "origin": [0.75, 7.58397, 6.62568]},
			"faces": {
				"east": {"uv": [5.375, 12.25, 5.75, 12.375], "texture": "#0"},
				"south": {"uv": [12.375, 1.5, 12.625, 1.625], "texture": "#0"},
				"west": {"uv": [12.25, 5.375, 12.625, 5.5], "texture": "#0"},
				"up": {"uv": [12.25, 7.875, 12, 7.5], "texture": "#0"},
				"down": {"uv": [12.25, 7.875, 12, 8.25], "texture": "#0"}
			}
		},
		{
			"from": [14.5, 6.83397, 4.62568],
			"to": [16, 8.33397, 7.12568],
			"rotation": {"angle": 0, "axis": "x", "origin": [15.25, 7.58397, 6.62568]},
			"faces": {
				"east": {"uv": [12.25, 5.5, 12.625, 5.625], "texture": "#0"},
				"south": {"uv": [12.375, 1.75, 12.625, 1.875], "texture": "#0"},
				"west": {"uv": [12.25, 5.625, 12.625, 5.75], "texture": "#0"},
				"up": {"uv": [12.25, 9.875, 12, 9.5], "texture": "#0"},
				"down": {"uv": [12.25, 9.875, 12, 10.25], "texture": "#0"}
			}
		},
		{
			"from": [1.5, 6.83397, 5.62568],
			"to": [14.5, 8.33397, 7.12568],
			"rotation": {"angle": 0, "axis": "x", "origin": [15.25, 7.58397, 6.62568]},
			"faces": {
				"north": {"uv": [2, 7, 3.625, 7.125], "texture": "#0"},
				"south": {"uv": [11.125, 10.25, 12.75, 10.375], "texture": "#0"},
				"up": {"uv": [11.25, 9, 9.625, 8.75], "texture": "#0"},
				"down": {"uv": [11.25, 9, 9.625, 9.25], "texture": "#0"}
			}
		},
		{
			"from": [14.5, 6, 6.25],
			"to": [16, 10, 7.75],
			"rotation": {"angle": 22.5, "axis": "x", "origin": [15.25, 13.25, 1.25]},
			"faces": {
				"north": {"uv": [11.75, 4, 12, 4.5], "texture": "#0"},
				"east": {"uv": [11.75, 5.25, 12, 5.75], "texture": "#0"},
				"south": {"uv": [11.75, 5.75, 12, 6.25], "texture": "#0"},
				"west": {"uv": [11.75, 6.25, 12, 6.75], "texture": "#0"}
			}
		},
		{
			"from": [14.395, 3.66279, 11.87017],
			"to": [15.64, 5.32279, 13.11517],
			"rotation": {"angle": 0, "axis": "x", "origin": [15.0175, 8.02029, 7.72017]},
			"faces": {
				"north": {"uv": [0.875, 12.375, 1, 12.625], "texture": "#0"},
				"east": {"uv": [2.125, 12.375, 2.25, 12.625], "texture": "#0"},
				"south": {"uv": [2.25, 12.375, 2.375, 12.625], "texture": "#0"},
				"west": {"uv": [2.375, 12.375, 2.5, 12.625], "texture": "#0"}
			}
		},
		{
			"from": [14.395, -2.13679, 11.17826],
			"to": [15.64, -0.06179, 12.42326],
			"rotation": {"angle": -45, "axis": "x", "origin": [15.0175, 2.63571, 7.02826]},
			"faces": {
				"north": {"uv": [2.5, 12.375, 2.625, 12.625], "texture": "#0"},
				"east": {"uv": [12.375, 2.5, 12.5, 2.75], "texture": "#0"},
				"south": {"uv": [2.625, 12.375, 2.75, 12.625], "texture": "#0"},
				"west": {"uv": [2.75, 12.375, 2.875, 12.625], "texture": "#0"}
			}
		},
		{
			"from": [14.395, 6.50025, 14.25065],
			"to": [15.64, 9.19775, 15.49565],
			"rotation": {"angle": 22.5, "axis": "x", "origin": [15.0175, 11.89525, 10.10065]},
			"faces": {
				"north": {"uv": [4.625, 5.5, 4.75, 5.875], "texture": "#0"},
				"east": {"uv": [6, 2.125, 6.125, 2.5], "texture": "#0"},
				"south": {"uv": [8, 1.75, 8.125, 2.125], "texture": "#0"},
				"west": {"uv": [0.75, 10.875, 0.875, 11.25], "texture": "#0"}
			}
		},
		{
			"from": [14.395, 6.56995, 12.90246],
			"to": [15.64, 7.81495, 14.96246],
			"rotation": {"angle": 0, "axis": "x", "origin": [15.0175, 7.19245, 16.47246]},
			"faces": {
				"east": {"uv": [12.375, 2.125, 12.625, 2.25], "texture": "#0"},
				"south": {"uv": [12.5, 3.75, 12.625, 3.875], "texture": "#0"},
				"west": {"uv": [12.375, 2.75, 12.625, 2.875], "texture": "#0"},
				"up": {"uv": [3, 12.625, 2.875, 12.375], "texture": "#0"},
				"down": {"uv": [3.125, 12.375, 3, 12.625], "texture": "#0"}
			}
		},
		{
			"from": [9.66, 4.83903, 13.71839],
			"to": [10.905, 6.58128, 14.96339],
			"rotation": {"angle": 0, "axis": "x", "origin": [8, 6.33303, 15.04089]},
			"faces": {
				"north": {"uv": [3.125, 12.375, 3.25, 12.625], "texture": "#0"},
				"east": {"uv": [3.25, 12.375, 3.375, 12.625], "texture": "#0"},
				"south": {"uv": [12.375, 3.25, 12.5, 3.5], "texture": "#0"},
				"west": {"uv": [3.375, 12.375, 3.5, 12.625], "texture": "#0"},
				"up": {"uv": [4, 12.625, 3.875, 12.5], "texture": "#0"}
			}
		},
		{
			"from": [1.605, 6.56995, 13.71746],
			"to": [14.395, 7.81495, 14.96246],
			"rotation": {"angle": 0, "axis": "x", "origin": [14.0175, 7.19245, 16.47246]},
			"faces": {
				"north": {"uv": [11.125, 10.375, 12.75, 10.5], "texture": "#0"},
				"south": {"uv": [11.125, 10.5, 12.75, 10.625], "texture": "#0"},
				"up": {"uv": [12.75, 10.75, 11.125, 10.625], "texture": "#0"},
				"down": {"uv": [12.75, 10.75, 11.125, 10.875], "texture": "#0"}
			}
		},
		{
			"from": [5.095, 4.88053, 13.71839],
			"to": [6.34, 6.58128, 14.96339],
			"rotation": {"angle": 0, "axis": "x", "origin": [8, 6.33303, 15.04089]},
			"faces": {
				"north": {"uv": [3.5, 12.375, 3.625, 12.625], "texture": "#0"},
				"east": {"uv": [12.375, 3.5, 12.5, 3.75], "texture": "#0"},
				"south": {"uv": [3.625, 12.375, 3.75, 12.625], "texture": "#0"},
				"west": {"uv": [3.75, 12.375, 3.875, 12.625], "texture": "#0"},
				"up": {"uv": [4.25, 12.625, 4.125, 12.5], "texture": "#0"}
			}
		},
		{
			"from": [0.36, 6.50025, 14.25065],
			"to": [1.605, 9.19775, 15.49565],
			"rotation": {"angle": 22.5, "axis": "x", "origin": [0.9825, 11.89525, 10.10065]},
			"faces": {
				"north": {"uv": [4.375, 10.875, 4.5, 11.25], "texture": "#0"},
				"east": {"uv": [2, 11.5, 2.125, 11.875], "texture": "#0"},
				"south": {"uv": [11.625, 5.75, 11.75, 6.125], "texture": "#0"},
				"west": {"uv": [2, 12.25, 2.125, 12.625], "texture": "#0"}
			}
		},
		{
			"from": [0.36, 6.56995, 12.90246],
			"to": [1.605, 7.81495, 14.96246],
			"rotation": {"angle": 0, "axis": "x", "origin": [0.9825, 7.19245, 16.47246]},
			"faces": {
				"east": {"uv": [4.125, 12.375, 4.375, 12.5], "texture": "#0"},
				"south": {"uv": [12.5, 4.375, 12.625, 4.5], "texture": "#0"},
				"west": {"uv": [4.375, 12.375, 4.625, 12.5], "texture": "#0"},
				"up": {"uv": [4.75, 12.625, 4.625, 12.375], "texture": "#0"},
				"down": {"uv": [4.875, 12.375, 4.75, 12.625], "texture": "#0"}
			}
		},
		{
			"from": [0.36, 3.66279, 11.87017],
			"to": [1.605, 5.32279, 13.11517],
			"rotation": {"angle": 0, "axis": "x", "origin": [0.9825, 8.02029, 7.72017]},
			"faces": {
				"north": {"uv": [4.875, 12.375, 5, 12.625], "texture": "#0"},
				"east": {"uv": [5, 12.375, 5.125, 12.625], "texture": "#0"},
				"south": {"uv": [5.125, 12.375, 5.25, 12.625], "texture": "#0"},
				"west": {"uv": [5.25, 12.375, 5.375, 12.625], "texture": "#0"}
			}
		},
		{
			"from": [0.36, -2.13679, 11.17826],
			"to": [1.605, -0.06179, 12.42326],
			"rotation": {"angle": -45, "axis": "x", "origin": [0.9825, 2.63571, 7.02826]},
			"faces": {
				"north": {"uv": [5.375, 12.375, 5.5, 12.625], "texture": "#0"},
				"east": {"uv": [5.5, 12.375, 5.625, 12.625], "texture": "#0"},
				"south": {"uv": [5.625, 12.375, 5.75, 12.625], "texture": "#0"},
				"west": {"uv": [12.375, 5.875, 12.5, 6.125], "texture": "#0"}
			}
		},
		{
			"from": [9.0375, 3.28123, 13.50384],
			"to": [11.5275, 5.77123, 15.10159],
			"rotation": {"angle": 0, "axis": "x", "origin": [8, 4.73373, 13.44159]},
			"faces": {
				"north": {"uv": [9.25, 12.125, 9.5, 12.375], "texture": "#0"},
				"east": {"uv": [9.5, 12.125, 9.75, 12.375], "texture": "#0"},
				"south": {"uv": [9.75, 12.125, 10, 12.375], "texture": "#0"},
				"west": {"uv": [10.375, 12.125, 10.625, 12.375], "texture": "#0"},
				"up": {"uv": [11.125, 12.375, 10.875, 12.125], "texture": "#0"}
			}
		},
		{
			"from": [4.4725, 4.11123, 13.50384],
			"to": [6.9625, 5.77123, 15.10159],
			"rotation": {"angle": 0, "axis": "x", "origin": [8, 4.73373, 13.44159]},
			"faces": {
				"north": {"uv": [12.125, 11.25, 12.375, 11.5], "texture": "#0"},
				"east": {"uv": [11.375, 12.125, 11.625, 12.375], "texture": "#0"},
				"south": {"uv": [12.125, 11.875, 12.375, 12.125], "texture": "#0"},
				"west": {"uv": [12.125, 12.125, 12.375, 12.375], "texture": "#0"},
				"up": {"uv": [12.5, 0.5, 12.25, 0.25], "texture": "#0"}
			}
		},
		{
			"from": [0.36, 3.66279, 20.87017],
			"to": [1.605, 5.32279, 22.11517],
			"rotation": {"angle": 0, "axis": "x", "origin": [0.9825, 8.02029, 16.72017]},
			"faces": {
				"north": {"uv": [12.375, 6.125, 12.5, 6.375], "texture": "#0"},
				"east": {"uv": [12.375, 6.375, 12.5, 6.625], "texture": "#0"},
				"south": {"uv": [6.75, 12.375, 6.875, 12.625], "texture": "#0"},
				"west": {"uv": [6.875, 12.375, 7, 12.625], "texture": "#0"}
			}
		},
		{
			"from": [0.36, -2.13679, 20.17826],
			"to": [1.605, -0.06179, 21.42326],
			"rotation": {"angle": -45, "axis": "x", "origin": [0.9825, 2.63571, 16.02826]},
			"faces": {
				"north": {"uv": [7, 12.375, 7.125, 12.625], "texture": "#0"},
				"east": {"uv": [12.375, 7, 12.5, 7.25], "texture": "#0"},
				"south": {"uv": [7.125, 12.375, 7.25, 12.625], "texture": "#0"},
				"west": {"uv": [7.25, 12.375, 7.375, 12.625], "texture": "#0"}
			}
		},
		{
			"from": [0.36, 6.56995, 21.90246],
			"to": [1.605, 7.81495, 23.96246],
			"rotation": {"angle": 0, "axis": "x", "origin": [0.9825, 7.19245, 25.47246]},
			"faces": {
				"east": {"uv": [12.375, 4.625, 12.625, 4.75], "texture": "#0"},
				"south": {"uv": [12.5, 6.25, 12.625, 6.375], "texture": "#0"},
				"west": {"uv": [12.375, 6.625, 12.625, 6.75], "texture": "#0"},
				"up": {"uv": [12.5, 7.5, 12.375, 7.25], "texture": "#0"},
				"down": {"uv": [7.5, 12.375, 7.375, 12.625], "texture": "#0"}
			}
		},
		{
			"from": [0.36, 6.50025, 23.25065],
			"to": [1.605, 9.19775, 24.49565],
			"rotation": {"angle": 22.5, "axis": "x", "origin": [0.9825, 11.89525, 19.10065]},
			"faces": {
				"north": {"uv": [5.75, 12.25, 5.875, 12.625], "texture": "#0"},
				"east": {"uv": [5.875, 12.25, 6, 12.625], "texture": "#0"},
				"south": {"uv": [6, 12.25, 6.125, 12.625], "texture": "#0"},
				"west": {"uv": [6.125, 12.25, 6.25, 12.625], "texture": "#0"}
			}
		},
		{
			"from": [1.605, 6.56995, 22.71746],
			"to": [14.395, 7.81495, 23.96246],
			"rotation": {"angle": 0, "axis": "x", "origin": [14.0175, 7.19245, 25.47246]},
			"faces": {
				"north": {"uv": [10.875, 11.125, 12.5, 11.25], "texture": "#0"},
				"south": {"uv": [11.125, 10.875, 12.75, 11], "texture": "#0"},
				"up": {"uv": [12.875, 0.125, 11.25, 0], "texture": "#0"},
				"down": {"uv": [12.875, 0.125, 11.25, 0.25], "texture": "#0"}
			}
		},
		{
			"from": [14.395, 6.56995, 21.90246],
			"to": [15.64, 7.81495, 23.96246],
			"rotation": {"angle": 0, "axis": "x", "origin": [15.0175, 7.19245, 25.47246]},
			"faces": {
				"east": {"uv": [7.5, 12.375, 7.75, 12.5], "texture": "#0"},
				"south": {"uv": [12.5, 7.375, 12.625, 7.5], "texture": "#0"},
				"west": {"uv": [7.75, 12.375, 8, 12.5], "texture": "#0"},
				"up": {"uv": [8.125, 12.625, 8, 12.375], "texture": "#0"},
				"down": {"uv": [8.25, 12.375, 8.125, 12.625], "texture": "#0"}
			}
		},
		{
			"from": [14.395, 6.50025, 23.25065],
			"to": [15.64, 9.19775, 24.49565],
			"rotation": {"angle": 22.5, "axis": "x", "origin": [15.0175, 11.89525, 19.10065]},
			"faces": {
				"north": {"uv": [6.25, 12.25, 6.375, 12.625], "texture": "#0"},
				"east": {"uv": [6.375, 12.25, 6.5, 12.625], "texture": "#0"},
				"south": {"uv": [6.5, 12.25, 6.625, 12.625], "texture": "#0"},
				"west": {"uv": [6.625, 12.25, 6.75, 12.625], "texture": "#0"}
			}
		},
		{
			"from": [14.395, 3.66279, 20.87017],
			"to": [15.64, 5.32279, 22.11517],
			"rotation": {"angle": 0, "axis": "x", "origin": [15.0175, 8.02029, 16.72017]},
			"faces": {
				"north": {"uv": [8.25, 12.375, 8.375, 12.625], "texture": "#0"},
				"east": {"uv": [12.375, 8.25, 12.5, 8.5], "texture": "#0"},
				"south": {"uv": [8.375, 12.375, 8.5, 12.625], "texture": "#0"},
				"west": {"uv": [8.5, 12.375, 8.625, 12.625], "texture": "#0"}
			}
		},
		{
			"from": [14.395, -2.13679, 20.17826],
			"to": [15.64, -0.06179, 21.42326],
			"rotation": {"angle": -45, "axis": "x", "origin": [15.0175, 2.63571, 16.02826]},
			"faces": {
				"north": {"uv": [12.375, 8.5, 12.5, 8.75], "texture": "#0"},
				"east": {"uv": [8.625, 12.375, 8.75, 12.625], "texture": "#0"},
				"south": {"uv": [8.75, 12.375, 8.875, 12.625], "texture": "#0"},
				"west": {"uv": [8.875, 12.375, 9, 12.625], "texture": "#0"}
			}
		},
		{
			"from": [9.66, 4.83903, 22.71839],
			"to": [10.905, 6.58128, 23.96339],
			"rotation": {"angle": 0, "axis": "x", "origin": [8, 6.33303, 24.04089]},
			"faces": {
				"north": {"uv": [9, 12.375, 9.125, 12.625], "texture": "#0"},
				"east": {"uv": [9.125, 12.375, 9.25, 12.625], "texture": "#0"},
				"south": {"uv": [9.25, 12.375, 9.375, 12.625], "texture": "#0"},
				"west": {"uv": [12.375, 9.25, 12.5, 9.5], "texture": "#0"},
				"up": {"uv": [8, 12.625, 7.875, 12.5], "texture": "#0"}
			}
		},
		{
			"from": [11.91, 4.58903, 4.71839],
			"to": [13.155, 6.33128, 5.96339],
			"rotation": {"angle": 0, "axis": "x", "origin": [8, 6.33303, 24.04089]},
			"faces": {
				"north": {"uv": [9.375, 12.375, 9.5, 12.625], "texture": "#0"},
				"east": {"uv": [9.5, 12.375, 9.625, 12.625], "texture": "#0"},
				"south": {"uv": [12.375, 9.5, 12.5, 9.75], "texture": "#0"},
				"west": {"uv": [9.625, 12.375, 9.75, 12.625], "texture": "#0"},
				"up": {"uv": [12.625, 8.125, 12.5, 8], "texture": "#0"}
			}
		},
		{
			"from": [2.91, 4.58903, 4.71839],
			"to": [4.155, 6.33128, 5.96339],
			"rotation": {"angle": 0, "axis": "x", "origin": [8, 6.33303, 24.04089]},
			"faces": {
				"north": {"uv": [9.75, 12.375, 9.875, 12.625], "texture": "#0"},
				"east": {"uv": [12.375, 9.75, 12.5, 10], "texture": "#0"},
				"south": {"uv": [9.875, 12.375, 10, 12.625], "texture": "#0"},
				"west": {"uv": [10.375, 12.375, 10.5, 12.625], "texture": "#0"},
				"up": {"uv": [12.625, 8.375, 12.5, 8.25], "texture": "#0"}
			}
		},
		{
			"from": [7.3775, 4.58903, 4.71839],
			"to": [8.6225, 6.33128, 5.96339],
			"rotation": {"angle": 0, "axis": "x", "origin": [12.4675, 6.33303, 24.04089]},
			"faces": {
				"north": {"uv": [9.75, 12.375, 9.875, 12.625], "texture": "#0"},
				"east": {"uv": [12.375, 9.75, 12.5, 10], "texture": "#0"},
				"south": {"uv": [9.875, 12.375, 10, 12.625], "texture": "#0"},
				"west": {"uv": [10.375, 12.375, 10.5, 12.625], "texture": "#0"},
				"up": {"uv": [12.625, 8.375, 12.5, 8.25], "texture": "#0"}
			}
		},
		{
			"from": [2.91, 4.58903, 13.71839],
			"to": [4.155, 6.33128, 14.96339],
			"rotation": {"angle": 0, "axis": "x", "origin": [8, 6.33303, 24.04089]},
			"faces": {
				"north": {"uv": [10.5, 12.375, 10.625, 12.625], "texture": "#0"},
				"east": {"uv": [10.625, 12.375, 10.75, 12.625], "texture": "#0"},
				"south": {"uv": [10.75, 12.375, 10.875, 12.625], "texture": "#0"},
				"west": {"uv": [10.875, 12.375, 11, 12.625], "texture": "#0"},
				"up": {"uv": [12.625, 8.625, 12.5, 8.5], "texture": "#0"}
			}
		},
		{
			"from": [7.3775, 4.58903, 13.71839],
			"to": [8.6225, 6.33128, 14.96339],
			"rotation": {"angle": 0, "axis": "x", "origin": [12.4675, 6.33303, 24.04089]},
			"faces": {
				"north": {"uv": [10.5, 12.375, 10.625, 12.625], "texture": "#0"},
				"east": {"uv": [10.625, 12.375, 10.75, 12.625], "texture": "#0"},
				"south": {"uv": [10.75, 12.375, 10.875, 12.625], "texture": "#0"},
				"west": {"uv": [10.875, 12.375, 11, 12.625], "texture": "#0"},
				"up": {"uv": [12.625, 8.625, 12.5, 8.5], "texture": "#0"}
			}
		},
		{
			"from": [11.91, 4.58903, 13.71839],
			"to": [13.155, 6.33128, 14.96339],
			"rotation": {"angle": 0, "axis": "x", "origin": [8, 6.33303, 24.04089]},
			"faces": {
				"north": {"uv": [11, 12.375, 11.125, 12.625], "texture": "#0"},
				"east": {"uv": [11.125, 12.375, 11.25, 12.625], "texture": "#0"},
				"south": {"uv": [11.25, 12.375, 11.375, 12.625], "texture": "#0"},
				"west": {"uv": [12.375, 11.25, 12.5, 11.5], "texture": "#0"},
				"up": {"uv": [12.625, 8.875, 12.5, 8.75], "texture": "#0"}
			}
		},
		{
			"from": [9.0375, 3.28123, 22.50384],
			"to": [11.5275, 5.77123, 24.10159],
			"rotation": {"angle": 0, "axis": "x", "origin": [8, 4.73373, 22.44159]},
			"faces": {
				"north": {"uv": [12.25, 0.75, 12.5, 1], "texture": "#0"},
				"east": {"uv": [1, 12.25, 1.25, 12.5], "texture": "#0"},
				"south": {"uv": [1.25, 12.25, 1.5, 12.5], "texture": "#0"},
				"west": {"uv": [1.5, 12.25, 1.75, 12.5], "texture": "#0"},
				"up": {"uv": [2, 12.5, 1.75, 12.25], "texture": "#0"}
			}
		},
		{
			"from": [5.095, 4.88053, 22.71839],
			"to": [6.34, 6.58128, 23.96339],
			"rotation": {"angle": 0, "axis": "x", "origin": [8, 6.33303, 24.04089]},
			"faces": {
				"north": {"uv": [11.375, 12.375, 11.5, 12.625], "texture": "#0"},
				"east": {"uv": [11.5, 12.375, 11.625, 12.625], "texture": "#0"},
				"south": {"uv": [11.625, 12.375, 11.75, 12.625], "texture": "#0"},
				"west": {"uv": [11.75, 12.375, 11.875, 12.625], "texture": "#0"},
				"up": {"uv": [12.625, 9.125, 12.5, 9], "texture": "#0"}
			}
		},
		{
			"from": [4.4725, 4.11123, 22.50384],
			"to": [6.9625, 5.77123, 24.10159],
			"rotation": {"angle": 0, "axis": "x", "origin": [8, 4.73373, 22.44159]},
			"faces": {
				"north": {"uv": [12.25, 3.75, 12.5, 4], "texture": "#0"},
				"east": {"uv": [3.875, 12.25, 4.125, 12.5], "texture": "#0"},
				"south": {"uv": [12.25, 4, 12.5, 4.25], "texture": "#0"},
				"west": {"uv": [12.25, 4.25, 12.5, 4.5], "texture": "#0"},
				"up": {"uv": [12.5, 5, 12.25, 4.75], "texture": "#0"}
			}
		},
		{
			"from": [0, -3.5, 18.5],
			"to": [16, 0, 23],
			"faces": {
				"north": {"uv": [0, 6.625, 2, 7.125], "texture": "#0"},
				"up": {"uv": [8, 2.125, 6, 1.5], "texture": "#0"}
			}
		},
		{
			"from": [0, -3.5, 9.5],
			"to": [16, 0, 13.5],
			"faces": {
				"north": {"uv": [5.625, 6.625, 7.625, 7.125], "texture": "#0"},
				"up": {"uv": [4, 7.625, 2, 7.125], "texture": "#0"}
			}
		}
	],
	"display": {
		"firstperson_righthand": {
			"translation": [0, 2.5, 0]
		},
		"ground": {
			"translation": [0, 4.5, 0],
			"scale": [0.5, 0.5, 0.5]
		},
		"gui": {
			"rotation": [23, 145, 0],
			"translation": [-1.25, 4.5, 0],
			"scale": [0.6, 0.6, 0.6]
		},
		"head": {
			"translation": [0, 17.75, -2.25],
			"scale": [2.5, 2.5, 2.5]
		},
		"fixed": {
			"translation": [0, 8, 0]
		}
	},
	"groups": [
		{
			"name": "FRONT",
			"origin": [0, 0, 0],
			"color": 0,
			"children": [
				0,
				1,
				2,
				3,
				4,
				5,
				6,
				7,
				8,
				9,
				10,
				11,
				12,
				13,
				14,
				15,
				16,
				17,
				18,
				19,
				20,
				21,
				22,
				23,
				24,
				25,
				26,
				27,
				28,
				29,
				30,
				31,
				32,
				33,
				34,
				35,
				36,
				37,
				38,
				39,
				40,
				41,
				42,
				43,
				44,
				45,
				46,
				47,
				48,
				49,
				50,
				51,
				52,
				53,
				54,
				55,
				56,
				57,
				58,
				59,
				60,
				61,
				62,
				63,
				64,
				65,
				66,
				67,
				68,
				69,
				70,
				71,
				72,
				73,
				74,
				75,
				76,
				77,
				78,
				79,
				80,
				81,
				82
			]
		}
	]
}