{
    "providers": [
        {
            "type": "bitmap",
            "file": "minecraft:font/sagemc.png",
            "ascent": 192,
            "height": 192,
            "chars": ["\uE100"]
        },
        {
            "type": "bitmap",
            "file": "minecraft:font/spookslot.png",
            "ascent": 10,
            "height": 15,
            "chars": ["\uE000"]
        },
        {
            "type": "bitmap",
            "file": "minecraft:font/creative.png",
            "ascent": 8,
            "height": 9,
            "chars": ["\uE001"]
        },
        {
            "type": "bitmap",
            "file": "minecraft:font/survival.png",
            "ascent": 8,
            "height": 9,
            "chars": ["\uE002"]
        },
        {
            "type": "bitmap",
            "file": "minecraft:font/lobby.png",
            "ascent": 8,
            "height": 9,
            "chars": ["\uE003"]
        },
        {
            "type": "bitmap",
            "file": "minecraft:font/event.png",
            "ascent": 8,
            "height": 9,
            "chars": ["\uE004"]
        },
        {
            "type": "bitmap",
            "file": "minecraft:font/tier0.png",
            "ascent": 8,
            "height": 9,
            "chars": ["\uE005"]
        },
        {
            "type": "bitmap",
            "file": "minecraft:font/tier1.png",
            "ascent": 8,
            "height": 9,
            "chars": ["\uE006"]
        },
        {
            "type": "bitmap",
            "file": "minecraft:font/tier2.png",
            "ascent": 8,
            "height": 9,
            "chars": ["\uE007"]
        },
        {
            "type": "bitmap",
            "file": "minecraft:font/tier3.png",
            "ascent": 8,
            "height": 9,
            "chars": ["\uE008"]
        },
        {
            "type": "bitmap",
            "file": "minecraft:font/tier4.png",
            "ascent": 8,
            "height": 9,
            "chars": ["\uE009"]
        },
        {
            "type": "bitmap",
            "file": "minecraft:font/team.png",
            "ascent": 8,
            "height": 9,
            "chars": ["\uE010"]
        },
        {
            "type": "bitmap",
            "file": "minecraft:font/helper.png",
            "ascent": 8,
            "height": 9,
            "chars": ["\uE011"]
        },
        {
            "type": "bitmap",
            "file": "minecraft:font/nitro.png",
            "ascent": 8,
            "height": 9,
            "chars": ["\uE012"]
        },
        {
            "type": "bitmap",
            "file": "minecraft:font/flag_uk.png",
            "ascent": 8,
            "height": 8,
            "chars": ["\uA001"]
        },
        {
            "type": "bitmap",
            "file": "minecraft:font/flag_be.png",
            "ascent": 8,
            "height": 8,
            "chars": ["\uA002"]
        },
        {
            "type": "bitmap",
            "file": "minecraft:font/flag_de.png",
            "ascent": 8,
            "height": 8,
            "chars": ["\uA003"]
        },
        {
            "type": "bitmap",
            "file": "minecraft:font/flag_us.png",
            "ascent": 8,
            "height": 8,
            "chars": ["\uA004"]
        },
        {
            "type": "bitmap",
            "file": "minecraft:font/flag_it.png",
            "ascent": 8,
            "height": 8,
            "chars": ["\uA005"]
        },
        {
            "type": "bitmap",
            "file": "minecraft:font/flag_fr.png",
            "ascent": 8,
            "height": 8,
            "chars": ["\uA006"]
        },
        {
            "type": "bitmap",
            "file": "minecraft:font/flag_nl.png",
            "ascent": 8,
            "height": 8,
            "chars": ["\uA007"]
        },
        {
            "type": "bitmap",
            "file": "minecraft:gui/game_screen/popup-1.png",
            "ascent": 100,
            "height": 100,
            "chars": ["\uA008"]
        },
        { 
            "type": "bitmap", 
            "file": "minecraft:gui/negative_space.png", 
            "height": -3, 
            "ascent": -9999, 
            "chars": [ "󼰀" ] 
        },
        { 
            "type": "bitmap", 
            "file": "minecraft:gui/negative_space.png", 
            "height": 450, 
            "ascent": -9999, 
            "chars": [ "\uC000" ] 
        },
        { 
            "type": "bitmap", 
            "file": "minecraft:gui/negative_space.png", 
            "height": -50, 
            "ascent": -9999, 
            "chars": [ "󼰁" ] 
        },
        { 
            "type": "bitmap",
            "file": "minecraft:gui/negative_space.png", 
            "height": -259, 
            "ascent": -9999, 
            "chars": [ "󼰂" ] 
        },
        { 
            "type": "bitmap", 
            "file": "minecraft:gui/negative_space.png", 
            "height": -211, 
            "ascent": -9999, 
            "chars": [ "󼰃" ] 
        },
        { 
            "type": "bitmap", 
            "file": "minecraft:gui/game_screen/backdrop.png", 
            "height": 256, 
            "ascent": 31, 
            "chars": [ "󼱀" ] 
        }
    ]
}