{
    "providers": [
        {
            "type": "bitmap",
            "file": "minecraft:font/sagemc.png",
            "ascent": 192,
            "height": 192,
            "chars": ["\uE100"]
        },
        {
            "type": "bitmap",
            "file": "minecraft:font/spookslot.png",
            "ascent": 10,
            "height": 15,
            "chars": ["\uE000"]
        },
        {
            "type": "bitmap",
            "file": "minecraft:font/creative.png",
            "ascent": 8,
            "height": 9,
            "chars": ["\uE001"]
        },
        {
            "type": "bitmap",
            "file": "minecraft:font/survival.png",
            "ascent": 8,
            "height": 9,
            "chars": ["\uE002"]
        },
        {
            "type": "bitmap",
            "file": "minecraft:font/lobby.png",
            "ascent": 8,
            "height": 9,
            "chars": ["\uE003"]
        },
        {
            "type": "bitmap",
            "file": "minecraft:font/event.png",
            "ascent": 8,
            "height": 9,
            "chars": ["\uE004"]
        },
        {
            "type": "bitmap",
            "file": "minecraft:font/tier0.png",
            "ascent": 8,
            "height": 9,
            "chars": ["\uE005"]
        },
        {
            "type": "bitmap",
            "file": "minecraft:font/tier1.png",
            "ascent": 8,
            "height": 9,
            "chars": ["\uE006"]
        },
        {
            "type": "bitmap",
            "file": "minecraft:font/tier2.png",
            "ascent": 8,
            "height": 9,
            "chars": ["\uE007"]
        },
        {
            "type": "bitmap",
            "file": "minecraft:font/tier3.png",
            "ascent": 8,
            "height": 9,
            "chars": ["\uE008"]
        },
        {
            "type": "bitmap",
            "file": "minecraft:font/tier4.png",
            "ascent": 8,
            "height": 9,
            "chars": ["\uE009"]
        },
        {
            "type": "bitmap",
            "file": "minecraft:font/team.png",
            "ascent": 8,
            "height": 9,
            "chars": ["\uE010"]
        },
        {
            "type": "bitmap",
            "file": "minecraft:font/helper.png",
            "ascent": 8,
            "height": 9,
            "chars": ["\uE011"]
        },
        {
            "type": "bitmap",
            "file": "minecraft:font/nitro.png",
            "ascent": 8,
            "height": 9,
            "chars": ["\uE012"]
        }
    ]
}